Horario,Tentativas,Status,Ultima_String,Ultimo_Hash
---,---,META,RECUPERAR_SENHA,ae27918d
Thu Jan  1 13:53:27 2026,500000,EM_ANDAMENTO,2UR,580a291b
Thu Jan  1 13:53:28 2026,1000000,EM_ANDAMENTO,PtlpewQ,828b0d97
Thu Jan  1 13:53:30 2026,1500000,EM_ANDAMENTO,V0LlaK630rLu,64c2fcd9
Thu Jan  1 13:53:31 2026,2000000,EM_ANDAMENTO,Ic,c0df7b96
Thu Jan  1 13:53:33 2026,2500000,EM_ANDAMENTO,efI2BkpTg,5587062e
Thu Jan  1 13:53:34 2026,3000000,EM_ANDAMENTO,D6X,d584eee5
Thu Jan  1 13:53:36 2026,3500000,EM_ANDAMENTO,PFurWD,4252259e
Thu Jan  1 13:53:37 2026,4000000,EM_ANDAMENTO,XFstJ,f3bcf766
Thu Jan  1 13:53:39 2026,4500000,EM_ANDAMENTO,QNrdbB,599cfc56
Thu Jan  1 13:53:40 2026,5000000,EM_ANDAMENTO,lYRCpdIUCIX,8fe90a3a
Thu Jan  1 13:53:42 2026,5500000,EM_ANDAMENTO,ZnzmG,99cb8a92
Thu Jan  1 13:53:44 2026,6000000,EM_ANDAMENTO,Y7,bcd0e247
Thu Jan  1 13:53:45 2026,6500000,EM_ANDAMENTO,o,a0b20673
Thu Jan  1 13:53:47 2026,7000000,EM_ANDAMENTO,2,4e9e3870
Thu Jan  1 13:53:48 2026,7500000,EM_ANDAMENTO,iJdn,2af5259a
Thu Jan  1 13:53:50 2026,8000000,EM_ANDAMENTO,P9awT,4d4ccd1e
Thu Jan  1 13:53:51 2026,8500000,EM_ANDAMENTO,GRPHraMGa9EX,d86345ab
Thu Jan  1 13:53:53 2026,9000000,EM_ANDAMENTO,qH,c9738b3a
Thu Jan  1 13:53:54 2026,9500000,EM_ANDAMENTO,r9DhUR3FFCf,0bd594ce
Thu Jan  1 13:53:56 2026,10000000,EM_ANDAMENTO,IDKcl,92f2784d
Thu Jan  1 13:53:58 2026,10500000,EM_ANDAMENTO,KKp2O1TtW0,ca352ef9
Thu Jan  1 13:53:59 2026,11000000,EM_ANDAMENTO,7D,bbbeb864
Thu Jan  1 13:54:01 2026,11500000,EM_ANDAMENTO,d33,39a09f21
Thu Jan  1 13:54:02 2026,12000000,EM_ANDAMENTO,1Zcyd0tdimF,5854c6b4
Thu Jan  1 13:54:04 2026,12500000,EM_ANDAMENTO,BPg2m4dgEH0i,863940d1
Thu Jan  1 13:54:05 2026,13000000,EM_ANDAMENTO,qOHjlk,578c5f58
Thu Jan  1 13:54:07 2026,13500000,EM_ANDAMENTO,Hc8I,fd4429a2
Thu Jan  1 13:54:08 2026,14000000,EM_ANDAMENTO,Hatk59cy8,edd4d8ac
Thu Jan  1 13:54:10 2026,14500000,EM_ANDAMENTO,dq,b84be06b
Thu Jan  1 13:54:12 2026,15000000,EM_ANDAMENTO,2X4EkNgSB9,7c4a1d29
Thu Jan  1 13:54:13 2026,15500000,EM_ANDAMENTO,CLU,60be7ca5
Thu Jan  1 13:54:15 2026,16000000,EM_ANDAMENTO,W61lpKBfs7jH,38be31f7
Thu Jan  1 13:54:16 2026,16500000,EM_ANDAMENTO,wq1nC4WT3yg,b15d0ba3
Thu Jan  1 13:54:18 2026,17000000,EM_ANDAMENTO,WnuIjFATiC2,4d92698d
Thu Jan  1 13:54:19 2026,17500000,EM_ANDAMENTO,Q05TH6SjLH1a,b162a272
Thu Jan  1 13:54:21 2026,18000000,EM_ANDAMENTO,HvHeFLN4y4Zb,62b03768
Thu Jan  1 13:54:22 2026,18500000,EM_ANDAMENTO,prdOHLgGvH9F,85a3d7b5
Thu Jan  1 13:54:24 2026,19000000,EM_ANDAMENTO,91,e0414b89
Thu Jan  1 13:54:25 2026,19500000,EM_ANDAMENTO,QaRq,6c72120f
Thu Jan  1 13:54:27 2026,20000000,EM_ANDAMENTO,8QP1BP,22813f90
Thu Jan  1 13:54:29 2026,20500000,EM_ANDAMENTO,5xtFdC,4f5ef9b9
Thu Jan  1 13:54:30 2026,21000000,EM_ANDAMENTO,Xla,c594cf52
Thu Jan  1 13:54:32 2026,21500000,EM_ANDAMENTO,sigoS,df4ce65f
Thu Jan  1 13:54:34 2026,22000000,EM_ANDAMENTO,5qaG7Al26Gfm,a06af191
Thu Jan  1 13:54:35 2026,22500000,EM_ANDAMENTO,FctNIs1rBlS,f8b15161
Thu Jan  1 13:54:37 2026,23000000,EM_ANDAMENTO,F8SD,07ddfde5
Thu Jan  1 13:54:38 2026,23500000,EM_ANDAMENTO,zCBSKNYLJIs,bd2d7566
Thu Jan  1 13:54:40 2026,24000000,EM_ANDAMENTO,dM3kzLuT,af963528
Thu Jan  1 13:54:41 2026,24500000,EM_ANDAMENTO,47gDWde,f52777ff
Thu Jan  1 13:54:43 2026,25000000,EM_ANDAMENTO,wQ12Rk3tkHp,679e6c8f
Thu Jan  1 13:54:44 2026,25500000,EM_ANDAMENTO,w3h4liIt,fb3508cf
Thu Jan  1 13:54:46 2026,26000000,EM_ANDAMENTO,pc8,e4b71147
Thu Jan  1 13:54:47 2026,26500000,EM_ANDAMENTO,q,87b8d13b
Thu Jan  1 13:54:49 2026,27000000,EM_ANDAMENTO,xw6tlw9wy0,8882bca7
Thu Jan  1 13:54:51 2026,27500000,EM_ANDAMENTO,TI8C,c4a8790d
Thu Jan  1 13:54:52 2026,28000000,EM_ANDAMENTO,VM7N,29b25a9c
Thu Jan  1 13:54:54 2026,28500000,EM_ANDAMENTO,frnBGd7i,c488ed0d
Thu Jan  1 13:54:55 2026,29000000,EM_ANDAMENTO,PXTkPNDe84q,80e3af13
Thu Jan  1 13:54:57 2026,29500000,EM_ANDAMENTO,H,db72f8cc
Thu Jan  1 13:54:58 2026,30000000,EM_ANDAMENTO,4XANyN,9d91698b
Thu Jan  1 13:55:00 2026,30500000,EM_ANDAMENTO,DskQ3GTbK,21d04524
Thu Jan  1 13:55:02 2026,31000000,EM_ANDAMENTO,ZthVoy4z,c7e2687b
Thu Jan  1 13:55:03 2026,31500000,EM_ANDAMENTO,08hriY,dcfd4bdc
Thu Jan  1 13:55:05 2026,32000000,EM_ANDAMENTO,1,ebaf5ccd
Thu Jan  1 13:55:06 2026,32500000,EM_ANDAMENTO,3D0j1k7Ze,40afa8d7
Thu Jan  1 13:55:08 2026,33000000,EM_ANDAMENTO,KsazM2OW,1e0d5575
Thu Jan  1 13:55:10 2026,33500000,EM_ANDAMENTO,LD9nq,36c2b0d6
Thu Jan  1 13:55:11 2026,34000000,EM_ANDAMENTO,JfZKMmysdXR,cdbdc792
Thu Jan  1 13:55:13 2026,34500000,EM_ANDAMENTO,C6x1iIU,04a5baf6
Thu Jan  1 13:55:14 2026,35000000,EM_ANDAMENTO,abx7C7PH,5ce42239
Thu Jan  1 13:55:16 2026,35500000,EM_ANDAMENTO,m,c5c95598
Thu Jan  1 13:55:17 2026,36000000,EM_ANDAMENTO,wnKc,ba95d566
Thu Jan  1 13:55:19 2026,36500000,EM_ANDAMENTO,D,f0695584
Thu Jan  1 13:55:20 2026,37000000,EM_ANDAMENTO,cAYx3XQ,b03de8f3
Thu Jan  1 13:55:22 2026,37500000,EM_ANDAMENTO,Hxa2fNSoe0,799a2dce
Thu Jan  1 13:55:23 2026,38000000,EM_ANDAMENTO,hB,261a4a84
Thu Jan  1 13:55:25 2026,38500000,EM_ANDAMENTO,7MVduZgzdona,a6f2710b
Thu Jan  1 13:55:27 2026,39000000,EM_ANDAMENTO,Vge3Iz26Zev,9472f9c4
Thu Jan  1 13:55:28 2026,39500000,EM_ANDAMENTO,cGfNa2rs,7aee1382
Thu Jan  1 13:55:30 2026,40000000,EM_ANDAMENTO,93RCpUmX,71ca4935
Thu Jan  1 13:55:31 2026,40500000,EM_ANDAMENTO,g,7a529e89
Thu Jan  1 13:55:33 2026,41000000,EM_ANDAMENTO,nwO6Pns,5327cf7e
Thu Jan  1 13:55:34 2026,41500000,EM_ANDAMENTO,JKFu,649477dc
Thu Jan  1 13:55:36 2026,42000000,EM_ANDAMENTO,Fem8f8C6s,240be467
Thu Jan  1 13:55:38 2026,42500000,EM_ANDAMENTO,HQIWc0cGX0,900df608
Thu Jan  1 13:55:39 2026,43000000,EM_ANDAMENTO,HdzAy78Y,b66458a8
Thu Jan  1 13:55:41 2026,43500000,EM_ANDAMENTO,yLzZ0MmJ8Y,68b49813
Thu Jan  1 13:55:43 2026,44000000,EM_ANDAMENTO,OyKjaTE,6dcaa1ed
Thu Jan  1 13:55:44 2026,44500000,EM_ANDAMENTO,snZx9V4,5a51b4ab
Thu Jan  1 13:55:46 2026,45000000,EM_ANDAMENTO,rNHYrAd6azo,1468dd82
Thu Jan  1 13:55:47 2026,45500000,EM_ANDAMENTO,c4uOqBu,11e6f611
Thu Jan  1 13:55:49 2026,46000000,EM_ANDAMENTO,ua3,28609ec3
Thu Jan  1 13:55:50 2026,46500000,EM_ANDAMENTO,Bo93b,e33a75f1
Thu Jan  1 13:55:52 2026,47000000,EM_ANDAMENTO,vTN,e4b0aee6
Thu Jan  1 13:55:53 2026,47500000,EM_ANDAMENTO,wqp,b4ae162e
Thu Jan  1 13:55:55 2026,48000000,EM_ANDAMENTO,5XCIXxK9,7e801889
Thu Jan  1 13:55:56 2026,48500000,EM_ANDAMENTO,wD9,679ae01b
Thu Jan  1 13:55:58 2026,49000000,EM_ANDAMENTO,VTmLAlMb,f7f64574
Thu Jan  1 13:56:00 2026,49500000,EM_ANDAMENTO,sRY,01b46293
Thu Jan  1 13:56:01 2026,50000000,EM_ANDAMENTO,63,1b240e2c
Thu Jan  1 13:56:03 2026,50500000,EM_ANDAMENTO,Wm3,99a3443a
Thu Jan  1 13:56:04 2026,51000000,EM_ANDAMENTO,CNQ,28d24bb5
Thu Jan  1 13:56:06 2026,51500000,EM_ANDAMENTO,H,db72f8cc
Thu Jan  1 13:56:07 2026,52000000,EM_ANDAMENTO,a,85c8de88
Thu Jan  1 13:56:09 2026,52500000,EM_ANDAMENTO,RG,355763e2
Thu Jan  1 13:56:10 2026,53000000,EM_ANDAMENTO,31H4AnTWCOl0,db7fe887
Thu Jan  1 13:56:12 2026,53500000,EM_ANDAMENTO,RAG,af5c4721
Thu Jan  1 13:56:14 2026,54000000,EM_ANDAMENTO,jnX,4fac822c
Thu Jan  1 13:56:15 2026,54500000,EM_ANDAMENTO,leB,73f50bd7
Thu Jan  1 13:56:17 2026,55000000,EM_ANDAMENTO,Tmd7AQYTwPZ,826007fc
Thu Jan  1 13:56:18 2026,55500000,EM_ANDAMENTO,cs6VodHEE,db70aba5
Thu Jan  1 13:56:20 2026,56000000,EM_ANDAMENTO,bzl,64567e85
Thu Jan  1 13:56:21 2026,56500000,EM_ANDAMENTO,EybvB5t5R,040e7b1c
Thu Jan  1 13:56:23 2026,57000000,EM_ANDAMENTO,PPmUjiP74,10c28ecc
Thu Jan  1 13:56:25 2026,57500000,EM_ANDAMENTO,vU8b,88042d97
Thu Jan  1 13:56:26 2026,58000000,EM_ANDAMENTO,mlJtxbPvr,2f3f0cf8
Thu Jan  1 13:56:28 2026,58500000,EM_ANDAMENTO,u6Bq7mO,9058e911
Thu Jan  1 13:56:29 2026,59000000,EM_ANDAMENTO,6wvYB0,beec34d6
Thu Jan  1 13:56:31 2026,59500000,EM_ANDAMENTO,SVl2SX42zUz,d1a72686
Thu Jan  1 13:56:32 2026,60000000,EM_ANDAMENTO,PVp8oqhR0,bc41fd46
Thu Jan  1 13:56:34 2026,60500000,EM_ANDAMENTO,CEz,a80f8d7c
Thu Jan  1 13:56:35 2026,61000000,EM_ANDAMENTO,3R33,0abce5e4
Thu Jan  1 13:56:37 2026,61500000,EM_ANDAMENTO,kI30etb,df607732
Thu Jan  1 13:56:39 2026,62000000,EM_ANDAMENTO,c,a5c1009b
Thu Jan  1 13:56:40 2026,62500000,EM_ANDAMENTO,UmtM1fcmdLmz,52775f60
Thu Jan  1 13:56:42 2026,63000000,EM_ANDAMENTO,eDE7O,d707a1ea
Thu Jan  1 13:56:43 2026,63500000,EM_ANDAMENTO,IWm,6effc6f5
Thu Jan  1 13:56:45 2026,64000000,EM_ANDAMENTO,K,58a8694c
Thu Jan  1 13:56:46 2026,64500000,EM_ANDAMENTO,mV179D2ZP,57b44da9
Thu Jan  1 13:56:48 2026,65000000,EM_ANDAMENTO,M7po9rg1,e983dcd1
Thu Jan  1 13:56:49 2026,65500000,EM_ANDAMENTO,k,ac20c833
Thu Jan  1 13:56:51 2026,66000000,EM_ANDAMENTO,ZXInUUIa9Iy,7c604b39
Thu Jan  1 13:56:52 2026,66500000,EM_ANDAMENTO,0JlFZvQbCC,12b75655
Thu Jan  1 13:56:54 2026,67000000,EM_ANDAMENTO,fBscpMmFj0,09421197
Thu Jan  1 13:56:56 2026,67500000,EM_ANDAMENTO,1,ebaf5ccd
Thu Jan  1 13:56:57 2026,68000000,EM_ANDAMENTO,cOMxcXZSFV,6a91ee82
Thu Jan  1 13:56:59 2026,68500000,EM_ANDAMENTO,6u0lPwjliJ,1377e63b
Thu Jan  1 13:57:00 2026,69000000,EM_ANDAMENTO,IHAYVA7U,4ecfa809
Thu Jan  1 13:57:02 2026,69500000,EM_ANDAMENTO,MOojcUqlS5,1ddb9fca
Thu Jan  1 13:57:03 2026,70000000,EM_ANDAMENTO,8cmc2B6,21bd635e
Thu Jan  1 13:57:05 2026,70500000,EM_ANDAMENTO,JA71oq,fdf5c781
Thu Jan  1 13:57:07 2026,71000000,EM_ANDAMENTO,70c,d7493c13
Thu Jan  1 13:57:08 2026,71500000,EM_ANDAMENTO,TsJuR,f9c0cfe7
Thu Jan  1 13:57:10 2026,72000000,EM_ANDAMENTO,onbrfMWNCu,e13d7bd1
Thu Jan  1 13:57:11 2026,72500000,EM_ANDAMENTO,Sol,490da612
Thu Jan  1 13:57:13 2026,73000000,EM_ANDAMENTO,iblLuZ9Lc,8ff1a400
Thu Jan  1 13:57:14 2026,73500000,EM_ANDAMENTO,oP6,b333d714
Thu Jan  1 13:57:16 2026,74000000,EM_ANDAMENTO,QUyy,6e01bc73
Thu Jan  1 13:57:17 2026,74500000,EM_ANDAMENTO,FfBK43AuY0q0,02364e98
Thu Jan  1 13:57:19 2026,75000000,EM_ANDAMENTO,MYSCu,29d39388
Thu Jan  1 13:57:21 2026,75500000,EM_ANDAMENTO,9wC,2d188e71
Thu Jan  1 13:57:22 2026,76000000,EM_ANDAMENTO,zMNA0D,15f93b81
Thu Jan  1 13:57:24 2026,76500000,EM_ANDAMENTO,8R,aceb5558
Thu Jan  1 13:57:26 2026,77000000,EM_ANDAMENTO,lvFZ,e9cfe0b4
Thu Jan  1 13:57:27 2026,77500000,EM_ANDAMENTO,NAnQc48YxIv,21427ced
Thu Jan  1 13:57:29 2026,78000000,EM_ANDAMENTO,gPjTPpN,13660028
Thu Jan  1 13:57:30 2026,78500000,EM_ANDAMENTO,Xo1fKNuYA4hb,37cd0c64
Thu Jan  1 13:57:32 2026,79000000,EM_ANDAMENTO,dNefKy4z6o,a3909bbd
Thu Jan  1 13:57:33 2026,79500000,EM_ANDAMENTO,9h6OlKu,684d5363
Thu Jan  1 13:57:35 2026,80000000,EM_ANDAMENTO,nyO4CiQuG,84baedb9
Thu Jan  1 13:57:37 2026,80500000,EM_ANDAMENTO,AHG,07038165
Thu Jan  1 13:57:38 2026,81000000,EM_ANDAMENTO,3XQOTtDh,8fbfd36b
Thu Jan  1 13:57:40 2026,81500000,EM_ANDAMENTO,cqohnUF4,b1ec665c
Thu Jan  1 13:57:41 2026,82000000,EM_ANDAMENTO,nXuSriUa,53e6926d
Thu Jan  1 13:57:43 2026,82500000,EM_ANDAMENTO,FODQDi,5cb367f9
Thu Jan  1 13:57:44 2026,83000000,EM_ANDAMENTO,4wI2,19f7c6ed
Thu Jan  1 13:57:46 2026,83500000,EM_ANDAMENTO,LvMVfaf,fec0a62b
Thu Jan  1 13:57:47 2026,84000000,EM_ANDAMENTO,CGQ,1eacb73e
Thu Jan  1 13:57:49 2026,84500000,EM_ANDAMENTO,ZF2e,cdae8877
Thu Jan  1 13:57:51 2026,85000000,EM_ANDAMENTO,NSyeZp,e1213fb7
Thu Jan  1 13:57:52 2026,85500000,EM_ANDAMENTO,gUR5FYrF,943ae73c
Thu Jan  1 13:57:54 2026,86000000,EM_ANDAMENTO,9JtrWcjsA,bf8bc044
Thu Jan  1 13:57:55 2026,86500000,EM_ANDAMENTO,pQdIk1mPeNn,35c1a432
Thu Jan  1 13:57:57 2026,87000000,EM_ANDAMENTO,6VeW4xA,455005af
Thu Jan  1 13:57:58 2026,87500000,EM_ANDAMENTO,9Bz4bU0p,60977bce
Thu Jan  1 13:58:00 2026,88000000,EM_ANDAMENTO,e,bb2b536f
Thu Jan  1 13:58:02 2026,88500000,EM_ANDAMENTO,CIDoHUy,c1e69f2f
Thu Jan  1 13:58:03 2026,89000000,EM_ANDAMENTO,1RoxschhM,8c764048
Thu Jan  1 13:58:05 2026,89500000,EM_ANDAMENTO,rkHT,33fef6a8
Thu Jan  1 13:58:06 2026,90000000,EM_ANDAMENTO,G2l8i,d14f54ad
Thu Jan  1 13:58:08 2026,90500000,EM_ANDAMENTO,yCWlMq3BV,f6d96f35
Thu Jan  1 13:58:09 2026,91000000,EM_ANDAMENTO,Wcc,d174aab7
Thu Jan  1 13:58:11 2026,91500000,EM_ANDAMENTO,uqpm6443QbR,b0ca42e6
Thu Jan  1 13:58:12 2026,92000000,EM_ANDAMENTO,al82jU59h4Gg,909d79e2
Thu Jan  1 13:58:14 2026,92500000,EM_ANDAMENTO,ZEV0YXwiUeCZ,39e86a90
Thu Jan  1 13:58:15 2026,93000000,EM_ANDAMENTO,gPs,6de1011f
Thu Jan  1 13:58:17 2026,93500000,EM_ANDAMENTO,l,5238d98f
Thu Jan  1 13:58:19 2026,94000000,EM_ANDAMENTO,ZQJVymf,3bf6e93e
Thu Jan  1 13:58:20 2026,94500000,EM_ANDAMENTO,1,ebaf5ccd
Thu Jan  1 13:58:22 2026,95000000,EM_ANDAMENTO,WfwTysbA4n0,538a1ab4
Thu Jan  1 13:58:23 2026,95500000,EM_ANDAMENTO,v,904f2f17
Thu Jan  1 13:58:25 2026,96000000,EM_ANDAMENTO,R23T2fJAvk9d,55e97ec0
Thu Jan  1 13:58:27 2026,96500000,EM_ANDAMENTO,hUyWNe7lkU52,cea292a7
Thu Jan  1 13:58:28 2026,97000000,EM_ANDAMENTO,V9GjBWttPfH8,3d954de3
Thu Jan  1 13:58:30 2026,97500000,EM_ANDAMENTO,IzIlVpO19H,9b681e97
Thu Jan  1 13:58:31 2026,98000000,EM_ANDAMENTO,swAvCr,56bcd07b
Thu Jan  1 13:58:33 2026,98500000,EM_ANDAMENTO,0Euv4vUNOpL,0b13f9c6
Thu Jan  1 13:58:34 2026,99000000,EM_ANDAMENTO,uDmyFVZR,bc42ddaf
Thu Jan  1 13:58:36 2026,99500000,EM_ANDAMENTO,xEO,ab405ed4
Thu Jan  1 13:58:38 2026,100000000,EM_ANDAMENTO,Sz,64bc20e6
Thu Jan  1 13:58:39 2026,100500000,EM_ANDAMENTO,y,4cccd98d
Thu Jan  1 13:58:41 2026,101000000,EM_ANDAMENTO,Dkf,c67468c7
Thu Jan  1 13:58:42 2026,101500000,EM_ANDAMENTO,rvu9uwFf2Hs,bbc4eaac
Thu Jan  1 13:58:44 2026,102000000,EM_ANDAMENTO,M6EgEnFVU,d203bd6c
Thu Jan  1 13:58:45 2026,102500000,EM_ANDAMENTO,h,ed6dba4b
Thu Jan  1 13:58:47 2026,103000000,EM_ANDAMENTO,d3ffoq6,ced2caff
Thu Jan  1 13:58:49 2026,103500000,EM_ANDAMENTO,grwVj,2feee977
Thu Jan  1 13:58:50 2026,104000000,EM_ANDAMENTO,ofoUATI5,5c7af5ba
Thu Jan  1 13:58:52 2026,104500000,EM_ANDAMENTO,VM,18d15fb6
Thu Jan  1 13:58:53 2026,105000000,EM_ANDAMENTO,0e,f8202907
Thu Jan  1 13:58:55 2026,105500000,EM_ANDAMENTO,4y,66c033bc
Thu Jan  1 13:58:56 2026,106000000,EM_ANDAMENTO,SX,fafc5a95
Thu Jan  1 13:58:58 2026,106500000,EM_ANDAMENTO,os4sRXL,3948e827
Thu Jan  1 13:58:59 2026,107000000,EM_ANDAMENTO,UZQ4,83f2c2db
Thu Jan  1 13:59:01 2026,107500000,EM_ANDAMENTO,cOcH,55cbea78
Thu Jan  1 13:59:03 2026,108000000,EM_ANDAMENTO,Buk89DEcFnm,dd957b63
Thu Jan  1 13:59:04 2026,108500000,EM_ANDAMENTO,s42tA7MPGipo,b0c74d1a
Thu Jan  1 13:59:06 2026,109000000,EM_ANDAMENTO,aV07d,2e58dee9
Thu Jan  1 13:59:07 2026,109500000,EM_ANDAMENTO,aoossdT,a2b61b1e
Thu Jan  1 13:59:09 2026,110000000,EM_ANDAMENTO,c,a5c1009b
Thu Jan  1 13:59:10 2026,110500000,EM_ANDAMENTO,MvONVYE1,a084540e
Thu Jan  1 13:59:12 2026,111000000,EM_ANDAMENTO,DOtb4h7,044ed89d
Thu Jan  1 13:59:14 2026,111500000,EM_ANDAMENTO,71AxM,d9b5d30b
Thu Jan  1 13:59:15 2026,112000000,EM_ANDAMENTO,fMmC,a1028fd9
Thu Jan  1 13:59:17 2026,112500000,EM_ANDAMENTO,xWRRpo9E0IV,d6d0477a
Thu Jan  1 13:59:18 2026,113000000,EM_ANDAMENTO,9C1H,ca0c007f
Thu Jan  1 13:59:20 2026,113500000,EM_ANDAMENTO,kdrgQpcG,e74c983b
Thu Jan  1 13:59:21 2026,114000000,EM_ANDAMENTO,EhBforiJ2JSz,4bb7e584
Thu Jan  1 13:59:23 2026,114500000,EM_ANDAMENTO,7yh11G,716ea5b8
Thu Jan  1 13:59:24 2026,115000000,EM_ANDAMENTO,D2qP2OO,56190dfb
Thu Jan  1 13:59:26 2026,115500000,EM_ANDAMENTO,1aOslF,879efd8d
Thu Jan  1 13:59:28 2026,116000000,EM_ANDAMENTO,QZvnPEKk77gR,a25d9f14
Thu Jan  1 13:59:29 2026,116500000,EM_ANDAMENTO,3AoOMpdQ6L,a3f1a845
Thu Jan  1 13:59:31 2026,117000000,EM_ANDAMENTO,4ow,46119ac3
Thu Jan  1 13:59:32 2026,117500000,EM_ANDAMENTO,jd68LlC,d1e2b97d
Thu Jan  1 13:59:34 2026,118000000,EM_ANDAMENTO,Oziozm,592581df
Thu Jan  1 13:59:36 2026,118500000,EM_ANDAMENTO,Jn4hF,bd5db0d3
Thu Jan  1 13:59:37 2026,119000000,EM_ANDAMENTO,VN14,99a094e9
Thu Jan  1 13:59:39 2026,119500000,EM_ANDAMENTO,gjcL9jmFIVN,a9918973
Thu Jan  1 13:59:40 2026,120000000,EM_ANDAMENTO,ITVvmRIl4tLT,9fc90a1c
Thu Jan  1 13:59:42 2026,120500000,EM_ANDAMENTO,d9tMXKV2F,763f4045
Thu Jan  1 13:59:43 2026,121000000,EM_ANDAMENTO,GMHv81PEJVgp,3f2e2d63
Thu Jan  1 13:59:45 2026,121500000,EM_ANDAMENTO,KAfyZcqpjFMP,ea33ea44
Thu Jan  1 13:59:47 2026,122000000,EM_ANDAMENTO,COsD58pRy8A,cafd91af
Thu Jan  1 13:59:48 2026,122500000,EM_ANDAMENTO,6F4,d3000553
Thu Jan  1 13:59:50 2026,123000000,EM_ANDAMENTO,u5MbY8,798f01e6
Thu Jan  1 13:59:51 2026,123500000,EM_ANDAMENTO,C3YEsJ,1ac16a61
Thu Jan  1 13:59:53 2026,124000000,EM_ANDAMENTO,60W04W,c068933e
Thu Jan  1 13:59:54 2026,124500000,EM_ANDAMENTO,80cq,50f68cec
Thu Jan  1 13:59:56 2026,125000000,EM_ANDAMENTO,HYQ,a6a28d9a
Thu Jan  1 13:59:57 2026,125500000,EM_ANDAMENTO,v8S81,f1606d91
Thu Jan  1 13:59:59 2026,126000000,EM_ANDAMENTO,uFoma,8ff29f5d
Thu Jan  1 14:00:01 2026,126500000,EM_ANDAMENTO,h2D3,b04e4c77
Thu Jan  1 14:00:03 2026,127000000,EM_ANDAMENTO,53eVFbMhfQg,7b117eda
Thu Jan  1 14:00:04 2026,127500000,EM_ANDAMENTO,rqxj9G6Gg,6b06b1c2
Thu Jan  1 14:00:06 2026,128000000,EM_ANDAMENTO,EbIQf,3934a7da
Thu Jan  1 14:00:07 2026,128500000,EM_ANDAMENTO,2ieVa8NJWh,4eab3a84
Thu Jan  1 14:00:09 2026,129000000,EM_ANDAMENTO,9YVBPxbxzR,9b161254
Thu Jan  1 14:00:11 2026,129500000,EM_ANDAMENTO,qYv,5daba953
Thu Jan  1 14:00:12 2026,130000000,EM_ANDAMENTO,9S0GajMc,f3f68616
Thu Jan  1 14:00:14 2026,130500000,EM_ANDAMENTO,i2rLrwT,b9788abf
Thu Jan  1 14:00:15 2026,131000000,EM_ANDAMENTO,WoDtP,b1824a59
Thu Jan  1 14:00:17 2026,131500000,EM_ANDAMENTO,nrk,1c8476f0
Thu Jan  1 14:00:18 2026,132000000,EM_ANDAMENTO,62P0m,eeb71595
Thu Jan  1 14:00:20 2026,132500000,EM_ANDAMENTO,5FDGtw,a606ff1f
Thu Jan  1 14:00:21 2026,133000000,EM_ANDAMENTO,icaP0,572f20f4
Thu Jan  1 14:00:23 2026,133500000,EM_ANDAMENTO,Zu,68f84c98
Thu Jan  1 14:00:25 2026,134000000,EM_ANDAMENTO,UIReyI,1682a0aa
Thu Jan  1 14:00:26 2026,134500000,EM_ANDAMENTO,v0aY6o17dHy,591597ab
Thu Jan  1 14:00:28 2026,135000000,EM_ANDAMENTO,C,2e9587f4
Thu Jan  1 14:00:29 2026,135500000,EM_ANDAMENTO,PLaVMtOS,2d490ef5
Thu Jan  1 14:00:31 2026,136000000,EM_ANDAMENTO,P,eab44804
Thu Jan  1 14:00:32 2026,136500000,EM_ANDAMENTO,Ql,dd8aa714
Thu Jan  1 14:00:34 2026,137000000,EM_ANDAMENTO,Fd4fu,37a0d197
Thu Jan  1 14:00:36 2026,137500000,EM_ANDAMENTO,PwFg4i222,339934f3
Thu Jan  1 14:00:37 2026,138000000,EM_ANDAMENTO,zJ57MYDOAO,3f83c86a
Thu Jan  1 14:00:39 2026,138500000,EM_ANDAMENTO,SVedb1nzRo,f9457ba2
Thu Jan  1 14:00:40 2026,139000000,EM_ANDAMENTO,Sm7CE,168bf0b7
Thu Jan  1 14:00:42 2026,139500000,EM_ANDAMENTO,ArduTa,fb1f7713
Thu Jan  1 14:00:43 2026,140000000,EM_ANDAMENTO,8L4jy,7ee78f21
Thu Jan  1 14:00:45 2026,140500000,EM_ANDAMENTO,0IHPqUuya4,cdaeb1bf
Thu Jan  1 14:00:47 2026,141000000,EM_ANDAMENTO,pYcIQIrYJ,e9a0e6a7
Thu Jan  1 14:00:48 2026,141500000,EM_ANDAMENTO,bcZGId,2a586fae
Thu Jan  1 14:00:50 2026,142000000,EM_ANDAMENTO,fBNQ4,31da74cb
Thu Jan  1 14:00:51 2026,142500000,EM_ANDAMENTO,PQUSdwMqO,e3aaea2c
Thu Jan  1 14:00:53 2026,143000000,EM_ANDAMENTO,34g4i,b1e5755b
Thu Jan  1 14:00:54 2026,143500000,EM_ANDAMENTO,ww4yccK,7c26c497
Thu Jan  1 14:00:56 2026,144000000,EM_ANDAMENTO,OID6HFsP,e0a1458b
Thu Jan  1 14:00:57 2026,144500000,EM_ANDAMENTO,pETl,10822273
Thu Jan  1 14:00:59 2026,145000000,EM_ANDAMENTO,K3M5S4SyUm,31f7046b
Thu Jan  1 14:01:00 2026,145500000,EM_ANDAMENTO,zOqv2,d6f43dd0
Thu Jan  1 14:01:02 2026,146000000,EM_ANDAMENTO,0CmQqe,81f7410a
Thu Jan  1 14:01:04 2026,146500000,EM_ANDAMENTO,LZ,c9e2e1c5
Thu Jan  1 14:01:05 2026,147000000,EM_ANDAMENTO,HGEBcwwd9,622e142a
Thu Jan  1 14:01:07 2026,147500000,EM_ANDAMENTO,qAS,77133532
Thu Jan  1 14:01:08 2026,148000000,EM_ANDAMENTO,r7,009e3a7c
Thu Jan  1 14:01:10 2026,148500000,EM_ANDAMENTO,5WJGH,8a9a403c
Thu Jan  1 14:01:11 2026,149000000,EM_ANDAMENTO,L8IDE79,60f88630
Thu Jan  1 14:01:13 2026,149500000,EM_ANDAMENTO,w,1e332829
Thu Jan  1 14:01:15 2026,150000000,EM_ANDAMENTO,ljj7nUkGTi,ca4bdf2a
Thu Jan  1 14:01:16 2026,150500000,EM_ANDAMENTO,6,21d93093
Thu Jan  1 14:01:18 2026,151000000,EM_ANDAMENTO,Od,80970d9d
Thu Jan  1 14:01:19 2026,151500000,EM_ANDAMENTO,T,9dd7847b
Thu Jan  1 14:01:21 2026,152000000,EM_ANDAMENTO,dhwrH0,af061d25
Thu Jan  1 14:01:22 2026,152500000,EM_ANDAMENTO,Cfx,e7889f30
Thu Jan  1 14:01:24 2026,153000000,EM_ANDAMENTO,kcnV12W,cb4c172d
Thu Jan  1 14:01:25 2026,153500000,EM_ANDAMENTO,cd3DQYG,c360517b
Thu Jan  1 14:01:27 2026,154000000,EM_ANDAMENTO,3othH2,b0b86fc1
Thu Jan  1 14:01:29 2026,154500000,EM_ANDAMENTO,ZEu,993b4d3d
Thu Jan  1 14:01:30 2026,155000000,EM_ANDAMENTO,kzfz,cdc139af
Thu Jan  1 14:01:32 2026,155500000,EM_ANDAMENTO,vDi8CXp05,76286388
Thu Jan  1 14:01:33 2026,156000000,EM_ANDAMENTO,OhfZOWSe,eff74200
Thu Jan  1 14:01:35 2026,156500000,EM_ANDAMENTO,cqgyIhuj6,7f1e15e4
Thu Jan  1 14:01:36 2026,157000000,EM_ANDAMENTO,w,1e332829
Thu Jan  1 14:01:38 2026,157500000,EM_ANDAMENTO,WcYKTCKxs,336587f8
Thu Jan  1 14:01:40 2026,158000000,EM_ANDAMENTO,sc0kVIlYt,182f548a
Thu Jan  1 14:01:41 2026,158500000,EM_ANDAMENTO,Fh,c57df636
Thu Jan  1 14:01:43 2026,159000000,EM_ANDAMENTO,9I,8e572bea
Thu Jan  1 14:01:44 2026,159500000,EM_ANDAMENTO,n6qix,c2f8a67f
Thu Jan  1 14:01:46 2026,160000000,EM_ANDAMENTO,lVgS7ZaB,14adedda
Thu Jan  1 14:01:47 2026,160500000,EM_ANDAMENTO,8bHs,b0b2898f
Thu Jan  1 14:01:49 2026,161000000,EM_ANDAMENTO,9BtqIzEn,e6686df3
Thu Jan  1 14:01:51 2026,161500000,EM_ANDAMENTO,rYKn,b4596aa6
Thu Jan  1 14:01:52 2026,162000000,EM_ANDAMENTO,TYS2a6,e4f19167
Thu Jan  1 14:01:54 2026,162500000,EM_ANDAMENTO,GOmbBUd7GmHf,446d01c1
Thu Jan  1 14:01:55 2026,163000000,EM_ANDAMENTO,nQ,fa6549b3
Thu Jan  1 14:01:57 2026,163500000,EM_ANDAMENTO,80,24f12095
Thu Jan  1 14:01:58 2026,164000000,EM_ANDAMENTO,uguUEm1DE2,81f8a44d
Thu Jan  1 14:02:00 2026,164500000,EM_ANDAMENTO,yfhRnCnv34Yp,d2c5070b
Thu Jan  1 14:02:02 2026,165000000,EM_ANDAMENTO,4Vp8,2234e6bb
Thu Jan  1 14:02:03 2026,165500000,EM_ANDAMENTO,Bj,07d6a6ef
Thu Jan  1 14:02:05 2026,166000000,EM_ANDAMENTO,emWySUn8Ua9,8c7a3efa
Thu Jan  1 14:02:06 2026,166500000,EM_ANDAMENTO,PG7Ue8n01,9facd093
Thu Jan  1 14:02:08 2026,167000000,EM_ANDAMENTO,F2jODqdmdiY,f2a6bec1
Thu Jan  1 14:02:10 2026,167500000,EM_ANDAMENTO,wklIkxSRCN0,fe170001
Thu Jan  1 14:02:11 2026,168000000,EM_ANDAMENTO,FcNmpS,ddaeda85
Thu Jan  1 14:02:13 2026,168500000,EM_ANDAMENTO,THT82,81639031
Thu Jan  1 14:02:14 2026,169000000,EM_ANDAMENTO,SPBTJlQ7Ie,2608b455
Thu Jan  1 14:02:16 2026,169500000,EM_ANDAMENTO,T,9dd7847b
Thu Jan  1 14:02:17 2026,170000000,EM_ANDAMENTO,Jewc5IwXy,8da30507
Thu Jan  1 14:02:19 2026,170500000,EM_ANDAMENTO,N2u3tF3V9ON7,e186281b
Thu Jan  1 14:02:21 2026,171000000,EM_ANDAMENTO,7exS,05086f3f
Thu Jan  1 14:02:22 2026,171500000,EM_ANDAMENTO,kV3Jh1z,b1a2a0e7
Thu Jan  1 14:02:24 2026,172000000,EM_ANDAMENTO,jEoT,7c29cdf6
Thu Jan  1 14:02:25 2026,172500000,EM_ANDAMENTO,oDO0lJFIiTv,d04f7bf2
Thu Jan  1 14:02:27 2026,173000000,EM_ANDAMENTO,EP8JrzTkh5,9c892bfd
Thu Jan  1 14:02:28 2026,173500000,EM_ANDAMENTO,XOZAl8OpAZ,14d5650a
Thu Jan  1 14:02:30 2026,174000000,EM_ANDAMENTO,Eu,83e16159
Thu Jan  1 14:02:32 2026,174500000,EM_ANDAMENTO,uKIoU9mf,912905c4
Thu Jan  1 14:02:33 2026,175000000,EM_ANDAMENTO,tY05A9n6FscN,90e2f7c2
Thu Jan  1 14:02:35 2026,175500000,EM_ANDAMENTO,db96GZzlGHGb,56badb5c
Thu Jan  1 14:02:36 2026,176000000,EM_ANDAMENTO,nBm,0868197f
Thu Jan  1 14:02:38 2026,176500000,EM_ANDAMENTO,L5p6Gr,0e332089
Thu Jan  1 14:02:39 2026,177000000,EM_ANDAMENTO,yLKpGe,0f61d6a3
Thu Jan  1 14:02:41 2026,177500000,EM_ANDAMENTO,GOm,8e56f679
Thu Jan  1 14:02:42 2026,178000000,EM_ANDAMENTO,J1,8d79c8c7
Thu Jan  1 14:02:44 2026,178500000,EM_ANDAMENTO,gv,93291531
Thu Jan  1 14:02:45 2026,179000000,EM_ANDAMENTO,cSGd0Urm3Be,ed92a881
Thu Jan  1 14:02:47 2026,179500000,EM_ANDAMENTO,jW,338a32bd
Thu Jan  1 14:02:49 2026,180000000,EM_ANDAMENTO,0J8fbu,75f5de0a
Thu Jan  1 14:02:50 2026,180500000,EM_ANDAMENTO,Q66E0aUdij,6aaf5e89
Thu Jan  1 14:02:52 2026,181000000,EM_ANDAMENTO,S16,ce0d624b
Thu Jan  1 14:02:53 2026,181500000,EM_ANDAMENTO,GTLACDMBM,fe1cdbbb
Thu Jan  1 14:02:55 2026,182000000,EM_ANDAMENTO,uHyzTRAuh,47f31fc1
Thu Jan  1 14:02:57 2026,182500000,EM_ANDAMENTO,nEQxEhJK7bN,9b5909f4
Thu Jan  1 14:02:58 2026,183000000,EM_ANDAMENTO,6,21d93093
Thu Jan  1 14:03:00 2026,183500000,EM_ANDAMENTO,iQmVGYIa,f636216c
Thu Jan  1 14:03:01 2026,184000000,EM_ANDAMENTO,oUYs,a3029908
Thu Jan  1 14:03:03 2026,184500000,EM_ANDAMENTO,Lry,064efdba
Thu Jan  1 14:03:04 2026,185000000,EM_ANDAMENTO,kGzTj,f46ab1e5
Thu Jan  1 14:03:06 2026,185500000,EM_ANDAMENTO,taY3pFDi,1c45f061
Thu Jan  1 14:03:08 2026,186000000,EM_ANDAMENTO,vZI,054def1c
Thu Jan  1 14:03:09 2026,186500000,EM_ANDAMENTO,nj,240c77b3
Thu Jan  1 14:03:11 2026,187000000,EM_ANDAMENTO,wHm,7b944fa2
Thu Jan  1 14:03:12 2026,187500000,EM_ANDAMENTO,3KLDnaGWB,aa23cc89
Thu Jan  1 14:03:14 2026,188000000,EM_ANDAMENTO,6X1pFFitRGBl,b2056a2c
Thu Jan  1 14:03:15 2026,188500000,EM_ANDAMENTO,9zOX1,fff896ab
Thu Jan  1 14:03:17 2026,189000000,EM_ANDAMENTO,huh3vSbWBn,ce26fabd
Thu Jan  1 14:03:19 2026,189500000,EM_ANDAMENTO,LIEB6L1,58638288
Thu Jan  1 14:03:20 2026,190000000,EM_ANDAMENTO,wUzscc,0b097312
Thu Jan  1 14:03:22 2026,190500000,EM_ANDAMENTO,mFRh4pEW6hkp,b0a5dcb2
Thu Jan  1 14:03:24 2026,191000000,EM_ANDAMENTO,9sxwMS3,9f0650a8
Thu Jan  1 14:03:26 2026,191500000,EM_ANDAMENTO,QUJlstj9tqS6,1c4e4b05
Thu Jan  1 14:03:27 2026,192000000,EM_ANDAMENTO,w00GDkb2,5df06de6
Thu Jan  1 14:03:29 2026,192500000,EM_ANDAMENTO,wPwJHVAic,a9c006bd
Thu Jan  1 14:03:30 2026,193000000,EM_ANDAMENTO,ELOgd,d9df41b3
Thu Jan  1 14:03:32 2026,193500000,EM_ANDAMENTO,G,81ca32e5
Thu Jan  1 14:03:34 2026,194000000,EM_ANDAMENTO,P,eab44804
Thu Jan  1 14:03:35 2026,194500000,EM_ANDAMENTO,E5x,dad689a7
Thu Jan  1 14:03:37 2026,195000000,EM_ANDAMENTO,d,5943bb0f
Thu Jan  1 14:03:38 2026,195500000,EM_ANDAMENTO,gm9Dlsb,51dbec92
Thu Jan  1 14:03:40 2026,196000000,EM_ANDAMENTO,coorgv,6914500a
Thu Jan  1 14:03:41 2026,196500000,EM_ANDAMENTO,C60Lcvoag,55f99fe3
Thu Jan  1 14:03:43 2026,197000000,EM_ANDAMENTO,Nyxa,ac66b27f
Thu Jan  1 14:03:45 2026,197500000,EM_ANDAMENTO,ScKhgY4sbwHE,f27de7eb
Thu Jan  1 14:03:46 2026,198000000,EM_ANDAMENTO,2FlWI,e060558a
Thu Jan  1 14:03:48 2026,198500000,EM_ANDAMENTO,E,9e677faf
Thu Jan  1 14:03:49 2026,199000000,EM_ANDAMENTO,xkKUWiw4UP,91365ee5
Thu Jan  1 14:03:51 2026,199500000,EM_ANDAMENTO,EkAp,950c42c9
Thu Jan  1 14:03:52 2026,200000000,EM_ANDAMENTO,MYnTe6O,09bbf99e
Thu Jan  1 14:03:54 2026,200500000,EM_ANDAMENTO,WagLjMXi,4fcb9223
Thu Jan  1 14:03:56 2026,201000000,EM_ANDAMENTO,nsAm8GGzbYE,3a7d9cbf
Thu Jan  1 14:03:57 2026,201500000,EM_ANDAMENTO,msTWRI,a3d3a436
Thu Jan  1 14:03:59 2026,202000000,EM_ANDAMENTO,NWDQ4OR,8a69cb12
Thu Jan  1 14:04:00 2026,202500000,EM_ANDAMENTO,TroNBPVj7o7,2d7de93e
Thu Jan  1 14:04:02 2026,203000000,EM_ANDAMENTO,IczndMN0,f0e5c5bc
Thu Jan  1 14:04:03 2026,203500000,EM_ANDAMENTO,PrT,cf0e58ea
Thu Jan  1 14:04:05 2026,204000000,EM_ANDAMENTO,0R6ZSWqnUs,7c513c76
Thu Jan  1 14:04:07 2026,204500000,EM_ANDAMENTO,9ZgA,2fdb43e3
Thu Jan  1 14:04:08 2026,205000000,EM_ANDAMENTO,YR6p,84facb32
Thu Jan  1 14:04:10 2026,205500000,EM_ANDAMENTO,tzQysKqB,0174e32d
Thu Jan  1 14:04:11 2026,206000000,EM_ANDAMENTO,UPXqM,648b2b98
Thu Jan  1 14:04:13 2026,206500000,EM_ANDAMENTO,NWDiOdYX,2bcac562
Thu Jan  1 14:04:14 2026,207000000,EM_ANDAMENTO,zWWL7EP,06d032de
Thu Jan  1 14:04:16 2026,207500000,EM_ANDAMENTO,8yFUHVF,e1d1e864
Thu Jan  1 14:04:17 2026,208000000,EM_ANDAMENTO,cuJj,a17bb301
Thu Jan  1 14:04:19 2026,208500000,EM_ANDAMENTO,DrYe1K,790c67c2
Thu Jan  1 14:04:21 2026,209000000,EM_ANDAMENTO,ijA663JW,635148ac
Thu Jan  1 14:04:22 2026,209500000,EM_ANDAMENTO,Ql,dd8aa714
Thu Jan  1 14:04:24 2026,210000000,EM_ANDAMENTO,PCBxhCqI,ad267a1d
Thu Jan  1 14:04:25 2026,210500000,EM_ANDAMENTO,Vi,15f28066
Thu Jan  1 14:04:27 2026,211000000,EM_ANDAMENTO,PHOHdJMdF,915c2152
Thu Jan  1 14:04:29 2026,211500000,EM_ANDAMENTO,PIX28qkmu2Ce,140f59f5
Thu Jan  1 14:04:30 2026,212000000,EM_ANDAMENTO,1xo4gJKFq5UF,cfd672f6
Thu Jan  1 14:04:32 2026,212500000,EM_ANDAMENTO,DKw,ee46c9aa
Thu Jan  1 14:04:33 2026,213000000,EM_ANDAMENTO,ci,ac1d395e
Thu Jan  1 14:04:35 2026,213500000,EM_ANDAMENTO,DgL1b3,f3b557ca
Thu Jan  1 14:04:36 2026,214000000,EM_ANDAMENTO,qZt1lVXMP,0935faf3
Thu Jan  1 14:04:38 2026,214500000,EM_ANDAMENTO,CQaR,653196fb
Thu Jan  1 14:04:39 2026,215000000,EM_ANDAMENTO,8k,72a3ac05
Thu Jan  1 14:04:41 2026,215500000,EM_ANDAMENTO,qB6fx22,07781806
Thu Jan  1 14:04:43 2026,216000000,EM_ANDAMENTO,ipL2F,033c2f09
Thu Jan  1 14:04:44 2026,216500000,EM_ANDAMENTO,Thf,0d077f6c
Thu Jan  1 14:04:46 2026,217000000,EM_ANDAMENTO,x,e472c5e3
Thu Jan  1 14:04:47 2026,217500000,EM_ANDAMENTO,7vKw,ff04d262
Thu Jan  1 14:04:49 2026,218000000,EM_ANDAMENTO,ZNbaFiMRFnN,f7744f61
Thu Jan  1 14:04:50 2026,218500000,EM_ANDAMENTO,jPc,0ce9424b
Thu Jan  1 14:04:52 2026,219000000,EM_ANDAMENTO,W7bc,4cc40fe9
Thu Jan  1 14:04:54 2026,219500000,EM_ANDAMENTO,5,b485d77f
Thu Jan  1 14:04:55 2026,220000000,EM_ANDAMENTO,dMZhfAPG,eee48238
Thu Jan  1 14:04:57 2026,220500000,EM_ANDAMENTO,fsUo,9a356fb7
Thu Jan  1 14:04:58 2026,221000000,EM_ANDAMENTO,GZY9w0sRBt,456a4b44
Thu Jan  1 14:05:00 2026,221500000,EM_ANDAMENTO,fMPJiQt9zBEA,555fd8d9
Thu Jan  1 14:05:02 2026,222000000,EM_ANDAMENTO,KvcP,19855bf0
Thu Jan  1 14:05:04 2026,222500000,EM_ANDAMENTO,ZcIo2NB,444a2d2f
Thu Jan  1 14:05:06 2026,223000000,EM_ANDAMENTO,QsnVffUsLvp,a3ed9d29
Thu Jan  1 14:05:07 2026,223500000,EM_ANDAMENTO,aNGwUj,500fbedc
Thu Jan  1 14:05:09 2026,224000000,EM_ANDAMENTO,rZpSLD5,3496cff9
Thu Jan  1 14:05:11 2026,224500000,EM_ANDAMENTO,Gn4cUej9,01e4e7cf
Thu Jan  1 14:05:12 2026,225000000,EM_ANDAMENTO,25Q0coeJU01t,410a9742
Thu Jan  1 14:05:14 2026,225500000,EM_ANDAMENTO,YC,39193aba
Thu Jan  1 14:05:15 2026,226000000,EM_ANDAMENTO,1M2oy4nc,13340ea1
Thu Jan  1 14:05:17 2026,226500000,EM_ANDAMENTO,6DyrMuQwJb,6db10f72
Thu Jan  1 14:05:19 2026,227000000,EM_ANDAMENTO,9EUty3PEe,ec669e1e
Thu Jan  1 14:05:20 2026,227500000,EM_ANDAMENTO,XGshiDWw,b97f1c17
Thu Jan  1 14:05:22 2026,228000000,EM_ANDAMENTO,KG6oC,50b735c2
Thu Jan  1 14:05:23 2026,228500000,EM_ANDAMENTO,nw4dciIMoU,d11aefe3
Thu Jan  1 14:05:25 2026,229000000,EM_ANDAMENTO,N,9e1bfdab
Thu Jan  1 14:05:26 2026,229500000,EM_ANDAMENTO,AejxCUWy4U0,124f2dab
Thu Jan  1 14:05:28 2026,230000000,EM_ANDAMENTO,gS2bvqR2hx,3dc6822d
Thu Jan  1 14:05:29 2026,230500000,EM_ANDAMENTO,yQdMWixOU,2f4c01c4
Thu Jan  1 14:05:31 2026,231000000,EM_ANDAMENTO,DvI6PC3Wy3hv,21c811b5
Thu Jan  1 14:05:33 2026,231500000,EM_ANDAMENTO,QWaY1,93ddd88c
Thu Jan  1 14:05:34 2026,232000000,EM_ANDAMENTO,7syLwx1umy,e934a6fa
Thu Jan  1 14:05:36 2026,232500000,EM_ANDAMENTO,rcz1cP,c742d34f
Thu Jan  1 14:05:37 2026,233000000,EM_ANDAMENTO,OAVfOandGS7,20be24cd
Thu Jan  1 14:05:39 2026,233500000,EM_ANDAMENTO,hwu,627e360a
Thu Jan  1 14:05:40 2026,234000000,EM_ANDAMENTO,YtrR,40cbbf03
Thu Jan  1 14:05:42 2026,234500000,EM_ANDAMENTO,D,f0695584
Thu Jan  1 14:05:44 2026,235000000,EM_ANDAMENTO,JHl,a326ae96
Thu Jan  1 14:05:45 2026,235500000,EM_ANDAMENTO,WLLcNR,e2c262f1
Thu Jan  1 14:05:47 2026,236000000,EM_ANDAMENTO,Wey,430656d7
Thu Jan  1 14:05:48 2026,236500000,EM_ANDAMENTO,7u8Cm,1e3f7f04
Thu Jan  1 14:05:50 2026,237000000,EM_ANDAMENTO,QR,41531ee2
Thu Jan  1 14:05:51 2026,237500000,EM_ANDAMENTO,y,4cccd98d
Thu Jan  1 14:05:53 2026,238000000,EM_ANDAMENTO,8Zhu,bdcb706a
Thu Jan  1 14:05:55 2026,238500000,EM_ANDAMENTO,lOkMdwnEz,54e2d8b6
Thu Jan  1 14:05:56 2026,239000000,EM_ANDAMENTO,ZOmpkLMv1,fdb71395
Thu Jan  1 14:05:58 2026,239500000,EM_ANDAMENTO,dD6KWWzB,c9a8abd3
Thu Jan  1 14:05:59 2026,240000000,EM_ANDAMENTO,qJ4Ofru3f,bdeb577d
Thu Jan  1 14:06:01 2026,240500000,EM_ANDAMENTO,gg4d1A6C,2cf0bc62
Thu Jan  1 14:06:02 2026,241000000,EM_ANDAMENTO,jyKiCDlYNle,4b897df4
Thu Jan  1 14:06:04 2026,241500000,EM_ANDAMENTO,TrGa8RubN7R,a7e553ca
Thu Jan  1 14:06:06 2026,242000000,EM_ANDAMENTO,sXyDpoIZS,90b93a81
Thu Jan  1 14:06:07 2026,242500000,EM_ANDAMENTO,unHw1eFXwUwQ,0f2961fd
Thu Jan  1 14:06:09 2026,243000000,EM_ANDAMENTO,tfJDaefZMN1,1226d4d2
Thu Jan  1 14:06:10 2026,243500000,EM_ANDAMENTO,1,ebaf5ccd
Thu Jan  1 14:06:12 2026,244000000,EM_ANDAMENTO,iM20b1O,b3e99a06
Thu Jan  1 14:06:13 2026,244500000,EM_ANDAMENTO,NF,b424fa96
Thu Jan  1 14:06:15 2026,245000000,EM_ANDAMENTO,gFJ1qrYJ,0cbc8d31
Thu Jan  1 14:06:16 2026,245500000,EM_ANDAMENTO,BseKR,7aa63853
Thu Jan  1 14:06:18 2026,246000000,EM_ANDAMENTO,I,9264d438
Thu Jan  1 14:06:20 2026,246500000,EM_ANDAMENTO,Ze,29e06c3e
Thu Jan  1 14:06:21 2026,247000000,EM_ANDAMENTO,RM9wmasdqG,26c3855b
Thu Jan  1 14:06:23 2026,247500000,EM_ANDAMENTO,H,db72f8cc
Thu Jan  1 14:06:24 2026,248000000,EM_ANDAMENTO,wZZQiKUXU4gw,d3d26e01
Thu Jan  1 14:06:26 2026,248500000,EM_ANDAMENTO,gRTQkjZ,d671c5eb
Thu Jan  1 14:06:28 2026,249000000,EM_ANDAMENTO,7S4cd2wSs,be01bc4e
Thu Jan  1 14:06:29 2026,249500000,EM_ANDAMENTO,3DnBMCkR,2016ff8d
Thu Jan  1 14:06:31 2026,250000000,EM_ANDAMENTO,i,78ac692a
Thu Jan  1 14:06:32 2026,250500000,EM_ANDAMENTO,iXq,03606298
Thu Jan  1 14:06:34 2026,251000000,EM_ANDAMENTO,ge,b3d261a7
Thu Jan  1 14:06:35 2026,251500000,EM_ANDAMENTO,8c7,2f629cfd
Thu Jan  1 14:06:37 2026,252000000,EM_ANDAMENTO,8XF,5192c01d
Thu Jan  1 14:06:38 2026,252500000,EM_ANDAMENTO,fRY6JLKIHhI,4ab0d02e
Thu Jan  1 14:06:40 2026,253000000,EM_ANDAMENTO,MAi9CgFovhs,e0519a72
Thu Jan  1 14:06:42 2026,253500000,EM_ANDAMENTO,RJ71v,7fae80e1
Thu Jan  1 14:06:43 2026,254000000,EM_ANDAMENTO,b,f0ffa343
Thu Jan  1 14:06:45 2026,254500000,EM_ANDAMENTO,Mc2TZbf,464e7285
Thu Jan  1 14:06:46 2026,255000000,EM_ANDAMENTO,khBrAnQpL,28ecac95
Thu Jan  1 14:06:48 2026,255500000,EM_ANDAMENTO,ibd3NDu,7c8ffd7f
Thu Jan  1 14:06:49 2026,256000000,EM_ANDAMENTO,ma,1c687f84
Thu Jan  1 14:06:51 2026,256500000,EM_ANDAMENTO,sI776d2NH,cf0270a8
Thu Jan  1 14:06:52 2026,257000000,EM_ANDAMENTO,mfBf,1a227fe0
Thu Jan  1 14:06:54 2026,257500000,EM_ANDAMENTO,n79iBl,4f246a46
Thu Jan  1 14:06:55 2026,258000000,EM_ANDAMENTO,b2Ed,4d962309
Thu Jan  1 14:06:57 2026,258500000,EM_ANDAMENTO,WYkNDYy,087b38c3
Thu Jan  1 14:06:58 2026,259000000,EM_ANDAMENTO,Hh8Ku0h,4f003b1e
Thu Jan  1 14:07:00 2026,259500000,EM_ANDAMENTO,OH336EE,53717924
Thu Jan  1 14:07:01 2026,260000000,EM_ANDAMENTO,zcPEAPim,af59394f
Thu Jan  1 14:07:03 2026,260500000,EM_ANDAMENTO,BhhTEL3MxiC,105840c2
Thu Jan  1 14:07:04 2026,261000000,EM_ANDAMENTO,jTE92xcW,49facc88
Thu Jan  1 14:07:06 2026,261500000,EM_ANDAMENTO,ex7oULRWr,02e61437
Thu Jan  1 14:07:07 2026,262000000,EM_ANDAMENTO,mshzc,eeca5983
Thu Jan  1 14:07:09 2026,262500000,EM_ANDAMENTO,cjivRoYMBcJ,b4f70bf5
Thu Jan  1 14:07:10 2026,263000000,EM_ANDAMENTO,ZPHFm1b8WgB6,d3474ea3
Thu Jan  1 14:07:12 2026,263500000,EM_ANDAMENTO,paGwElhikZ,80ba8e99
Thu Jan  1 14:07:13 2026,264000000,EM_ANDAMENTO,tudmiEgvSdG,a51c0fcf
Thu Jan  1 14:07:15 2026,264500000,EM_ANDAMENTO,82iY,6b08563d
Thu Jan  1 14:07:17 2026,265000000,EM_ANDAMENTO,6z9punzTR,490886f5
Thu Jan  1 14:07:18 2026,265500000,EM_ANDAMENTO,j9fqoqQ,16902fdb
Thu Jan  1 14:07:20 2026,266000000,EM_ANDAMENTO,1as,1c959717
Thu Jan  1 14:07:21 2026,266500000,EM_ANDAMENTO,WM3N3IF6mKWh,109b5b8e
Thu Jan  1 14:07:23 2026,267000000,EM_ANDAMENTO,vvdDr1,0cbda533
Thu Jan  1 14:07:24 2026,267500000,EM_ANDAMENTO,sF8VvBj,5de57ca3
Thu Jan  1 14:07:26 2026,268000000,EM_ANDAMENTO,WVWg1WQy,bcb0c020
Thu Jan  1 14:07:27 2026,268500000,EM_ANDAMENTO,HYn7MvggcPhl,a7c9eb88
Thu Jan  1 14:07:29 2026,269000000,EM_ANDAMENTO,nb6,9b6a09dc
Thu Jan  1 14:07:30 2026,269500000,EM_ANDAMENTO,CQq,3dad9efc
Thu Jan  1 14:07:32 2026,270000000,EM_ANDAMENTO,brr3QCsEM,cddeadbc
Thu Jan  1 14:07:33 2026,270500000,EM_ANDAMENTO,WSbaoVCo,4dbfe365
Thu Jan  1 14:07:35 2026,271000000,EM_ANDAMENTO,lPRDweVs1,89db6d83
Thu Jan  1 14:07:36 2026,271500000,EM_ANDAMENTO,y,4cccd98d
Thu Jan  1 14:07:38 2026,272000000,EM_ANDAMENTO,QPm,9a3e38c5
Thu Jan  1 14:07:39 2026,272500000,EM_ANDAMENTO,AMv,ae19b655
Thu Jan  1 14:07:41 2026,273000000,EM_ANDAMENTO,dKJxpJ9v4xK,eb585f13
Thu Jan  1 14:07:43 2026,273500000,EM_ANDAMENTO,A9BLurEg10h,0b40b171
Thu Jan  1 14:07:44 2026,274000000,EM_ANDAMENTO,p5p,4498895c
Thu Jan  1 14:07:46 2026,274500000,EM_ANDAMENTO,tgL,80afde05
Thu Jan  1 14:07:47 2026,275000000,EM_ANDAMENTO,FmQbCv5Dv0,2d1eb861
Thu Jan  1 14:07:49 2026,275500000,EM_ANDAMENTO,sxL9,b118e94d
Thu Jan  1 14:07:50 2026,276000000,EM_ANDAMENTO,SLqqUC,e11a2e4a
Thu Jan  1 14:07:52 2026,276500000,EM_ANDAMENTO,qMni,0907e371
Thu Jan  1 14:07:53 2026,277000000,EM_ANDAMENTO,t12H,dc8d8b51
Thu Jan  1 14:07:55 2026,277500000,EM_ANDAMENTO,RDZDcUcK1,b8193e27
Thu Jan  1 14:07:56 2026,278000000,EM_ANDAMENTO,hQVbuQw9pPe,158fe47f
Thu Jan  1 14:07:58 2026,278500000,EM_ANDAMENTO,oefQhfkF5TSf,31bb2817
Thu Jan  1 14:07:59 2026,279000000,EM_ANDAMENTO,GR8hQ,c2ae7104
Thu Jan  1 14:08:01 2026,279500000,EM_ANDAMENTO,ls96a2MJnOK,0d4fcd83
Thu Jan  1 14:08:02 2026,280000000,EM_ANDAMENTO,VwZJ,e53c70ca
Thu Jan  1 14:08:04 2026,280500000,EM_ANDAMENTO,oKts,8e624320
Thu Jan  1 14:08:05 2026,281000000,EM_ANDAMENTO,fjgga,95df1a26
Thu Jan  1 14:08:07 2026,281500000,EM_ANDAMENTO,rHiEUtl,2ec670e7
Thu Jan  1 14:08:08 2026,282000000,EM_ANDAMENTO,bDXRXkAoWl,231a2638
Thu Jan  1 14:08:10 2026,282500000,EM_ANDAMENTO,JCai6,cfc42658
Thu Jan  1 14:08:11 2026,283000000,EM_ANDAMENTO,SMTM,91178ae8
Thu Jan  1 14:08:13 2026,283500000,EM_ANDAMENTO,5,b485d77f
Thu Jan  1 14:08:14 2026,284000000,EM_ANDAMENTO,CTW6,a4230704
Thu Jan  1 14:08:16 2026,284500000,EM_ANDAMENTO,c,a5c1009b
Thu Jan  1 14:08:17 2026,285000000,EM_ANDAMENTO,b,f0ffa343
Thu Jan  1 14:08:19 2026,285500000,EM_ANDAMENTO,w,1e332829
Thu Jan  1 14:08:21 2026,286000000,EM_ANDAMENTO,qTVzy0K1AQ,5cbbf598
Thu Jan  1 14:08:22 2026,286500000,EM_ANDAMENTO,XewA,3409cac7
Thu Jan  1 14:08:24 2026,287000000,EM_ANDAMENTO,ChU2T8Abxm,2683b886
Thu Jan  1 14:08:25 2026,287500000,EM_ANDAMENTO,Lyqwl,b27f21b6
Thu Jan  1 14:08:27 2026,288000000,EM_ANDAMENTO,n,68f8ea7d
Thu Jan  1 14:08:28 2026,288500000,EM_ANDAMENTO,p4GS,28c5b96b
Thu Jan  1 14:08:30 2026,289000000,EM_ANDAMENTO,tC7NRtz,f54085fd
Thu Jan  1 14:08:31 2026,289500000,EM_ANDAMENTO,7fOPJ1qmEOAG,f33568e6
Thu Jan  1 14:08:33 2026,290000000,EM_ANDAMENTO,Xx4AO,6e62fdeb
Thu Jan  1 14:08:34 2026,290500000,EM_ANDAMENTO,6bhC,6c5601c2
Thu Jan  1 14:08:36 2026,291000000,EM_ANDAMENTO,RJSL,865a5152
Thu Jan  1 14:08:37 2026,291500000,EM_ANDAMENTO,Xg8t5HZ5DUH,a2e12d38
Thu Jan  1 14:08:39 2026,292000000,EM_ANDAMENTO,BJbg3IPU,e3f4a9f1
Thu Jan  1 14:08:40 2026,292500000,EM_ANDAMENTO,cR370OIXP1Hs,d300827f
Thu Jan  1 14:08:42 2026,293000000,EM_ANDAMENTO,CDULCy,c2d44a0b
Thu Jan  1 14:08:43 2026,293500000,EM_ANDAMENTO,QMDFitnRKi,2fe48b0e
Thu Jan  1 14:08:45 2026,294000000,EM_ANDAMENTO,CPN,1cad8b8e
Thu Jan  1 14:08:46 2026,294500000,EM_ANDAMENTO,hUHpv,61b6c103
Thu Jan  1 14:08:48 2026,295000000,EM_ANDAMENTO,COHvggACV,ec6195c8
Thu Jan  1 14:08:49 2026,295500000,EM_ANDAMENTO,4zQGafMZ,7d89f2e0
Thu Jan  1 14:08:51 2026,296000000,EM_ANDAMENTO,vfCf8,d2ddf8d8
Thu Jan  1 14:08:52 2026,296500000,EM_ANDAMENTO,nkGIhqNR9h,4f9042e3
Thu Jan  1 14:08:54 2026,297000000,EM_ANDAMENTO,aGXBYi,b823d955
Thu Jan  1 14:08:56 2026,297500000,EM_ANDAMENTO,LPphH22,24c0dd88
Thu Jan  1 14:08:57 2026,298000000,EM_ANDAMENTO,hOQYE8AR,ef56c9d2
Thu Jan  1 14:08:59 2026,298500000,EM_ANDAMENTO,UF,cc808f6c
Thu Jan  1 14:09:00 2026,299000000,EM_ANDAMENTO,EKouhAiOf0O,e9b242e4
Thu Jan  1 14:09:02 2026,299500000,EM_ANDAMENTO,Sbk,8b3dd43f
Thu Jan  1 14:09:03 2026,300000000,EM_ANDAMENTO,efQsFaiY0HZ,45058e1f
Thu Jan  1 14:09:05 2026,300500000,EM_ANDAMENTO,gbgkyX,d5ecca94
Thu Jan  1 14:09:06 2026,301000000,EM_ANDAMENTO,m0Az1f2qWM1C,fac630bc
Thu Jan  1 14:09:08 2026,301500000,EM_ANDAMENTO,W0s2rI,7563a3d2
Thu Jan  1 14:09:10 2026,302000000,EM_ANDAMENTO,uB7UlDC51h,192ea3b4
Thu Jan  1 14:09:11 2026,302500000,EM_ANDAMENTO,5,b485d77f
Thu Jan  1 14:09:13 2026,303000000,EM_ANDAMENTO,l,5238d98f
Thu Jan  1 14:09:14 2026,303500000,EM_ANDAMENTO,jf0,45af37a0
Thu Jan  1 14:09:16 2026,304000000,EM_ANDAMENTO,xA,6140c19f
Thu Jan  1 14:09:17 2026,304500000,EM_ANDAMENTO,M3acNJ3D,2ba0f6b7
Thu Jan  1 14:09:19 2026,305000000,EM_ANDAMENTO,0xxhZvrksXi,16af66df
Thu Jan  1 14:09:20 2026,305500000,EM_ANDAMENTO,yq,9fb91102
Thu Jan  1 14:09:22 2026,306000000,EM_ANDAMENTO,pmHCBX,1fb9132b
Thu Jan  1 14:09:23 2026,306500000,EM_ANDAMENTO,a2lCQ2,d03a69ce
Thu Jan  1 14:09:25 2026,307000000,EM_ANDAMENTO,lL8aonAcu,251b2d9d
Thu Jan  1 14:09:26 2026,307500000,EM_ANDAMENTO,TNt,20aa0c5a
Thu Jan  1 14:09:28 2026,308000000,EM_ANDAMENTO,upXur5tkSjlN,5824bba1
Thu Jan  1 14:09:29 2026,308500000,EM_ANDAMENTO,ReNpyY6qnf5,f59219d7
Thu Jan  1 14:09:31 2026,309000000,EM_ANDAMENTO,XpKA0oBJHP,ff19f874
Thu Jan  1 14:09:32 2026,309500000,EM_ANDAMENTO,QA2,1a4d23e7
Thu Jan  1 14:09:34 2026,310000000,EM_ANDAMENTO,b6m1qKel,a65176b9
Thu Jan  1 14:09:35 2026,310500000,EM_ANDAMENTO,ibJP,b42703b5
Thu Jan  1 14:09:37 2026,311000000,EM_ANDAMENTO,0REQQeGu,9dfcb4eb
Thu Jan  1 14:09:38 2026,311500000,EM_ANDAMENTO,Y6f25,9844f42a
Thu Jan  1 14:09:40 2026,312000000,EM_ANDAMENTO,1KSG3S8ot,5f095632
Thu Jan  1 14:09:41 2026,312500000,EM_ANDAMENTO,ei,01c4b946
Thu Jan  1 14:09:43 2026,313000000,EM_ANDAMENTO,P,eab44804
Thu Jan  1 14:09:44 2026,313500000,EM_ANDAMENTO,nDjp,f95155ac
Thu Jan  1 14:09:46 2026,314000000,EM_ANDAMENTO,5T6MzP,d0e1396e
Thu Jan  1 14:09:47 2026,314500000,EM_ANDAMENTO,XivRVjkm,121f855a
Thu Jan  1 14:09:49 2026,315000000,EM_ANDAMENTO,FwtiJBxsZ,cf81c4e1
Thu Jan  1 14:09:50 2026,315500000,EM_ANDAMENTO,vJ6s,43a8fc5b
Thu Jan  1 14:09:52 2026,316000000,EM_ANDAMENTO,ej,15842486
Thu Jan  1 14:09:54 2026,316500000,EM_ANDAMENTO,Oc,f68801a5
Thu Jan  1 14:09:55 2026,317000000,EM_ANDAMENTO,T3l7Wt,a498fe50
Thu Jan  1 14:09:57 2026,317500000,EM_ANDAMENTO,td5PqcOn5C,71aa14cf
Thu Jan  1 14:09:58 2026,318000000,EM_ANDAMENTO,hOyrb6lBkF,97fd07c3
Thu Jan  1 14:10:00 2026,318500000,EM_ANDAMENTO,znyB,0197b34a
Thu Jan  1 14:10:01 2026,319000000,EM_ANDAMENTO,g,7a529e89
Thu Jan  1 14:10:03 2026,319500000,EM_ANDAMENTO,M39Bh,0adfc9e7
Thu Jan  1 14:10:04 2026,320000000,EM_ANDAMENTO,DswiM,9373b5ff
Thu Jan  1 14:10:06 2026,320500000,EM_ANDAMENTO,xcodDC,fc83f1b9
Thu Jan  1 14:10:07 2026,321000000,EM_ANDAMENTO,lIXJl8Mf,9a55d7bc
Thu Jan  1 14:10:09 2026,321500000,EM_ANDAMENTO,2w2w0uzqw9,60b2ed32
Thu Jan  1 14:10:10 2026,322000000,EM_ANDAMENTO,xAACWY1qFI,bad90b7e
Thu Jan  1 14:10:12 2026,322500000,EM_ANDAMENTO,Z8eyGaq,7041990a
Thu Jan  1 14:10:13 2026,323000000,EM_ANDAMENTO,w,1e332829
Thu Jan  1 14:10:15 2026,323500000,EM_ANDAMENTO,9MlvtsO,0b85a517
Thu Jan  1 14:10:17 2026,324000000,EM_ANDAMENTO,dlCpZ8H,a533a234
Thu Jan  1 14:10:18 2026,324500000,EM_ANDAMENTO,NfO,ebd196e9
Thu Jan  1 14:10:20 2026,325000000,EM_ANDAMENTO,cL4Ii,83b21809
Thu Jan  1 14:10:21 2026,325500000,EM_ANDAMENTO,9lfY1gWU,9fb7d676
Thu Jan  1 14:10:23 2026,326000000,EM_ANDAMENTO,l8Yyf,69cecb1c
Thu Jan  1 14:10:24 2026,326500000,EM_ANDAMENTO,uY8eFC,a8d539b6
Thu Jan  1 14:10:26 2026,327000000,EM_ANDAMENTO,8EhffH,1ae921fc
Thu Jan  1 14:10:27 2026,327500000,EM_ANDAMENTO,VIp,65fa889a
Thu Jan  1 14:10:29 2026,328000000,EM_ANDAMENTO,gdCw0t,e535f176
Thu Jan  1 14:10:30 2026,328500000,EM_ANDAMENTO,BRoqot6e,51378228
Thu Jan  1 14:10:32 2026,329000000,EM_ANDAMENTO,g,7a529e89
Thu Jan  1 14:10:33 2026,329500000,EM_ANDAMENTO,Ce2y,4d941db6
Thu Jan  1 14:10:35 2026,330000000,EM_ANDAMENTO,fg8jB,378573f6
Thu Jan  1 14:10:36 2026,330500000,EM_ANDAMENTO,25K,6c63fbba
Thu Jan  1 14:10:38 2026,331000000,EM_ANDAMENTO,7xkVu1Jc6,8cd053f9
Thu Jan  1 14:10:39 2026,331500000,EM_ANDAMENTO,JCTbagHdfl,9c1143a4
Thu Jan  1 14:10:41 2026,332000000,EM_ANDAMENTO,FL6Ww,246fde86
Thu Jan  1 14:10:42 2026,332500000,EM_ANDAMENTO,cqGyxmzQ,4a988054
Thu Jan  1 14:10:44 2026,333000000,EM_ANDAMENTO,Tk6Nxcr,fe446feb
Thu Jan  1 14:10:45 2026,333500000,EM_ANDAMENTO,64LbKmT,12680656
Thu Jan  1 14:10:47 2026,334000000,EM_ANDAMENTO,9oD1kXQ,d3c8a6d5
Thu Jan  1 14:10:48 2026,334500000,EM_ANDAMENTO,9P2NH0BbD,7b92ce9a
Thu Jan  1 14:10:50 2026,335000000,EM_ANDAMENTO,xOg21a,3da08bd9
Thu Jan  1 14:10:51 2026,335500000,EM_ANDAMENTO,K9QUZO,63c990ac
Thu Jan  1 14:10:53 2026,336000000,EM_ANDAMENTO,7v93,37f8af14
Thu Jan  1 14:10:54 2026,336500000,EM_ANDAMENTO,FigX5MUeR,c8ea94ab
Thu Jan  1 14:10:56 2026,337000000,EM_ANDAMENTO,iGPtN7T5qB,47fb4921
Thu Jan  1 14:10:57 2026,337500000,EM_ANDAMENTO,Z6hxi,eb647caf
Thu Jan  1 14:10:59 2026,338000000,EM_ANDAMENTO,c,a5c1009b
Thu Jan  1 14:11:00 2026,338500000,EM_ANDAMENTO,NE1,bbb634ff
Thu Jan  1 14:11:02 2026,339000000,EM_ANDAMENTO,sRt,dedb97f5
Thu Jan  1 14:11:03 2026,339500000,EM_ANDAMENTO,ALfknA9,a904991f
Thu Jan  1 14:11:05 2026,340000000,EM_ANDAMENTO,5,b485d77f
Thu Jan  1 14:11:06 2026,340500000,EM_ANDAMENTO,h,ed6dba4b
Thu Jan  1 14:11:08 2026,341000000,EM_ANDAMENTO,pgxik9,9fa458d5
Thu Jan  1 14:11:10 2026,341500000,EM_ANDAMENTO,xp,f6659fd7
Thu Jan  1 14:11:11 2026,342000000,EM_ANDAMENTO,P,eab44804
Thu Jan  1 14:11:13 2026,342500000,EM_ANDAMENTO,e509Q3jYhG,a57c7d6b
Thu Jan  1 14:11:14 2026,343000000,EM_ANDAMENTO,qTcbQK1Ff0u,8f5da86c
Thu Jan  1 14:11:16 2026,343500000,EM_ANDAMENTO,Z02k03YjSge,e322d7c8
Thu Jan  1 14:11:17 2026,344000000,EM_ANDAMENTO,q5M204Y,3b460e5a
Thu Jan  1 14:11:19 2026,344500000,EM_ANDAMENTO,eNc4dC,8f7024f1
Thu Jan  1 14:11:20 2026,345000000,EM_ANDAMENTO,kCz6Z0k,80101ebb
Thu Jan  1 14:11:22 2026,345500000,EM_ANDAMENTO,0mk7upW6,c3535dc1
Thu Jan  1 14:11:23 2026,346000000,EM_ANDAMENTO,Oky8eSk33vEQ,0c1378f6
Thu Jan  1 14:11:25 2026,346500000,EM_ANDAMENTO,Q0akzt,9dacca07
Thu Jan  1 14:11:26 2026,347000000,EM_ANDAMENTO,oLDI,a4b7cc50
Thu Jan  1 14:11:28 2026,347500000,EM_ANDAMENTO,aKJyEURFbdd,729ad029
Thu Jan  1 14:11:29 2026,348000000,EM_ANDAMENTO,7unFO3,605ef619
Thu Jan  1 14:11:31 2026,348500000,EM_ANDAMENTO,6eRu6oBbtFQX,c5632932
Thu Jan  1 14:11:32 2026,349000000,EM_ANDAMENTO,aV7,5c0f41db
Thu Jan  1 14:11:34 2026,349500000,EM_ANDAMENTO,lRxj,40d352fa
Thu Jan  1 14:11:35 2026,350000000,EM_ANDAMENTO,a42FJIGd,a393370b
Thu Jan  1 14:11:37 2026,350500000,EM_ANDAMENTO,apSuMLj,4f13ed7e
Thu Jan  1 14:11:38 2026,351000000,EM_ANDAMENTO,ul,d3544c94
Thu Jan  1 14:11:40 2026,351500000,EM_ANDAMENTO,s5VZosBIssFO,9f3f762f
Thu Jan  1 14:11:41 2026,352000000,EM_ANDAMENTO,Ndf,6fc8c9c4
Thu Jan  1 14:11:43 2026,352500000,EM_ANDAMENTO,BV8c42Y3T,85d95027
Thu Jan  1 14:11:44 2026,353000000,EM_ANDAMENTO,1jV1oIk,7fb88991
Thu Jan  1 14:11:46 2026,353500000,EM_ANDAMENTO,sGMIlUueisn,25086bf2
Thu Jan  1 14:11:47 2026,354000000,EM_ANDAMENTO,l,5238d98f
Thu Jan  1 14:11:49 2026,354500000,EM_ANDAMENTO,zr,63af2386
Thu Jan  1 14:11:50 2026,355000000,EM_ANDAMENTO,sWD1YuXl,9e676b91
Thu Jan  1 14:11:52 2026,355500000,EM_ANDAMENTO,jLx5daAlpNo,223cd7e0
Thu Jan  1 14:11:53 2026,356000000,EM_ANDAMENTO,WqnJ,15102c76
Thu Jan  1 14:11:55 2026,356500000,EM_ANDAMENTO,aik4cifXB6FW,737d4a7b
Thu Jan  1 14:11:56 2026,357000000,EM_ANDAMENTO,U,286668ef
Thu Jan  1 14:11:58 2026,357500000,EM_ANDAMENTO,esZijkEi,b92dd5d6
Thu Jan  1 14:11:59 2026,358000000,EM_ANDAMENTO,QawSZ7OetB12,d32fcd49
Thu Jan  1 14:12:01 2026,358500000,EM_ANDAMENTO,kY7vrRV,02153f24
Thu Jan  1 14:12:03 2026,359000000,EM_ANDAMENTO,9S8Bg4y,0255b1df
Thu Jan  1 14:12:04 2026,359500000,EM_ANDAMENTO,G2jzx8aAXVy,034f959f
Thu Jan  1 14:12:06 2026,360000000,EM_ANDAMENTO,s7p,fe7ae450
Thu Jan  1 14:12:07 2026,360500000,EM_ANDAMENTO,8Twb9U5b0,2f8015e4
Thu Jan  1 14:12:09 2026,361000000,EM_ANDAMENTO,83CYBIDO,3c19b712
Thu Jan  1 14:12:10 2026,361500000,EM_ANDAMENTO,50muzSh,20298057
Thu Jan  1 14:12:12 2026,362000000,EM_ANDAMENTO,ZyLc4ogSOynu,a185223d
Thu Jan  1 14:12:13 2026,362500000,EM_ANDAMENTO,RH,a4ccb525
Thu Jan  1 14:12:15 2026,363000000,EM_ANDAMENTO,oOsEyAQ,a70736aa
Thu Jan  1 14:12:16 2026,363500000,EM_ANDAMENTO,Vw5ww5ADaoCr,9a089f08
Thu Jan  1 14:12:18 2026,364000000,EM_ANDAMENTO,To,eb227553
Thu Jan  1 14:12:19 2026,364500000,EM_ANDAMENTO,jkYM,72742b27
Thu Jan  1 14:12:21 2026,365000000,EM_ANDAMENTO,CI,6581b167
Thu Jan  1 14:12:22 2026,365500000,EM_ANDAMENTO,m,c5c95598
Thu Jan  1 14:12:24 2026,366000000,EM_ANDAMENTO,u,4aed0987
Thu Jan  1 14:12:25 2026,366500000,EM_ANDAMENTO,d,5943bb0f
Thu Jan  1 14:12:27 2026,367000000,EM_ANDAMENTO,SNCr,9bd8fdf2
Thu Jan  1 14:12:28 2026,367500000,EM_ANDAMENTO,82rS,5dde19a3
Thu Jan  1 14:12:30 2026,368000000,EM_ANDAMENTO,Lr4BL208d,838192eb
Thu Jan  1 14:12:31 2026,368500000,EM_ANDAMENTO,U9kq,d3d0ed74
Thu Jan  1 14:12:33 2026,369000000,EM_ANDAMENTO,RAvY,9548a5a6
Thu Jan  1 14:12:34 2026,369500000,EM_ANDAMENTO,Qe7ZNyMhk53,640fa815
Thu Jan  1 14:12:36 2026,370000000,EM_ANDAMENTO,Y8j,9e09c7ee
Thu Jan  1 14:12:37 2026,370500000,EM_ANDAMENTO,tXBfrB,03200feb
Thu Jan  1 14:12:39 2026,371000000,EM_ANDAMENTO,zAQSq,4d189072
Thu Jan  1 14:12:41 2026,371500000,EM_ANDAMENTO,lWj,4d2cf837
Thu Jan  1 14:12:42 2026,372000000,EM_ANDAMENTO,XwN82QO,f64dcca6
Thu Jan  1 14:12:44 2026,372500000,EM_ANDAMENTO,W,c4abaca1
Thu Jan  1 14:12:45 2026,373000000,EM_ANDAMENTO,kc,5d481379
Thu Jan  1 14:12:47 2026,373500000,EM_ANDAMENTO,3IHsAt,829f128d
Thu Jan  1 14:12:48 2026,374000000,EM_ANDAMENTO,h1rRT,c48ced81
Thu Jan  1 14:12:50 2026,374500000,EM_ANDAMENTO,S,9934d41d
Thu Jan  1 14:12:51 2026,375000000,EM_ANDAMENTO,TLlPhDrXu,0e1319c5
Thu Jan  1 14:12:53 2026,375500000,EM_ANDAMENTO,Ec,c4b2c2a7
Thu Jan  1 14:12:54 2026,376000000,EM_ANDAMENTO,q,87b8d13b
Thu Jan  1 14:12:56 2026,376500000,EM_ANDAMENTO,6kgCLuhRUF,efff164f
Thu Jan  1 14:12:58 2026,377000000,EM_ANDAMENTO,TWI,35a7e035
Thu Jan  1 14:12:59 2026,377500000,EM_ANDAMENTO,RRsuo32kF,67a46f59
Thu Jan  1 14:13:00 2026,378000000,EM_ANDAMENTO,F,a2c949bf
Thu Jan  1 14:13:02 2026,378500000,EM_ANDAMENTO,4LVZi,c94e3b88
Thu Jan  1 14:13:04 2026,379000000,EM_ANDAMENTO,8YC08L,7416d18d
Thu Jan  1 14:13:05 2026,379500000,EM_ANDAMENTO,v,904f2f17
Thu Jan  1 14:13:06 2026,380000000,EM_ANDAMENTO,t7XnWPVypj4F,4fca6966
Thu Jan  1 14:13:08 2026,380500000,EM_ANDAMENTO,FKDv,8ca14b76
Thu Jan  1 14:13:10 2026,381000000,EM_ANDAMENTO,x3jeDQu0a,ae98bb33
Thu Jan  1 14:13:11 2026,381500000,EM_ANDAMENTO,C,2e9587f4
Thu Jan  1 14:13:13 2026,382000000,EM_ANDAMENTO,FCPY,55278497
Thu Jan  1 14:13:14 2026,382500000,EM_ANDAMENTO,LkDt,04fbe250
Thu Jan  1 14:13:16 2026,383000000,EM_ANDAMENTO,vgxTwoPmdtvo,1e4625e4
Thu Jan  1 14:13:17 2026,383500000,EM_ANDAMENTO,oFKsPNJjdy,c4e3c16a
Thu Jan  1 14:13:19 2026,384000000,EM_ANDAMENTO,jfSz,003cd366
Thu Jan  1 14:13:20 2026,384500000,EM_ANDAMENTO,bjviPFlX5d,a491375a
Thu Jan  1 14:13:22 2026,385000000,EM_ANDAMENTO,wo0Q72Avb7eb,9882b5a9
Thu Jan  1 14:13:23 2026,385500000,EM_ANDAMENTO,5lLPdglD27g,06e02072
Thu Jan  1 14:13:25 2026,386000000,EM_ANDAMENTO,3,0a7fddc2
Thu Jan  1 14:13:26 2026,386500000,EM_ANDAMENTO,Fc4E57I,341c1579
Thu Jan  1 14:13:28 2026,387000000,EM_ANDAMENTO,NBdnoese8,faf49b5f
Thu Jan  1 14:13:29 2026,387500000,EM_ANDAMENTO,YelBSMKt,60a6ffc0
Thu Jan  1 14:13:31 2026,388000000,EM_ANDAMENTO,BPAt,3ba9572a
Thu Jan  1 14:13:32 2026,388500000,EM_ANDAMENTO,NYwvBDOUK,31bcdae9
Thu Jan  1 14:13:34 2026,389000000,EM_ANDAMENTO,HyfIqJT5Z,ed1bb565
Thu Jan  1 14:13:35 2026,389500000,EM_ANDAMENTO,XSDTgAFsgQ,8c3af447
Thu Jan  1 14:13:37 2026,390000000,EM_ANDAMENTO,7WorJwl14RXn,ed39ce3f
Thu Jan  1 14:13:38 2026,390500000,EM_ANDAMENTO,pgmYC5wOsY,ffea261a
Thu Jan  1 14:13:40 2026,391000000,EM_ANDAMENTO,vzX,86d02d87
Thu Jan  1 14:13:41 2026,391500000,EM_ANDAMENTO,H2Vst,65a106a6
Thu Jan  1 14:13:43 2026,392000000,EM_ANDAMENTO,I,9264d438
Thu Jan  1 14:13:44 2026,392500000,EM_ANDAMENTO,GTs6j4nvc9U,bdfc80f8
Thu Jan  1 14:13:46 2026,393000000,EM_ANDAMENTO,DneJ59jGnj2,08758a57
Thu Jan  1 14:13:47 2026,393500000,EM_ANDAMENTO,05N33rIDLD,1d667b75
Thu Jan  1 14:13:49 2026,394000000,EM_ANDAMENTO,DFZ6Iaup7,5ac8f777
Thu Jan  1 14:13:50 2026,394500000,EM_ANDAMENTO,N,9e1bfdab
Thu Jan  1 14:13:52 2026,395000000,EM_ANDAMENTO,plTBSpaMOY,169e4afd
Thu Jan  1 14:13:54 2026,395500000,EM_ANDAMENTO,rdNTe2m1WB,f6031d55
Thu Jan  1 14:13:55 2026,396000000,EM_ANDAMENTO,c,a5c1009b
Thu Jan  1 14:13:57 2026,396500000,EM_ANDAMENTO,O6Nej,51e661f2
Thu Jan  1 14:13:58 2026,397000000,EM_ANDAMENTO,E,9e677faf
Thu Jan  1 14:14:00 2026,397500000,EM_ANDAMENTO,C4zeo8yb3,aa5d9b62
Thu Jan  1 14:14:01 2026,398000000,EM_ANDAMENTO,xcX,b11d4a21
Thu Jan  1 14:14:03 2026,398500000,EM_ANDAMENTO,U2JB7xdpN6k,83eabeba
Thu Jan  1 14:14:04 2026,399000000,EM_ANDAMENTO,giZ6NcF,a42291e0
Thu Jan  1 14:14:06 2026,399500000,EM_ANDAMENTO,nuh,14babe4c
Thu Jan  1 14:14:07 2026,400000000,EM_ANDAMENTO,wLo,3f794d2c
Thu Jan  1 14:14:09 2026,400500000,EM_ANDAMENTO,N,9e1bfdab
Thu Jan  1 14:14:10 2026,401000000,EM_ANDAMENTO,1xQcnQseR1,6fd84bc5
Thu Jan  1 14:14:12 2026,401500000,EM_ANDAMENTO,61rcZl0,46f29a48
Thu Jan  1 14:14:13 2026,402000000,EM_ANDAMENTO,U0,828eebf6
Thu Jan  1 14:14:15 2026,402500000,EM_ANDAMENTO,Ft6D,a00efaea
Thu Jan  1 14:14:16 2026,403000000,EM_ANDAMENTO,jSTribu,f7ac2dd5
Thu Jan  1 14:14:18 2026,403500000,EM_ANDAMENTO,vj0,5b2e2f1d
Thu Jan  1 14:14:19 2026,404000000,EM_ANDAMENTO,YeDP,d45dc07f
Thu Jan  1 14:14:21 2026,404500000,EM_ANDAMENTO,d6fy,2b4205d5
Thu Jan  1 14:14:23 2026,405000000,EM_ANDAMENTO,cqXXppeyET,021af121
Thu Jan  1 14:14:24 2026,405500000,EM_ANDAMENTO,q0K5Yc,aad7a6e7
Thu Jan  1 14:14:26 2026,406000000,EM_ANDAMENTO,M5xd8QW,b9070e66
Thu Jan  1 14:14:27 2026,406500000,EM_ANDAMENTO,odzV82ICP7S,ccff5ee0
Thu Jan  1 14:14:29 2026,407000000,EM_ANDAMENTO,r3M5pXniU,a688b275
Thu Jan  1 14:14:30 2026,407500000,EM_ANDAMENTO,AOaomH,dd9272cd
Thu Jan  1 14:14:32 2026,408000000,EM_ANDAMENTO,8nliYJ,497049a7
Thu Jan  1 14:14:33 2026,408500000,EM_ANDAMENTO,f2nURjwY,bd495800
Thu Jan  1 14:14:35 2026,409000000,EM_ANDAMENTO,les0N0yo8C,733269f1
Thu Jan  1 14:14:36 2026,409500000,EM_ANDAMENTO,J,5efe2fba
Thu Jan  1 14:14:38 2026,410000000,EM_ANDAMENTO,DI,799031ce
Thu Jan  1 14:14:39 2026,410500000,EM_ANDAMENTO,ifn,9628da5c
Thu Jan  1 14:14:41 2026,411000000,EM_ANDAMENTO,DzbI1jsy,8aef86f1
Thu Jan  1 14:14:43 2026,411500000,EM_ANDAMENTO,fxYIcSMzcs,7e92bc51
Thu Jan  1 14:14:44 2026,412000000,EM_ANDAMENTO,wFo0,9f6b3f1e
Thu Jan  1 14:14:46 2026,412500000,EM_ANDAMENTO,sJCk3Y,5d81176d
Thu Jan  1 14:14:47 2026,413000000,EM_ANDAMENTO,sOIkmVPks,b0df68e5
Thu Jan  1 14:14:49 2026,413500000,EM_ANDAMENTO,TRNlh9QqKPPq,47b72f93
Thu Jan  1 14:14:50 2026,414000000,EM_ANDAMENTO,nbn21iJ45w,86668156
Thu Jan  1 14:14:52 2026,414500000,EM_ANDAMENTO,vvF71,78fd91bf
Thu Jan  1 14:14:53 2026,415000000,EM_ANDAMENTO,3Cb9OtJRwpw,bd3bd41e
Thu Jan  1 14:14:55 2026,415500000,EM_ANDAMENTO,iy1YmpB,76096c65
Thu Jan  1 14:14:56 2026,416000000,EM_ANDAMENTO,DiX8t,6942779c
Thu Jan  1 14:14:58 2026,416500000,EM_ANDAMENTO,lHlOjsP,7004b5f6
Thu Jan  1 14:14:59 2026,417000000,EM_ANDAMENTO,INCXUtKX,146c1944
Thu Jan  1 14:15:01 2026,417500000,EM_ANDAMENTO,F7LuOoY6NO,7c88612e
Thu Jan  1 14:15:02 2026,418000000,EM_ANDAMENTO,eTvv3lO4mOY,d78bcb28
Thu Jan  1 14:15:04 2026,418500000,EM_ANDAMENTO,LLsQqlJoh38P,26765e37
Thu Jan  1 14:15:05 2026,419000000,EM_ANDAMENTO,dUYK,3cfd04c2
Thu Jan  1 14:15:07 2026,419500000,EM_ANDAMENTO,0uRqsWk,d354e8d2
Thu Jan  1 14:15:08 2026,420000000,EM_ANDAMENTO,G8qD,d0d43b4c
Thu Jan  1 14:15:10 2026,420500000,EM_ANDAMENTO,KUIdQQRLsoJT,b24a598d
Thu Jan  1 14:15:12 2026,421000000,EM_ANDAMENTO,Z5oaCZ7S2Rg,3761e70c
Thu Jan  1 14:15:13 2026,421500000,EM_ANDAMENTO,G7Rx,0eafbbd1
Thu Jan  1 14:15:15 2026,422000000,EM_ANDAMENTO,4P,6a014c41
Thu Jan  1 14:15:16 2026,422500000,EM_ANDAMENTO,YoiUN0kegQPb,23d0071c
Thu Jan  1 14:15:18 2026,423000000,EM_ANDAMENTO,gSHDj3,81163d7a
Thu Jan  1 14:15:19 2026,423500000,EM_ANDAMENTO,c0M,3e4e2dec
Thu Jan  1 14:15:21 2026,424000000,EM_ANDAMENTO,DYU1B2x,422552ab
Thu Jan  1 14:15:22 2026,424500000,EM_ANDAMENTO,9TOsC4EXpJYb,d0dcdaf0
Thu Jan  1 14:15:24 2026,425000000,EM_ANDAMENTO,2cmb,5db3de56
Thu Jan  1 14:15:25 2026,425500000,EM_ANDAMENTO,7uShO,7ff78d2c
Thu Jan  1 14:15:27 2026,426000000,EM_ANDAMENTO,iLBuYv7,d1a4cd29
Thu Jan  1 14:15:28 2026,426500000,EM_ANDAMENTO,vRfn4gEd,54ef54b7
Thu Jan  1 14:15:30 2026,427000000,EM_ANDAMENTO,bTsJ,8d1973bd
Thu Jan  1 14:15:31 2026,427500000,EM_ANDAMENTO,HHHA,e2b838ba
Thu Jan  1 14:15:33 2026,428000000,EM_ANDAMENTO,GIGKtinn72W,ceff46d1
Thu Jan  1 14:15:34 2026,428500000,EM_ANDAMENTO,4TH44Ys,6b2b7393
Thu Jan  1 14:15:36 2026,429000000,EM_ANDAMENTO,1,ebaf5ccd
Thu Jan  1 14:15:37 2026,429500000,EM_ANDAMENTO,8,cac75ec7
Thu Jan  1 14:15:39 2026,430000000,EM_ANDAMENTO,MuGir4ncWeD,3b0f1be7
Thu Jan  1 14:15:40 2026,430500000,EM_ANDAMENTO,jRwqIg,a86e23aa
Thu Jan  1 14:15:42 2026,431000000,EM_ANDAMENTO,2q8dSAbco0L,b699749c
Thu Jan  1 14:15:44 2026,431500000,EM_ANDAMENTO,aqEQSQWVh,1bf98aba
Thu Jan  1 14:15:45 2026,432000000,EM_ANDAMENTO,qrRud15KGPXi,82008e88
Thu Jan  1 14:15:46 2026,432500000,EM_ANDAMENTO,Mm9VZtjbl0bV,2b51e494
Thu Jan  1 14:15:48 2026,433000000,EM_ANDAMENTO,5wHs,56c98502
Thu Jan  1 14:15:50 2026,433500000,EM_ANDAMENTO,MVWCoA,1ab95b27
Thu Jan  1 14:15:51 2026,434000000,EM_ANDAMENTO,1OP9TNu5,bf5bf21b
Thu Jan  1 14:15:53 2026,434500000,EM_ANDAMENTO,DrkZbi7PjzT,5c50d42a
Thu Jan  1 14:15:54 2026,435000000,EM_ANDAMENTO,K4fkK,3bd53500
Thu Jan  1 14:15:56 2026,435500000,EM_ANDAMENTO,eUZhWwBE4kG,1c3e7677
Thu Jan  1 14:15:57 2026,436000000,EM_ANDAMENTO,2aYClRCwBbDX,65ea9c38
Thu Jan  1 14:15:59 2026,436500000,EM_ANDAMENTO,Kapd6fzUWpe,5d6ac40c
Thu Jan  1 14:16:00 2026,437000000,EM_ANDAMENTO,18vf7,925d4d47
Thu Jan  1 14:16:02 2026,437500000,EM_ANDAMENTO,Rx,790dde78
Thu Jan  1 14:16:03 2026,438000000,EM_ANDAMENTO,qDipylzI,923b8560
Thu Jan  1 14:16:05 2026,438500000,EM_ANDAMENTO,reXfVo7V,629df793
Thu Jan  1 14:16:06 2026,439000000,EM_ANDAMENTO,cBZe5,14f8880b
Thu Jan  1 14:16:08 2026,439500000,EM_ANDAMENTO,TiPx,20e50d40
Thu Jan  1 14:16:09 2026,440000000,EM_ANDAMENTO,pQ6ekwN,c6b4231c
Thu Jan  1 14:16:11 2026,440500000,EM_ANDAMENTO,dpSpD,2a916f50
Thu Jan  1 14:16:12 2026,441000000,EM_ANDAMENTO,ujd0,baf7a5ac
Thu Jan  1 14:16:14 2026,441500000,EM_ANDAMENTO,7t5qJv9t,dcc3f78d
Thu Jan  1 14:16:15 2026,442000000,EM_ANDAMENTO,riGI5,01f382fb
Thu Jan  1 14:16:17 2026,442500000,EM_ANDAMENTO,zvU,375a0f0f
Thu Jan  1 14:16:19 2026,443000000,EM_ANDAMENTO,5rO,d3d4ccf4
Thu Jan  1 14:16:20 2026,443500000,EM_ANDAMENTO,u4k2hcRzyq,c37044d6
Thu Jan  1 14:16:22 2026,444000000,EM_ANDAMENTO,flbwMXEF,ff710964
Thu Jan  1 14:16:23 2026,444500000,EM_ANDAMENTO,RhTV,07ed38cf
Thu Jan  1 14:16:25 2026,445000000,EM_ANDAMENTO,80,24f12095
Thu Jan  1 14:16:26 2026,445500000,EM_ANDAMENTO,8xPupbznl2kg,c5544638
Thu Jan  1 14:16:28 2026,446000000,EM_ANDAMENTO,S6dMrLUSn6V,ba6ffea6
Thu Jan  1 14:16:29 2026,446500000,EM_ANDAMENTO,5nGk,44a1555b
Thu Jan  1 14:16:31 2026,447000000,EM_ANDAMENTO,0,628e79cf
Thu Jan  1 14:16:32 2026,447500000,EM_ANDAMENTO,EG0,47b18c95
Thu Jan  1 14:16:34 2026,448000000,EM_ANDAMENTO,XdIpwI19,27302539
Thu Jan  1 14:16:35 2026,448500000,EM_ANDAMENTO,SK,fbc43110
Thu Jan  1 14:16:37 2026,449000000,EM_ANDAMENTO,0gSAheua,97c2e129
Thu Jan  1 14:16:38 2026,449500000,EM_ANDAMENTO,Z,dad14f5a
Thu Jan  1 14:16:40 2026,450000000,EM_ANDAMENTO,WZ2b79O1029,450b3b9e
Thu Jan  1 14:16:41 2026,450500000,EM_ANDAMENTO,OBU05e,9d3c7abb
Thu Jan  1 14:16:43 2026,451000000,EM_ANDAMENTO,4YSmFjw1lrb,a2bd5516
Thu Jan  1 14:16:45 2026,451500000,EM_ANDAMENTO,S,9934d41d
Thu Jan  1 14:16:46 2026,452000000,EM_ANDAMENTO,PRRy7Sv0KoqD,e10a7464
Thu Jan  1 14:16:48 2026,452500000,EM_ANDAMENTO,uEpvy6vCVbb,c62cb884
Thu Jan  1 14:16:49 2026,453000000,EM_ANDAMENTO,xUjEqOsz,b47d053b
Thu Jan  1 14:16:51 2026,453500000,EM_ANDAMENTO,8R,aceb5558
Thu Jan  1 14:16:52 2026,454000000,EM_ANDAMENTO,1PRmei,fe7b41c3
Thu Jan  1 14:16:54 2026,454500000,EM_ANDAMENTO,GLhYOqnbpOsy,1c0b7f4b
Thu Jan  1 14:16:55 2026,455000000,EM_ANDAMENTO,9XJcmR60V,31dfc235
Thu Jan  1 14:16:57 2026,455500000,EM_ANDAMENTO,rQGJrr5,07eee425
Thu Jan  1 14:16:58 2026,456000000,EM_ANDAMENTO,Z,dad14f5a
Thu Jan  1 14:17:00 2026,456500000,EM_ANDAMENTO,y00zF,4c52527a
Thu Jan  1 14:17:01 2026,457000000,EM_ANDAMENTO,ENThGD9umiPA,246595d3
Thu Jan  1 14:17:03 2026,457500000,EM_ANDAMENTO,VWpdFit7V,c407cfb3
Thu Jan  1 14:17:04 2026,458000000,EM_ANDAMENTO,YwRrJPYtuE1S,08ed1d83
Thu Jan  1 14:17:06 2026,458500000,EM_ANDAMENTO,x0ukIL5K,04e3c1e0
Thu Jan  1 14:17:07 2026,459000000,EM_ANDAMENTO,m2snpdNdxClp,f70f0618
Thu Jan  1 14:17:09 2026,459500000,EM_ANDAMENTO,yR,8f70c26c
Thu Jan  1 14:17:10 2026,460000000,EM_ANDAMENTO,SUG,cff740ff
Thu Jan  1 14:17:12 2026,460500000,EM_ANDAMENTO,RCxWnY95FDZ,76e18b99
Thu Jan  1 14:17:13 2026,461000000,EM_ANDAMENTO,gSp9hs8,91fcb91b
Thu Jan  1 14:17:15 2026,461500000,EM_ANDAMENTO,Mtz2t2,f5cbb9eb
Thu Jan  1 14:17:17 2026,462000000,EM_ANDAMENTO,G2bj8,d4e24c52
Thu Jan  1 14:17:18 2026,462500000,EM_ANDAMENTO,rMH6Yibz,28845c40
Thu Jan  1 14:17:20 2026,463000000,EM_ANDAMENTO,9YPj18bk3Le,ea06797a
Thu Jan  1 14:17:21 2026,463500000,EM_ANDAMENTO,dMXqfNRsW4o,b62226c2
Thu Jan  1 14:17:23 2026,464000000,EM_ANDAMENTO,s6K01nK,0df878d6
Thu Jan  1 14:17:24 2026,464500000,EM_ANDAMENTO,jP,bef3bad9
Thu Jan  1 14:17:26 2026,465000000,EM_ANDAMENTO,Yogq,3a9c62ab
Thu Jan  1 14:17:27 2026,465500000,EM_ANDAMENTO,Diyx,912a6a6a
Thu Jan  1 14:17:29 2026,466000000,EM_ANDAMENTO,CQavo6n,b8995575
Thu Jan  1 14:17:30 2026,466500000,EM_ANDAMENTO,x0rzIB,ba660452
Thu Jan  1 14:17:32 2026,467000000,EM_ANDAMENTO,AZqU0xCHEse,5a0ba8f5
Thu Jan  1 14:17:33 2026,467500000,EM_ANDAMENTO,V,55360b71
Thu Jan  1 14:17:35 2026,468000000,EM_ANDAMENTO,Yk5WuLyQ,dce9b121
Thu Jan  1 14:17:36 2026,468500000,EM_ANDAMENTO,8rUBzabK,28f42f87
Thu Jan  1 14:17:38 2026,469000000,EM_ANDAMENTO,ZZgbItgrz,e0a4d0de
Thu Jan  1 14:17:39 2026,469500000,EM_ANDAMENTO,ks,b83fb71c
Thu Jan  1 14:17:41 2026,470000000,EM_ANDAMENTO,12Nvt,8729aa18
Thu Jan  1 14:17:43 2026,470500000,EM_ANDAMENTO,re6bJMq,d6d6df1f
Thu Jan  1 14:17:45 2026,471000000,EM_ANDAMENTO,JylbcyGP5ZQG,25ed8f0d
Thu Jan  1 14:17:47 2026,471500000,EM_ANDAMENTO,TLDABRpdwWB,6820de5e
Thu Jan  1 14:17:48 2026,472000000,EM_ANDAMENTO,rFV1aBm,e204c1cf
Thu Jan  1 14:17:50 2026,472500000,EM_ANDAMENTO,3CPX,3a655555
Thu Jan  1 14:17:52 2026,473000000,EM_ANDAMENTO,rq,0c3c8f1f
Thu Jan  1 14:17:53 2026,473500000,EM_ANDAMENTO,jtvIfDDdHO0i,9797df1a
Thu Jan  1 14:17:55 2026,474000000,EM_ANDAMENTO,YmmL41BFb,563d6f71
Thu Jan  1 14:17:56 2026,474500000,EM_ANDAMENTO,G,81ca32e5
Thu Jan  1 14:17:58 2026,475000000,EM_ANDAMENTO,Dwo9OW3,e7832aa9
Thu Jan  1 14:17:59 2026,475500000,EM_ANDAMENTO,W,c4abaca1
Thu Jan  1 14:18:01 2026,476000000,EM_ANDAMENTO,lESslOH,1e4d78ee
Thu Jan  1 14:18:02 2026,476500000,EM_ANDAMENTO,aQ09je5,28b46430
Thu Jan  1 14:18:04 2026,477000000,EM_ANDAMENTO,0NrmcR7lxku,a81e1e3c
Thu Jan  1 14:18:05 2026,477500000,EM_ANDAMENTO,E,9e677faf
Thu Jan  1 14:18:07 2026,478000000,EM_ANDAMENTO,rQbcBCBi,ddef71de
Thu Jan  1 14:18:08 2026,478500000,EM_ANDAMENTO,SApEm,d79aa366
Thu Jan  1 14:18:10 2026,479000000,EM_ANDAMENTO,NsxK,21588981
Thu Jan  1 14:18:11 2026,479500000,EM_ANDAMENTO,Z1DpH,80befe26
Thu Jan  1 14:18:13 2026,480000000,EM_ANDAMENTO,UaT,fafe2599
Thu Jan  1 14:18:15 2026,480500000,EM_ANDAMENTO,AGCAo0tE1XK,e669c6b7
Thu Jan  1 14:18:16 2026,481000000,EM_ANDAMENTO,hDJpyd,e3e62461
Thu Jan  1 14:18:18 2026,481500000,EM_ANDAMENTO,pnDprDkFBL,61290fc5
Thu Jan  1 14:18:19 2026,482000000,EM_ANDAMENTO,Q0BSjNwUW,01dd4baa
Thu Jan  1 14:18:21 2026,482500000,EM_ANDAMENTO,mTE9NjQ80Wg,2f8e2f37
Thu Jan  1 14:18:22 2026,483000000,EM_ANDAMENTO,1OVVkhA,2eb926cf
Thu Jan  1 14:18:24 2026,483500000,EM_ANDAMENTO,TYvhA4TxR0Q,f2b4154e
Thu Jan  1 14:18:25 2026,484000000,EM_ANDAMENTO,QYf0ZmEkDDKP,43aaf680
Thu Jan  1 14:18:27 2026,484500000,EM_ANDAMENTO,dm2J,b7a2ad16
Thu Jan  1 14:18:28 2026,485000000,EM_ANDAMENTO,Q,bd3d67b5
Thu Jan  1 14:18:30 2026,485500000,EM_ANDAMENTO,QJ,0e3bb1e8
Thu Jan  1 14:18:31 2026,486000000,EM_ANDAMENTO,MxRiz4,2f9f941c
Thu Jan  1 14:18:33 2026,486500000,EM_ANDAMENTO,K3NeNjL3dZ,5c6f77c0
Thu Jan  1 14:18:34 2026,487000000,EM_ANDAMENTO,tBVegZikCI,be744dd7
Thu Jan  1 14:18:36 2026,487500000,EM_ANDAMENTO,g3,93af1f18
Thu Jan  1 14:18:37 2026,488000000,EM_ANDAMENTO,0,628e79cf
Thu Jan  1 14:18:39 2026,488500000,EM_ANDAMENTO,DWK,3ef600cb
Thu Jan  1 14:18:41 2026,489000000,EM_ANDAMENTO,qeI1OsLva,7c997b60
Thu Jan  1 14:18:42 2026,489500000,EM_ANDAMENTO,WjnALerh,25a5ccb0
Thu Jan  1 14:18:44 2026,490000000,EM_ANDAMENTO,5Mt4dvV4Ii,47e7f4ae
Thu Jan  1 14:18:45 2026,490500000,EM_ANDAMENTO,ru8bTpXfyk,96415701
Thu Jan  1 14:18:47 2026,491000000,EM_ANDAMENTO,ENkcxx1BZc,a2099a8a
Thu Jan  1 14:18:48 2026,491500000,EM_ANDAMENTO,nZgeL,4a68cd34
Thu Jan  1 14:18:50 2026,492000000,EM_ANDAMENTO,vcPx1xxP,79909d81
Thu Jan  1 14:18:51 2026,492500000,EM_ANDAMENTO,JIWHSZT68D0,cd038237
Thu Jan  1 14:18:53 2026,493000000,EM_ANDAMENTO,A3gdWwq,0a5a4c08
Thu Jan  1 14:18:54 2026,493500000,EM_ANDAMENTO,HpWUt8ToS2,3fce1c8f
Thu Jan  1 14:18:56 2026,494000000,EM_ANDAMENTO,6YuRxODNJ,f8fc8a47
Thu Jan  1 14:18:57 2026,494500000,EM_ANDAMENTO,dN2dRk40s,b63e5489
Thu Jan  1 14:18:59 2026,495000000,EM_ANDAMENTO,L4rvY,b9837adc
Thu Jan  1 14:19:00 2026,495500000,EM_ANDAMENTO,EXztZyDEA,4adce408
Thu Jan  1 14:19:02 2026,496000000,EM_ANDAMENTO,BpC,c8706c45
Thu Jan  1 14:19:03 2026,496500000,EM_ANDAMENTO,SOyhHEaguq,faffcb5c
Thu Jan  1 14:19:05 2026,497000000,EM_ANDAMENTO,Zv,e79e7259
Thu Jan  1 14:19:06 2026,497500000,EM_ANDAMENTO,VAXbt,21d8a479
Thu Jan  1 14:19:08 2026,498000000,EM_ANDAMENTO,IjWi41lPl,e95aa396
Thu Jan  1 14:19:10 2026,498500000,EM_ANDAMENTO,OrlQsen,4577f0fe
Thu Jan  1 14:19:11 2026,499000000,EM_ANDAMENTO,aIrCTYrYSLx,5fd3a10f
Thu Jan  1 14:19:12 2026,499500000,EM_ANDAMENTO,xoEdv4nnM,d8e929bd
Thu Jan  1 14:19:14 2026,500000000,EM_ANDAMENTO,VVTB2Kco,97ffa5c9
Thu Jan  1 14:19:16 2026,500500000,EM_ANDAMENTO,DgFtBSK4,222d6d71
Thu Jan  1 14:19:17 2026,501000000,EM_ANDAMENTO,UxB4DOO,62f1cd36
Thu Jan  1 14:19:19 2026,501500000,EM_ANDAMENTO,4yJF,6204eb79
Thu Jan  1 14:19:20 2026,502000000,EM_ANDAMENTO,VzWyBzwOg,ae617e1b
Thu Jan  1 14:19:22 2026,502500000,EM_ANDAMENTO,mmQZsSIY,caa0c19e
Thu Jan  1 14:19:23 2026,503000000,EM_ANDAMENTO,nrXTXgT,a1a83bdc
Thu Jan  1 14:19:25 2026,503500000,EM_ANDAMENTO,qJG5C,bbdc7b53
Thu Jan  1 14:19:26 2026,504000000,EM_ANDAMENTO,RJg3eSPdA8Gn,e6821eca
Thu Jan  1 14:19:28 2026,504500000,EM_ANDAMENTO,Xf9a,d848e174
Thu Jan  1 14:19:29 2026,505000000,EM_ANDAMENTO,UXrJBtcgg,05bd1402
Thu Jan  1 14:19:31 2026,505500000,EM_ANDAMENTO,S,9934d41d
Thu Jan  1 14:19:32 2026,506000000,EM_ANDAMENTO,Wxs,d0d96d1b
Thu Jan  1 14:19:34 2026,506500000,EM_ANDAMENTO,g5y,9d57f233
Thu Jan  1 14:19:35 2026,507000000,EM_ANDAMENTO,UaV43,ba3a7927
Thu Jan  1 14:19:37 2026,507500000,EM_ANDAMENTO,4wv4lT,92f405d6
Thu Jan  1 14:19:39 2026,508000000,EM_ANDAMENTO,Jsxl,6c28908f
Thu Jan  1 14:19:40 2026,508500000,EM_ANDAMENTO,OWO4,a6012387
Thu Jan  1 14:19:42 2026,509000000,EM_ANDAMENTO,Vyl,eded13df
Thu Jan  1 14:19:43 2026,509500000,EM_ANDAMENTO,81psn9rK,89dcec1a
Thu Jan  1 14:19:45 2026,510000000,EM_ANDAMENTO,shXxu8aVb,72c98fa1
Thu Jan  1 14:19:46 2026,510500000,EM_ANDAMENTO,T71bE44,39a02aad
Thu Jan  1 14:19:48 2026,511000000,EM_ANDAMENTO,iCBlW,9bf55dc5
Thu Jan  1 14:19:49 2026,511500000,EM_ANDAMENTO,mVnRDKTle,8be01ba2
Thu Jan  1 14:19:51 2026,512000000,EM_ANDAMENTO,6wVnQOHh,27da2cf3
Thu Jan  1 14:19:52 2026,512500000,EM_ANDAMENTO,K,58a8694c
Thu Jan  1 14:19:54 2026,513000000,EM_ANDAMENTO,TtqEQxDNifb,8fb96910
Thu Jan  1 14:19:56 2026,513500000,EM_ANDAMENTO,L0waV,67ccc864
Thu Jan  1 14:19:57 2026,514000000,EM_ANDAMENTO,0KG22MDLc,a86a5b15
Thu Jan  1 14:19:59 2026,514500000,EM_ANDAMENTO,T,9dd7847b
Thu Jan  1 14:20:00 2026,515000000,EM_ANDAMENTO,WIcEE2hz,5b650ea2
Thu Jan  1 14:20:02 2026,515500000,EM_ANDAMENTO,UkB5M,a43aab91
Thu Jan  1 14:20:03 2026,516000000,EM_ANDAMENTO,wU,19a975da
Thu Jan  1 14:20:05 2026,516500000,EM_ANDAMENTO,xpdXuwRD8,61c9dbe4
Thu Jan  1 14:20:07 2026,517000000,EM_ANDAMENTO,TRc,7817b13f
Thu Jan  1 14:20:08 2026,517500000,EM_ANDAMENTO,5tC,33470a50
Thu Jan  1 14:20:10 2026,518000000,EM_ANDAMENTO,TJqZ,6979f5bc
Thu Jan  1 14:20:11 2026,518500000,EM_ANDAMENTO,BCT9gEZH,16a26fc8
Thu Jan  1 14:20:13 2026,519000000,EM_ANDAMENTO,bCjeRix9yL,2b4f65eb
Thu Jan  1 14:20:14 2026,519500000,EM_ANDAMENTO,K,58a8694c
Thu Jan  1 14:20:16 2026,520000000,EM_ANDAMENTO,OsfCFvO0qMgf,5ce74edc
Thu Jan  1 14:20:17 2026,520500000,EM_ANDAMENTO,Ksl9CVZfWjej,26befee2
Thu Jan  1 14:20:19 2026,521000000,EM_ANDAMENTO,CJ,591e7f0c
Thu Jan  1 14:20:20 2026,521500000,EM_ANDAMENTO,Cum2uPxvmLv,89358f99
Thu Jan  1 14:20:22 2026,522000000,EM_ANDAMENTO,3BMaWTXjIfw,33bfe095
Thu Jan  1 14:20:23 2026,522500000,EM_ANDAMENTO,nBCXysJ1D,8eae939c
Thu Jan  1 14:20:25 2026,523000000,EM_ANDAMENTO,SGSNZ0,1d38e9cb
Thu Jan  1 14:20:26 2026,523500000,EM_ANDAMENTO,1,ebaf5ccd
Thu Jan  1 14:20:28 2026,524000000,EM_ANDAMENTO,avbdLNDkxl,5799cff2
Thu Jan  1 14:20:29 2026,524500000,EM_ANDAMENTO,ksd,fd434ce9
Thu Jan  1 14:20:31 2026,525000000,EM_ANDAMENTO,wbLmNezQkJ9,7b11d806
Thu Jan  1 14:20:33 2026,525500000,EM_ANDAMENTO,QAqMfWgVe,67e38924
Thu Jan  1 14:20:34 2026,526000000,EM_ANDAMENTO,Zn6CMg,fb66ec7a
Thu Jan  1 14:20:35 2026,526500000,EM_ANDAMENTO,wKdwp,cd98c495
Thu Jan  1 14:20:37 2026,527000000,EM_ANDAMENTO,GxB,0612516c
Thu Jan  1 14:20:39 2026,527500000,EM_ANDAMENTO,nX08Slczo0r2,e954c697
Thu Jan  1 14:20:40 2026,528000000,EM_ANDAMENTO,q,87b8d13b
Thu Jan  1 14:20:42 2026,528500000,EM_ANDAMENTO,X6lNo,2cdcce9a
Thu Jan  1 14:20:43 2026,529000000,EM_ANDAMENTO,Mq0xOjPm,ef8654a5
Thu Jan  1 14:20:45 2026,529500000,EM_ANDAMENTO,83bXvXZ8EJWn,c27395cf
Thu Jan  1 14:20:46 2026,530000000,EM_ANDAMENTO,NzZwUM6haPuL,7d9c24d0
Thu Jan  1 14:20:48 2026,530500000,EM_ANDAMENTO,u0T44,491ab336
Thu Jan  1 14:20:49 2026,531000000,EM_ANDAMENTO,qf,690ac68c
Thu Jan  1 14:20:51 2026,531500000,EM_ANDAMENTO,w4MIUnUpIzK,caf5ca5a
Thu Jan  1 14:20:52 2026,532000000,EM_ANDAMENTO,ptIh2,6a4c8448
Thu Jan  1 14:20:54 2026,532500000,EM_ANDAMENTO,AZ,679e0366
Thu Jan  1 14:20:55 2026,533000000,EM_ANDAMENTO,Xrc8XYDA,6edbd630
Thu Jan  1 14:20:57 2026,533500000,EM_ANDAMENTO,CHxrq6O,04e56863
Thu Jan  1 14:20:59 2026,534000000,EM_ANDAMENTO,Ai5hK95OW0t,35f1edd3
Thu Jan  1 14:21:00 2026,534500000,EM_ANDAMENTO,Rz2OK1,26ba21bf
Thu Jan  1 14:21:01 2026,535000000,EM_ANDAMENTO,cIXZPYM6Kfuz,b5429754
Thu Jan  1 14:21:03 2026,535500000,EM_ANDAMENTO,Xrtd8o,c83e08c1
Thu Jan  1 14:21:05 2026,536000000,EM_ANDAMENTO,XXNC6XPe4w0A,d641785c
Thu Jan  1 14:21:06 2026,536500000,EM_ANDAMENTO,9zAwQk9xe,aba1978f
Thu Jan  1 14:21:08 2026,537000000,EM_ANDAMENTO,ZXVM9qi,c9af2f3d
Thu Jan  1 14:21:09 2026,537500000,EM_ANDAMENTO,X,a378c3f6
Thu Jan  1 14:21:11 2026,538000000,EM_ANDAMENTO,pHo7o,5b725fde
Thu Jan  1 14:21:12 2026,538500000,EM_ANDAMENTO,sjr,9de05f35
Thu Jan  1 14:21:14 2026,539000000,EM_ANDAMENTO,URTJkSzf,c4819a0f
Thu Jan  1 14:21:15 2026,539500000,EM_ANDAMENTO,DLh,22c58a48
Thu Jan  1 14:21:17 2026,540000000,EM_ANDAMENTO,SVvnuw,48e276ca
Thu Jan  1 14:21:18 2026,540500000,EM_ANDAMENTO,KDvQMez3t,280b752b
Thu Jan  1 14:21:20 2026,541000000,EM_ANDAMENTO,ZQPqRsaoNvCC,a08163fd
Thu Jan  1 14:21:21 2026,541500000,EM_ANDAMENTO,QQL,576ef8e9
Thu Jan  1 14:21:23 2026,542000000,EM_ANDAMENTO,T86X5fL,7df73674
Thu Jan  1 14:21:25 2026,542500000,EM_ANDAMENTO,PE8e,a6da27dd
Thu Jan  1 14:21:26 2026,543000000,EM_ANDAMENTO,m,c5c95598
Thu Jan  1 14:21:27 2026,543500000,EM_ANDAMENTO,U4ljrR9,1daf8900
Thu Jan  1 14:21:29 2026,544000000,EM_ANDAMENTO,u,4aed0987
Thu Jan  1 14:21:31 2026,544500000,EM_ANDAMENTO,RNELaT,30fbfbeb
Thu Jan  1 14:21:32 2026,545000000,EM_ANDAMENTO,y7RPf,dc666c73
Thu Jan  1 14:21:33 2026,545500000,EM_ANDAMENTO,YS3G,74110560
Thu Jan  1 14:21:35 2026,546000000,EM_ANDAMENTO,r,95434212
Thu Jan  1 14:21:37 2026,546500000,EM_ANDAMENTO,qejukr,5271d671
Thu Jan  1 14:21:38 2026,547000000,EM_ANDAMENTO,USNJ,a777a28e
Thu Jan  1 14:21:40 2026,547500000,EM_ANDAMENTO,3,0a7fddc2
Thu Jan  1 14:21:41 2026,548000000,EM_ANDAMENTO,hfi7FW8,a4d334c7
Thu Jan  1 14:21:43 2026,548500000,EM_ANDAMENTO,G,81ca32e5
Thu Jan  1 14:21:44 2026,549000000,EM_ANDAMENTO,gFXdXmuwla,8aba0024
Thu Jan  1 14:21:46 2026,549500000,EM_ANDAMENTO,g,7a529e89
Thu Jan  1 14:21:47 2026,550000000,EM_ANDAMENTO,lrajWD,1e2e0a48
Thu Jan  1 14:21:49 2026,550500000,EM_ANDAMENTO,96FD,88a2d525
Thu Jan  1 14:21:50 2026,551000000,EM_ANDAMENTO,62ZOz9Qy,f858fd49
Thu Jan  1 14:21:52 2026,551500000,EM_ANDAMENTO,pUzx3qINWHGF,c859c29e
Thu Jan  1 14:21:54 2026,552000000,EM_ANDAMENTO,odsif9FDs,bd5719a8
Thu Jan  1 14:21:55 2026,552500000,EM_ANDAMENTO,6GUgOPGl3,8772ddfe
Thu Jan  1 14:21:57 2026,553000000,EM_ANDAMENTO,sIqKshRVu,070ba10b
Thu Jan  1 14:21:58 2026,553500000,EM_ANDAMENTO,T7Sc7tUNMu,eff2a9dc
Thu Jan  1 14:22:00 2026,554000000,EM_ANDAMENTO,f5,0e36d252
Thu Jan  1 14:22:01 2026,554500000,EM_ANDAMENTO,CtJyBjo44xF3,d4fb9470
Thu Jan  1 14:22:03 2026,555000000,EM_ANDAMENTO,o,a0b20673
Thu Jan  1 14:22:04 2026,555500000,EM_ANDAMENTO,C3K50wUSfB7C,3c11174f
Thu Jan  1 14:22:06 2026,556000000,EM_ANDAMENTO,C,2e9587f4
Thu Jan  1 14:22:07 2026,556500000,EM_ANDAMENTO,VS4FW3MP,7fbb13b5
Thu Jan  1 14:22:09 2026,557000000,EM_ANDAMENTO,t,ef012cb5
Thu Jan  1 14:22:10 2026,557500000,EM_ANDAMENTO,Vl5,dbbc3ac9
Thu Jan  1 14:22:12 2026,558000000,EM_ANDAMENTO,nln,00bfbad8
Thu Jan  1 14:22:13 2026,558500000,EM_ANDAMENTO,1HU5doAG,ce9cf514
Thu Jan  1 14:22:15 2026,559000000,EM_ANDAMENTO,2R,f8b962fe
Thu Jan  1 14:22:17 2026,559500000,EM_ANDAMENTO,xt4,1cca23eb
Thu Jan  1 14:22:18 2026,560000000,EM_ANDAMENTO,yC9Qb9V8,b25364cc
Thu Jan  1 14:22:20 2026,560500000,EM_ANDAMENTO,1Zpvhu8nlSSq,403965c8
Thu Jan  1 14:22:21 2026,561000000,EM_ANDAMENTO,L1f8QI3Om,ea91edfb
Thu Jan  1 14:22:23 2026,561500000,EM_ANDAMENTO,TZX38IFJ,ca9bfa23
Thu Jan  1 14:22:24 2026,562000000,EM_ANDAMENTO,wBd,048d146c
Thu Jan  1 14:22:26 2026,562500000,EM_ANDAMENTO,vv574WsWl,0ec96deb
Thu Jan  1 14:22:27 2026,563000000,EM_ANDAMENTO,9jMv4GSm,7a1a4309
Thu Jan  1 14:22:29 2026,563500000,EM_ANDAMENTO,r34DBJvFQJ3P,2708bbcf
Thu Jan  1 14:22:30 2026,564000000,EM_ANDAMENTO,eXltTI3gjl,6ab0ac82
Thu Jan  1 14:22:32 2026,564500000,EM_ANDAMENTO,ust0hB,1942deff
Thu Jan  1 14:22:33 2026,565000000,EM_ANDAMENTO,dNoU,497a948c
Thu Jan  1 14:22:35 2026,565500000,EM_ANDAMENTO,3oX3rVqQqwC,7f7a99e1
Thu Jan  1 14:22:37 2026,566000000,EM_ANDAMENTO,DdG38,735a5390
Thu Jan  1 14:22:38 2026,566500000,EM_ANDAMENTO,lZ3OVQ,b8de0efa
Thu Jan  1 14:22:40 2026,567000000,EM_ANDAMENTO,2bQM,1f92081e
Thu Jan  1 14:22:41 2026,567500000,EM_ANDAMENTO,4RBiwh,f2fc4c70
Thu Jan  1 14:22:43 2026,568000000,EM_ANDAMENTO,7rlmMD5B4S7Q,84d44d57
Thu Jan  1 14:22:44 2026,568500000,EM_ANDAMENTO,DHZhhDo,82a434ec
Thu Jan  1 14:22:46 2026,569000000,EM_ANDAMENTO,K3YouHG,ea7448f5
Thu Jan  1 14:22:47 2026,569500000,EM_ANDAMENTO,PcV349,b31f98f7
Thu Jan  1 14:22:49 2026,570000000,EM_ANDAMENTO,Ujxzti,dfc07253
Thu Jan  1 14:22:50 2026,570500000,EM_ANDAMENTO,v27,2df00fcb
Thu Jan  1 14:22:52 2026,571000000,EM_ANDAMENTO,L,73706247
Thu Jan  1 14:22:53 2026,571500000,EM_ANDAMENTO,OQsNFBUbWb,5cbab22b
Thu Jan  1 14:22:55 2026,572000000,EM_ANDAMENTO,nQO0YFrW,ef9fda4a
Thu Jan  1 14:22:57 2026,572500000,EM_ANDAMENTO,n,68f8ea7d
Thu Jan  1 14:22:58 2026,573000000,EM_ANDAMENTO,B,74865dbf
Thu Jan  1 14:23:00 2026,573500000,EM_ANDAMENTO,aExUQGB2LtYS,2927d129
Thu Jan  1 14:23:01 2026,574000000,EM_ANDAMENTO,0fcs,bb27021f
Thu Jan  1 14:23:03 2026,574500000,EM_ANDAMENTO,k1WZDczM,ede3b2a9
Thu Jan  1 14:23:04 2026,575000000,EM_ANDAMENTO,F1AvVekQWP0,173487b2
Thu Jan  1 14:23:06 2026,575500000,EM_ANDAMENTO,L2ED4QN,da047e11
Thu Jan  1 14:23:07 2026,576000000,EM_ANDAMENTO,qalg,4e743b86
Thu Jan  1 14:23:09 2026,576500000,EM_ANDAMENTO,8tNA,2d94cc1f
Thu Jan  1 14:23:10 2026,577000000,EM_ANDAMENTO,RpFJIlwDYW5,3a38967b
Thu Jan  1 14:23:12 2026,577500000,EM_ANDAMENTO,JjTel,aec0d343
Thu Jan  1 14:23:13 2026,578000000,EM_ANDAMENTO,DweeMFO4xV,6c62c837
Thu Jan  1 14:23:15 2026,578500000,EM_ANDAMENTO,XPEeY,ce727f48
Thu Jan  1 14:23:16 2026,579000000,EM_ANDAMENTO,n3fVaK0XDg,32a519f8
Thu Jan  1 14:23:18 2026,579500000,EM_ANDAMENTO,SkYah,9e1a5244
Thu Jan  1 14:23:19 2026,580000000,EM_ANDAMENTO,G66GhtgvwXB4,07c6b3ea
Thu Jan  1 14:23:21 2026,580500000,EM_ANDAMENTO,dZjCNL1Pgg,8a0e37b1
Thu Jan  1 14:23:23 2026,581000000,EM_ANDAMENTO,mG,82601242
Thu Jan  1 14:23:24 2026,581500000,EM_ANDAMENTO,15D,9cefdcb9
Thu Jan  1 14:23:26 2026,582000000,EM_ANDAMENTO,ECs7p7FrT,abc25869
Thu Jan  1 14:23:27 2026,582500000,EM_ANDAMENTO,obSel9,7e1a0940
Thu Jan  1 14:23:29 2026,583000000,EM_ANDAMENTO,8XR,4208f255
Thu Jan  1 14:23:30 2026,583500000,EM_ANDAMENTO,q,87b8d13b
Thu Jan  1 14:23:32 2026,584000000,EM_ANDAMENTO,Gl,31bc70c5
Thu Jan  1 14:23:33 2026,584500000,EM_ANDAMENTO,xePlrc,ec4b5e5e
Thu Jan  1 14:23:35 2026,585000000,EM_ANDAMENTO,OZBMAvYU,83a2c10b
Thu Jan  1 14:23:36 2026,585500000,EM_ANDAMENTO,9aG,64c0dd96
Thu Jan  1 14:23:38 2026,586000000,EM_ANDAMENTO,C5Cn,a7da0c79
Thu Jan  1 14:23:39 2026,586500000,EM_ANDAMENTO,jCAoDwczt,d4da2f09
Thu Jan  1 14:23:41 2026,587000000,EM_ANDAMENTO,0uSiN5,28f30b37
Thu Jan  1 14:23:42 2026,587500000,EM_ANDAMENTO,Yr45hcy,8984aa39
Thu Jan  1 14:23:44 2026,588000000,EM_ANDAMENTO,LJD5P7eO1,021c4386
Thu Jan  1 14:23:45 2026,588500000,EM_ANDAMENTO,YmJGlEjUL9s,e5a31471
Thu Jan  1 14:23:47 2026,589000000,EM_ANDAMENTO,YQ647AdWVApg,806b99b5
Thu Jan  1 14:23:49 2026,589500000,EM_ANDAMENTO,A5xt4kJexc,5e48ee5f
Thu Jan  1 14:23:50 2026,590000000,EM_ANDAMENTO,bL,444c3e8f
Thu Jan  1 14:23:52 2026,590500000,EM_ANDAMENTO,UO0zReZJ,16e9238f
Thu Jan  1 14:23:53 2026,591000000,EM_ANDAMENTO,d,5943bb0f
Thu Jan  1 14:23:55 2026,591500000,EM_ANDAMENTO,lT4fH,5aa60261
Thu Jan  1 14:23:56 2026,592000000,EM_ANDAMENTO,PbddZfJS,31566bd1
Thu Jan  1 14:23:58 2026,592500000,EM_ANDAMENTO,JHP,065b5f28
Thu Jan  1 14:23:59 2026,593000000,EM_ANDAMENTO,w4a,dfc80712
Thu Jan  1 14:24:01 2026,593500000,EM_ANDAMENTO,0muR2V0xe,b56ee1fb
Thu Jan  1 14:24:02 2026,594000000,EM_ANDAMENTO,M,b969a39b
Thu Jan  1 14:24:04 2026,594500000,EM_ANDAMENTO,e,bb2b536f
Thu Jan  1 14:24:05 2026,595000000,EM_ANDAMENTO,IaWYvpXOr5nE,197199ea
Thu Jan  1 14:24:07 2026,595500000,EM_ANDAMENTO,1CXUzvJrY0H,093c5b59
Thu Jan  1 14:24:08 2026,596000000,EM_ANDAMENTO,RRDyybT,49e221e2
Thu Jan  1 14:24:10 2026,596500000,EM_ANDAMENTO,ik0UBAxj,234a53c8
Thu Jan  1 14:24:11 2026,597000000,EM_ANDAMENTO,bHUL7Y4Zj,ef10509b
Thu Jan  1 14:24:13 2026,597500000,EM_ANDAMENTO,bnZkVmwQ,43b501f0
Thu Jan  1 14:24:15 2026,598000000,EM_ANDAMENTO,c,a5c1009b
Thu Jan  1 14:24:16 2026,598500000,EM_ANDAMENTO,ENKdIA334s,83c838bb
Thu Jan  1 14:24:17 2026,599000000,EM_ANDAMENTO,AN,10e0b311
Thu Jan  1 14:24:19 2026,599500000,EM_ANDAMENTO,tJ6yDfY0,0cd49386
Thu Jan  1 14:24:21 2026,600000000,EM_ANDAMENTO,oTN,9b054ebc
Thu Jan  1 14:24:22 2026,600500000,EM_ANDAMENTO,FuNmN,9d73d71e
Thu Jan  1 14:24:24 2026,601000000,EM_ANDAMENTO,A4ZdDDOtMilk,bbaf6848
Thu Jan  1 14:24:25 2026,601500000,EM_ANDAMENTO,g,7a529e89
Thu Jan  1 14:24:27 2026,602000000,EM_ANDAMENTO,g9h,2e47e5c6
Thu Jan  1 14:24:28 2026,602500000,EM_ANDAMENTO,1fFCsDJ9jnF,c641a210
Thu Jan  1 14:24:30 2026,603000000,EM_ANDAMENTO,Bh12UI1k4Y,b018d02c
Thu Jan  1 14:24:31 2026,603500000,EM_ANDAMENTO,DB9np9Qvd,82f143d2
Thu Jan  1 14:24:33 2026,604000000,EM_ANDAMENTO,R,613edcc8
Thu Jan  1 14:24:34 2026,604500000,EM_ANDAMENTO,sdKRcWGepr3L,6cf84eab
Thu Jan  1 14:24:36 2026,605000000,EM_ANDAMENTO,DcjUEvZbVgJ,73a0355a
Thu Jan  1 14:24:38 2026,605500000,EM_ANDAMENTO,cr,de62362e
Thu Jan  1 14:24:39 2026,606000000,EM_ANDAMENTO,Y50BZf6a1QX,2a16ac9e
Thu Jan  1 14:24:41 2026,606500000,EM_ANDAMENTO,q4,0883d5c9
Thu Jan  1 14:24:42 2026,607000000,EM_ANDAMENTO,5zv,6e91aad5
Thu Jan  1 14:24:44 2026,607500000,EM_ANDAMENTO,V2NeZXiADP0,742b449c
Thu Jan  1 14:24:45 2026,608000000,EM_ANDAMENTO,kD9,ecccd1b7
Thu Jan  1 14:24:47 2026,608500000,EM_ANDAMENTO,MIHo4hxwc7,f0e9f183
Thu Jan  1 14:24:48 2026,609000000,EM_ANDAMENTO,0TDiU,fb4cff37
Thu Jan  1 14:24:50 2026,609500000,EM_ANDAMENTO,DdnXJpbs,e9598c43
Thu Jan  1 14:24:51 2026,610000000,EM_ANDAMENTO,4M0U7llrwelT,2a09c2d7
Thu Jan  1 14:24:53 2026,610500000,EM_ANDAMENTO,GnELQ,4c29c1dd
Thu Jan  1 14:24:54 2026,611000000,EM_ANDAMENTO,5emVN,1da0e6c8
Thu Jan  1 14:24:56 2026,611500000,EM_ANDAMENTO,Hn28bcHh,f66e64e7
Thu Jan  1 14:24:57 2026,612000000,EM_ANDAMENTO,pJIad6,4c7d27d1
Thu Jan  1 14:24:59 2026,612500000,EM_ANDAMENTO,YKZjvwCw,64895933
Thu Jan  1 14:25:01 2026,613000000,EM_ANDAMENTO,D9imnKC,7b6d9689
Thu Jan  1 14:25:02 2026,613500000,EM_ANDAMENTO,VQEzB3k5I,0adbc645
Thu Jan  1 14:25:04 2026,614000000,EM_ANDAMENTO,G5b87cta8b,487992e1
Thu Jan  1 14:25:05 2026,614500000,EM_ANDAMENTO,GiIOUuS17ZH,68c020d3
Thu Jan  1 14:25:07 2026,615000000,EM_ANDAMENTO,fk88f,2b801e0c
Thu Jan  1 14:25:08 2026,615500000,EM_ANDAMENTO,a,85c8de88
Thu Jan  1 14:25:10 2026,616000000,EM_ANDAMENTO,MiM,a473b75f
Thu Jan  1 14:25:11 2026,616500000,EM_ANDAMENTO,JohhEGp,89cf3bca
Thu Jan  1 14:25:13 2026,617000000,EM_ANDAMENTO,ZBe,8dff4e0f
Thu Jan  1 14:25:14 2026,617500000,EM_ANDAMENTO,j,60e284f4
Thu Jan  1 14:25:16 2026,618000000,EM_ANDAMENTO,9I,8e572bea
Thu Jan  1 14:25:18 2026,618500000,EM_ANDAMENTO,rebTNGhRj,bac92e6e
Thu Jan  1 14:25:19 2026,619000000,EM_ANDAMENTO,m9oyA57CHsT,69a51ef7
Thu Jan  1 14:25:21 2026,619500000,EM_ANDAMENTO,0UjkvxWZ3j,90e201a0
Thu Jan  1 14:25:22 2026,620000000,EM_ANDAMENTO,q,87b8d13b
Thu Jan  1 14:25:24 2026,620500000,EM_ANDAMENTO,G,81ca32e5
Thu Jan  1 14:25:25 2026,621000000,EM_ANDAMENTO,zDTYwpGxo,fc82b0a1
Thu Jan  1 14:25:27 2026,621500000,EM_ANDAMENTO,an3AtSw,c8369c40
Thu Jan  1 14:25:28 2026,622000000,EM_ANDAMENTO,Efys9H,88eda5d5
Thu Jan  1 14:25:30 2026,622500000,EM_ANDAMENTO,VMOjX5m,3a41cb41
Thu Jan  1 14:25:31 2026,623000000,EM_ANDAMENTO,TO4qZA5vxfkc,d04db5c1
Thu Jan  1 14:25:33 2026,623500000,EM_ANDAMENTO,7vUGVkOpPM,ec7dc0b4
Thu Jan  1 14:25:34 2026,624000000,EM_ANDAMENTO,aHi,46bef3fa
Thu Jan  1 14:25:36 2026,624500000,EM_ANDAMENTO,DkUdcVNIt,680b9384
Thu Jan  1 14:25:37 2026,625000000,EM_ANDAMENTO,D4yYvaCJD1J,a912a49e
Thu Jan  1 14:25:39 2026,625500000,EM_ANDAMENTO,siZi3c,4c1d1daf
Thu Jan  1 14:25:40 2026,626000000,EM_ANDAMENTO,xSwlrzHKg,569888c7
Thu Jan  1 14:25:42 2026,626500000,EM_ANDAMENTO,4Zj,34b99d5c
Thu Jan  1 14:25:44 2026,627000000,EM_ANDAMENTO,2pSevQnjhC61,4c3c2986
Thu Jan  1 14:25:45 2026,627500000,EM_ANDAMENTO,41yN6r2,2f760892
Thu Jan  1 14:25:47 2026,628000000,EM_ANDAMENTO,utZ2NVnSA,43a6ff4f
Thu Jan  1 14:25:48 2026,628500000,EM_ANDAMENTO,Ori2EE,2f646d0e
Thu Jan  1 14:25:50 2026,629000000,EM_ANDAMENTO,FIH,dcb77b2e
Thu Jan  1 14:25:51 2026,629500000,EM_ANDAMENTO,kYUmZcN,b74ac2b1
Thu Jan  1 14:25:53 2026,630000000,EM_ANDAMENTO,un,637526f9
Thu Jan  1 14:25:54 2026,630500000,EM_ANDAMENTO,sxhBmKuY,a6f1bd65
Thu Jan  1 14:25:56 2026,631000000,EM_ANDAMENTO,ZQNzw5dt,2ee9930b
Thu Jan  1 14:25:57 2026,631500000,EM_ANDAMENTO,ulW8omiq,47266305
Thu Jan  1 14:25:59 2026,632000000,EM_ANDAMENTO,grRAZ5Ys8IFk,bbe2493d
Thu Jan  1 14:26:00 2026,632500000,EM_ANDAMENTO,ZD8ThFZjoi,2a272761
Thu Jan  1 14:26:02 2026,633000000,EM_ANDAMENTO,3bTuLas9gVMU,62562f32
Thu Jan  1 14:26:03 2026,633500000,EM_ANDAMENTO,B1282Mt9mWDY,465a7934
Thu Jan  1 14:26:05 2026,634000000,EM_ANDAMENTO,4Do,a657ac99
Thu Jan  1 14:26:06 2026,634500000,EM_ANDAMENTO,zGfc,8f49db15
Thu Jan  1 14:26:08 2026,635000000,EM_ANDAMENTO,LdSl2V,2a441cb6
Thu Jan  1 14:26:10 2026,635500000,EM_ANDAMENTO,sUdqsDsQ6qbj,9d1d68e0
Thu Jan  1 14:26:11 2026,636000000,EM_ANDAMENTO,aKpC,8510503a
Thu Jan  1 14:26:13 2026,636500000,EM_ANDAMENTO,XoqADT,96f59d11
Thu Jan  1 14:26:14 2026,637000000,EM_ANDAMENTO,yLZWtAT,23b54fe4
Thu Jan  1 14:26:16 2026,637500000,EM_ANDAMENTO,hf,093ecad2
Thu Jan  1 14:26:17 2026,638000000,EM_ANDAMENTO,GqI,8c0be104
Thu Jan  1 14:26:19 2026,638500000,EM_ANDAMENTO,rKkQu4,6ca6bbe3
Thu Jan  1 14:26:20 2026,639000000,EM_ANDAMENTO,uPkuj,3a4f0a3d
Thu Jan  1 14:26:22 2026,639500000,EM_ANDAMENTO,jdp,21f7815d
Thu Jan  1 14:26:23 2026,640000000,EM_ANDAMENTO,tcjB1h,9c133d36
Thu Jan  1 14:26:25 2026,640500000,EM_ANDAMENTO,oOq9zC,4c30cbf6
Thu Jan  1 14:26:26 2026,641000000,EM_ANDAMENTO,Req4itYzMt,152a3cab
Thu Jan  1 14:26:28 2026,641500000,EM_ANDAMENTO,yuWpzVXl,8fc9bf88
Thu Jan  1 14:26:29 2026,642000000,EM_ANDAMENTO,y,4cccd98d
Thu Jan  1 14:26:31 2026,642500000,EM_ANDAMENTO,Pz6,d68efc82
Thu Jan  1 14:26:32 2026,643000000,EM_ANDAMENTO,Jr3,07d936ac
Thu Jan  1 14:26:34 2026,643500000,EM_ANDAMENTO,ncp66bbKCSEd,44e7c8ed
Thu Jan  1 14:26:35 2026,644000000,EM_ANDAMENTO,3Ltf4O1CPq,a5c16309
Thu Jan  1 14:26:37 2026,644500000,EM_ANDAMENTO,LjPY,425a2d1e
Thu Jan  1 14:26:38 2026,645000000,EM_ANDAMENTO,b,f0ffa343
Thu Jan  1 14:26:40 2026,645500000,EM_ANDAMENTO,zH,665df63c
Thu Jan  1 14:26:41 2026,646000000,EM_ANDAMENTO,zRT9uoV,ca57c142
Thu Jan  1 14:26:43 2026,646500000,EM_ANDAMENTO,Ziz,ff98bb75
Thu Jan  1 14:26:45 2026,647000000,EM_ANDAMENTO,gG,bb1982c3
Thu Jan  1 14:26:46 2026,647500000,EM_ANDAMENTO,6BJOcQ68y,a7b499c4
Thu Jan  1 14:26:48 2026,648000000,EM_ANDAMENTO,jU,50659101
Thu Jan  1 14:26:49 2026,648500000,EM_ANDAMENTO,bgjccKl1,4c33f7be
Thu Jan  1 14:26:51 2026,649000000,EM_ANDAMENTO,EtD2YnfTlgD,5e4444fe
Thu Jan  1 14:26:52 2026,649500000,EM_ANDAMENTO,B6G,53bebafc
Thu Jan  1 14:26:54 2026,650000000,EM_ANDAMENTO,x5Gx,ee84da3f
Thu Jan  1 14:26:55 2026,650500000,EM_ANDAMENTO,HGptY1YdGtIr,135a2c2e
Thu Jan  1 14:26:57 2026,651000000,EM_ANDAMENTO,V7Vtcf,18823cf7
Thu Jan  1 14:26:58 2026,651500000,EM_ANDAMENTO,BCCfXSs4C,49af1ab6
Thu Jan  1 14:27:00 2026,652000000,EM_ANDAMENTO,Nec1,dae13641
Thu Jan  1 14:27:01 2026,652500000,EM_ANDAMENTO,msjyIX8g,0de732b7
Thu Jan  1 14:27:03 2026,653000000,EM_ANDAMENTO,n2L,f98e15d5
Thu Jan  1 14:27:04 2026,653500000,EM_ANDAMENTO,1Ha2SQMYFBx,a9c49773
Thu Jan  1 14:27:06 2026,654000000,EM_ANDAMENTO,ur1Ls,a1cb7db2
Thu Jan  1 14:27:08 2026,654500000,EM_ANDAMENTO,GdG0zMc79,6f0b05d5
Thu Jan  1 14:27:09 2026,655000000,EM_ANDAMENTO,eZaJ,9cf83889
Thu Jan  1 14:27:11 2026,655500000,EM_ANDAMENTO,a,85c8de88
Thu Jan  1 14:27:12 2026,656000000,EM_ANDAMENTO,B3QG,b0a3dcd8
Thu Jan  1 14:27:14 2026,656500000,EM_ANDAMENTO,qCG,6311dda9
Thu Jan  1 14:27:15 2026,657000000,EM_ANDAMENTO,aLJd6P,e3c177b9
Thu Jan  1 14:27:17 2026,657500000,EM_ANDAMENTO,ti4bJMyBln,75d6636e
Thu Jan  1 14:27:18 2026,658000000,EM_ANDAMENTO,oz6bu2GKv,7a8f2084
Thu Jan  1 14:27:20 2026,658500000,EM_ANDAMENTO,Z,dad14f5a
Thu Jan  1 14:27:21 2026,659000000,EM_ANDAMENTO,tGYGOo93Rqh7,8f59231c
Thu Jan  1 14:27:23 2026,659500000,EM_ANDAMENTO,iCGTRTLb,d4a7cf17
Thu Jan  1 14:27:24 2026,660000000,EM_ANDAMENTO,GdOIVaqKZQ,72c31385
Thu Jan  1 14:27:26 2026,660500000,EM_ANDAMENTO,6htwQ9IYn7,5d6cff07
Thu Jan  1 14:27:27 2026,661000000,EM_ANDAMENTO,5s23syI4Q,22899874
Thu Jan  1 14:27:29 2026,661500000,EM_ANDAMENTO,gLaHDu0,87827742
Thu Jan  1 14:27:31 2026,662000000,EM_ANDAMENTO,xzEQw3O,b319309f
Thu Jan  1 14:27:32 2026,662500000,EM_ANDAMENTO,c6XceO0kO,956fa8c7
Thu Jan  1 14:27:34 2026,663000000,EM_ANDAMENTO,boLES,4ebdef76
Thu Jan  1 14:27:35 2026,663500000,EM_ANDAMENTO,WV9K87VjZzN,7fae5f38
Thu Jan  1 14:27:37 2026,664000000,EM_ANDAMENTO,IR,0a8c1ce4
Thu Jan  1 14:27:38 2026,664500000,EM_ANDAMENTO,PJFp,b4b1714d
Thu Jan  1 14:27:40 2026,665000000,EM_ANDAMENTO,RByb,f897ce0d
Thu Jan  1 14:27:41 2026,665500000,EM_ANDAMENTO,9ZhA6TtBvG,8c722bb4
Thu Jan  1 14:27:43 2026,666000000,EM_ANDAMENTO,PRVx1WuvCG5,7670dc7b
Thu Jan  1 14:27:44 2026,666500000,EM_ANDAMENTO,XFwak,ae4d46bb
Thu Jan  1 14:27:46 2026,667000000,EM_ANDAMENTO,Rtj,32b5a88c
Thu Jan  1 14:27:47 2026,667500000,EM_ANDAMENTO,4Bcg,1de5d72c
Thu Jan  1 14:27:49 2026,668000000,EM_ANDAMENTO,pt08,911006df
Thu Jan  1 14:27:50 2026,668500000,EM_ANDAMENTO,ptH,9401ab30
Thu Jan  1 14:27:52 2026,669000000,EM_ANDAMENTO,T,9dd7847b
Thu Jan  1 14:27:53 2026,669500000,EM_ANDAMENTO,B,74865dbf
Thu Jan  1 14:27:55 2026,670000000,EM_ANDAMENTO,7i3Vj,9e01fd27
Thu Jan  1 14:27:57 2026,670500000,EM_ANDAMENTO,fBY,dacf2d0a
Thu Jan  1 14:27:58 2026,671000000,EM_ANDAMENTO,9J3qYOPD,596377dc
Thu Jan  1 14:27:59 2026,671500000,EM_ANDAMENTO,XJ1h5pqGH,dcec2d67
Thu Jan  1 14:28:01 2026,672000000,EM_ANDAMENTO,JZJ8IB,71870185
Thu Jan  1 14:28:03 2026,672500000,EM_ANDAMENTO,zZ2dJzBkor,7594dd79
Thu Jan  1 14:28:04 2026,673000000,EM_ANDAMENTO,cR,49b6ad54
Thu Jan  1 14:28:06 2026,673500000,EM_ANDAMENTO,Vk,5b899e40
Thu Jan  1 14:28:07 2026,674000000,EM_ANDAMENTO,aoC2,b6f25aae
Thu Jan  1 14:28:09 2026,674500000,EM_ANDAMENTO,VW,21ec4ce5
Thu Jan  1 14:28:10 2026,675000000,EM_ANDAMENTO,aPxKmP18,70c595e4
Thu Jan  1 14:28:12 2026,675500000,EM_ANDAMENTO,x,e472c5e3
Thu Jan  1 14:28:13 2026,676000000,EM_ANDAMENTO,mUUHxT6TfEN,559232c1
Thu Jan  1 14:28:15 2026,676500000,EM_ANDAMENTO,C86F,cf7a32a3
Thu Jan  1 14:28:16 2026,677000000,EM_ANDAMENTO,7r,4b11b122
Thu Jan  1 14:28:18 2026,677500000,EM_ANDAMENTO,Og5bnp,de8da6bc
Thu Jan  1 14:28:19 2026,678000000,EM_ANDAMENTO,1,ebaf5ccd
Thu Jan  1 14:28:21 2026,678500000,EM_ANDAMENTO,EYK,5c303120
Thu Jan  1 14:28:22 2026,679000000,EM_ANDAMENTO,l0HWdZnrn8,fee1e3cc
Thu Jan  1 14:28:24 2026,679500000,EM_ANDAMENTO,DZqv5znv,50dc79ce
Thu Jan  1 14:28:25 2026,680000000,EM_ANDAMENTO,FLWnGIQCL,28f46e19
Thu Jan  1 14:28:27 2026,680500000,EM_ANDAMENTO,xcqK,cad5cd3c
Thu Jan  1 14:28:29 2026,681000000,EM_ANDAMENTO,5,b485d77f
Thu Jan  1 14:28:30 2026,681500000,EM_ANDAMENTO,T0HjKW4K2Q,6b12a528
Thu Jan  1 14:28:32 2026,682000000,EM_ANDAMENTO,p85jQY,1a18b797
Thu Jan  1 14:28:33 2026,682500000,EM_ANDAMENTO,7N,9be4679e
Thu Jan  1 14:28:35 2026,683000000,EM_ANDAMENTO,OF1jFZw,16b1f46a
Thu Jan  1 14:28:36 2026,683500000,EM_ANDAMENTO,rb,4823f869
Thu Jan  1 14:28:38 2026,684000000,EM_ANDAMENTO,G4QMkQkYbR,0bc6cbe2
Thu Jan  1 14:28:39 2026,684500000,EM_ANDAMENTO,YZL5o1,42c10e2e
Thu Jan  1 14:28:41 2026,685000000,EM_ANDAMENTO,8Z1Q3i7ZYC6K,a070e72c
Thu Jan  1 14:28:42 2026,685500000,EM_ANDAMENTO,qP,24af1366
Thu Jan  1 14:28:44 2026,686000000,EM_ANDAMENTO,FdLQaUPMmm,9fcf5b24
Thu Jan  1 14:28:45 2026,686500000,EM_ANDAMENTO,GYuPEiY3I5,2d2d4e04
Thu Jan  1 14:28:47 2026,687000000,EM_ANDAMENTO,luoYbsS,dffc2dc4
Thu Jan  1 14:28:48 2026,687500000,EM_ANDAMENTO,CSZZYdS09Xk,a3fdc500
Thu Jan  1 14:28:50 2026,688000000,EM_ANDAMENTO,3dj5tw6,429fd86d
Thu Jan  1 14:28:51 2026,688500000,EM_ANDAMENTO,0066J4Dywxfh,7af7a87f
Thu Jan  1 14:28:53 2026,689000000,EM_ANDAMENTO,Bc748YF,3f100640
Thu Jan  1 14:28:55 2026,689500000,EM_ANDAMENTO,OI0CusaBJ6yY,b67d31f0
Thu Jan  1 14:28:56 2026,690000000,EM_ANDAMENTO,csqAMumF,d65a16f9
Thu Jan  1 14:28:57 2026,690500000,EM_ANDAMENTO,YzmpYzYzj,57d115f3
Thu Jan  1 14:28:59 2026,691000000,EM_ANDAMENTO,QY,b663ca95
Thu Jan  1 14:29:01 2026,691500000,EM_ANDAMENTO,jL,32b3d78d
Thu Jan  1 14:29:02 2026,692000000,EM_ANDAMENTO,3Z,73c4d705
Thu Jan  1 14:29:04 2026,692500000,EM_ANDAMENTO,s,bc5ac4a3
Thu Jan  1 14:29:05 2026,693000000,EM_ANDAMENTO,0Smz,c31dfa5d
Thu Jan  1 14:29:07 2026,693500000,EM_ANDAMENTO,X0UID,561f60f8
Thu Jan  1 14:29:08 2026,694000000,EM_ANDAMENTO,JN1,a459fd79
Thu Jan  1 14:29:10 2026,694500000,EM_ANDAMENTO,QWigjB2,c91619f7
Thu Jan  1 14:29:11 2026,695000000,EM_ANDAMENTO,vJ,ebb87d11
Thu Jan  1 14:29:13 2026,695500000,EM_ANDAMENTO,AYEjUXungUod,663a10f1
Thu Jan  1 14:29:14 2026,696000000,EM_ANDAMENTO,UrSp,280b0b94
Thu Jan  1 14:29:16 2026,696500000,EM_ANDAMENTO,1HwhPCs8X,70623600
Thu Jan  1 14:29:17 2026,697000000,EM_ANDAMENTO,oA5UKaNj,9804132e
Thu Jan  1 14:29:19 2026,697500000,EM_ANDAMENTO,pw0kA,0c02187a
Thu Jan  1 14:29:21 2026,698000000,EM_ANDAMENTO,4hXqQ05jkK,8cb88e72
Thu Jan  1 14:29:22 2026,698500000,EM_ANDAMENTO,dkE8Iweh,c0e26e98
Thu Jan  1 14:29:24 2026,699000000,EM_ANDAMENTO,aOmwL9,3b1bbe58
Thu Jan  1 14:29:25 2026,699500000,EM_ANDAMENTO,jAnH63Y,2c1635ed
Thu Jan  1 14:29:27 2026,700000000,EM_ANDAMENTO,02ERmQhIw0,07f2ded8
Thu Jan  1 14:29:28 2026,700500000,EM_ANDAMENTO,42oX9,4ea3d88e
Thu Jan  1 14:29:30 2026,701000000,EM_ANDAMENTO,u6lK04BK,56ec972a
Thu Jan  1 14:29:31 2026,701500000,EM_ANDAMENTO,tW1MNXHg,91f346f9
Thu Jan  1 14:29:33 2026,702000000,EM_ANDAMENTO,KsJWI,eda1daf2
Thu Jan  1 14:29:34 2026,702500000,EM_ANDAMENTO,Ym9,d1f86683
Thu Jan  1 14:29:36 2026,703000000,EM_ANDAMENTO,X8H66euOz,bdf27886
Thu Jan  1 14:29:37 2026,703500000,EM_ANDAMENTO,3r4,7381d301
Thu Jan  1 14:29:39 2026,704000000,EM_ANDAMENTO,2P9LKbxkTa,7f3e6333
Thu Jan  1 14:29:41 2026,704500000,EM_ANDAMENTO,VOy8Y,b67fe89e
Thu Jan  1 14:29:42 2026,705000000,EM_ANDAMENTO,5XGj0rQ,0adc2bfa
Thu Jan  1 14:29:43 2026,705500000,EM_ANDAMENTO,7ScUts7x,c2d46b7c
Thu Jan  1 14:29:45 2026,706000000,EM_ANDAMENTO,wy,0dd15b1d
Thu Jan  1 14:29:47 2026,706500000,EM_ANDAMENTO,LZTh8D5hNuFt,ff5420f4
Thu Jan  1 14:29:48 2026,707000000,EM_ANDAMENTO,rTdsrX,39b3a5c4
Thu Jan  1 14:29:50 2026,707500000,EM_ANDAMENTO,Nda3rZu5v,1dba5560
Thu Jan  1 14:29:51 2026,708000000,EM_ANDAMENTO,iCl7egH,bc441bfa
Thu Jan  1 14:29:53 2026,708500000,EM_ANDAMENTO,qq8SOHGgvJY,002467b1
Thu Jan  1 14:29:54 2026,709000000,EM_ANDAMENTO,qGRqFuC6di4E,99d38aa6
Thu Jan  1 14:29:56 2026,709500000,EM_ANDAMENTO,3P,e03aef5b
Thu Jan  1 14:29:57 2026,710000000,EM_ANDAMENTO,8,cac75ec7
Thu Jan  1 14:29:59 2026,710500000,EM_ANDAMENTO,6OF,507cee65
Thu Jan  1 14:30:00 2026,711000000,EM_ANDAMENTO,aLwsXvHD,60358aef
Thu Jan  1 14:30:02 2026,711500000,EM_ANDAMENTO,7tb,6a10fe8e
Thu Jan  1 14:30:04 2026,712000000,EM_ANDAMENTO,C,2e9587f4
Thu Jan  1 14:30:05 2026,712500000,EM_ANDAMENTO,M,b969a39b
Thu Jan  1 14:30:07 2026,713000000,EM_ANDAMENTO,RW4YF76QXsY,51569d3a
Thu Jan  1 14:30:08 2026,713500000,EM_ANDAMENTO,ZYT,8c685d98
Thu Jan  1 14:30:10 2026,714000000,EM_ANDAMENTO,V4XlJ6,afd2ba61
Thu Jan  1 14:30:11 2026,714500000,EM_ANDAMENTO,XLiHCOd5tO,503da574
Thu Jan  1 14:30:13 2026,715000000,EM_ANDAMENTO,t,ef012cb5
Thu Jan  1 14:30:14 2026,715500000,EM_ANDAMENTO,n,68f8ea7d
Thu Jan  1 14:30:16 2026,716000000,EM_ANDAMENTO,W,c4abaca1
Thu Jan  1 14:30:17 2026,716500000,EM_ANDAMENTO,KcNeecoEW,bbb58bb9
Thu Jan  1 14:30:19 2026,717000000,EM_ANDAMENTO,GmtnHBXjI,fe92d6ca
Thu Jan  1 14:30:20 2026,717500000,EM_ANDAMENTO,4oMcC,94e54a96
Thu Jan  1 14:30:22 2026,718000000,EM_ANDAMENTO,UpjWe,d82e522a
Thu Jan  1 14:30:23 2026,718500000,EM_ANDAMENTO,T5C5o,7c6df192
Thu Jan  1 14:30:25 2026,719000000,EM_ANDAMENTO,78Mi9k,f26bf780
Thu Jan  1 14:30:26 2026,719500000,EM_ANDAMENTO,UC45s8,8138ec91
Thu Jan  1 14:30:28 2026,720000000,EM_ANDAMENTO,Z5in1l,8f01c282
Thu Jan  1 14:30:29 2026,720500000,EM_ANDAMENTO,EGnU8,ed2f5740
Thu Jan  1 14:30:31 2026,721000000,EM_ANDAMENTO,E437sDgheW8,b8e2b99c
Thu Jan  1 14:30:33 2026,721500000,EM_ANDAMENTO,9iSka,2f8d1f45
Thu Jan  1 14:30:34 2026,722000000,EM_ANDAMENTO,zfVGtLauP3p,4a70dd02
Thu Jan  1 14:30:36 2026,722500000,EM_ANDAMENTO,GF,e56c9d7e
Thu Jan  1 14:30:37 2026,723000000,EM_ANDAMENTO,riwbSyA,90efb618
Thu Jan  1 14:30:39 2026,723500000,EM_ANDAMENTO,v6SzrU6vdxA8,7020753c
Thu Jan  1 14:30:40 2026,724000000,EM_ANDAMENTO,odb,4f6c911f
Thu Jan  1 14:30:42 2026,724500000,EM_ANDAMENTO,0cL1n55yf,b79d0309
Thu Jan  1 14:30:43 2026,725000000,EM_ANDAMENTO,9S,9af9ef1f
Thu Jan  1 14:30:45 2026,725500000,EM_ANDAMENTO,RdnTWP9pE,34171105
Thu Jan  1 14:30:46 2026,726000000,EM_ANDAMENTO,b,f0ffa343
Thu Jan  1 14:30:48 2026,726500000,EM_ANDAMENTO,SXKPEJWYevY,67c71b3f
Thu Jan  1 14:30:49 2026,727000000,EM_ANDAMENTO,FSeh0xdqVN,00062945
Thu Jan  1 14:30:51 2026,727500000,EM_ANDAMENTO,R,613edcc8
Thu Jan  1 14:30:53 2026,728000000,EM_ANDAMENTO,rh,4ea5f3f4
Thu Jan  1 14:30:54 2026,728500000,EM_ANDAMENTO,z5o9h,097f2241
Thu Jan  1 14:30:56 2026,729000000,EM_ANDAMENTO,8NOcLwY8N5v5,43118d12
Thu Jan  1 14:30:57 2026,729500000,EM_ANDAMENTO,5wjsf7gB,ea6b9834
Thu Jan  1 14:30:59 2026,730000000,EM_ANDAMENTO,U7S0WtWq,fbed240d
Thu Jan  1 14:31:00 2026,730500000,EM_ANDAMENTO,V,55360b71
Thu Jan  1 14:31:02 2026,731000000,EM_ANDAMENTO,UPzw,54ab99c8
Thu Jan  1 14:31:03 2026,731500000,EM_ANDAMENTO,P,eab44804
Thu Jan  1 14:31:05 2026,732000000,EM_ANDAMENTO,BYyjNzvo3rJW,26269e2f
Thu Jan  1 14:31:06 2026,732500000,EM_ANDAMENTO,h35qAOs5S,c52b55d5
Thu Jan  1 14:31:08 2026,733000000,EM_ANDAMENTO,u,4aed0987
Thu Jan  1 14:31:09 2026,733500000,EM_ANDAMENTO,cE7zdb6zY67V,4e221b57
Thu Jan  1 14:31:11 2026,734000000,EM_ANDAMENTO,TQcB,7b823e2f
Thu Jan  1 14:31:12 2026,734500000,EM_ANDAMENTO,Sajl60rOkEF,0cf099fd
Thu Jan  1 14:31:14 2026,735000000,EM_ANDAMENTO,6jLHYGn,8922971b
Thu Jan  1 14:31:16 2026,735500000,EM_ANDAMENTO,ZfBn5E,7dd37700
Thu Jan  1 14:31:17 2026,736000000,EM_ANDAMENTO,e05l,9438fd9b
Thu Jan  1 14:31:19 2026,736500000,EM_ANDAMENTO,03RjwgRhhe,af587d20
Thu Jan  1 14:31:20 2026,737000000,EM_ANDAMENTO,ctU2kcad,8617944b
Thu Jan  1 14:31:22 2026,737500000,EM_ANDAMENTO,A,a5ba3aee
Thu Jan  1 14:31:23 2026,738000000,EM_ANDAMENTO,KBT9,39fec99c
Thu Jan  1 14:31:25 2026,738500000,EM_ANDAMENTO,jo1SMolp,14f48ba1
Thu Jan  1 14:31:26 2026,739000000,EM_ANDAMENTO,i5h3Oc7,be7afc0b
Thu Jan  1 14:31:28 2026,739500000,EM_ANDAMENTO,eyVPJq,a3dc77c3
Thu Jan  1 14:31:29 2026,740000000,EM_ANDAMENTO,GyzMSQiF,3161a9ee
Thu Jan  1 14:31:31 2026,740500000,EM_ANDAMENTO,2,4e9e3870
Thu Jan  1 14:31:32 2026,741000000,EM_ANDAMENTO,3Cw,e46390aa
Thu Jan  1 14:31:34 2026,741500000,EM_ANDAMENTO,a25r8OAjCkkf,6157afd1
Thu Jan  1 14:31:36 2026,742000000,EM_ANDAMENTO,jSv,73ddacc4
Thu Jan  1 14:31:37 2026,742500000,EM_ANDAMENTO,J,5efe2fba
Thu Jan  1 14:31:39 2026,743000000,EM_ANDAMENTO,VJzM,dfc18149
Thu Jan  1 14:31:40 2026,743500000,EM_ANDAMENTO,4SutZeqzIZ,b07a64a5
Thu Jan  1 14:31:42 2026,744000000,EM_ANDAMENTO,otsvRVADHa2n,c4495965
Thu Jan  1 14:31:43 2026,744500000,EM_ANDAMENTO,b,f0ffa343
Thu Jan  1 14:31:45 2026,745000000,EM_ANDAMENTO,EiAUxU,f328ce4a
Thu Jan  1 14:31:46 2026,745500000,EM_ANDAMENTO,2zgr,ad4757b3
Thu Jan  1 14:31:48 2026,746000000,EM_ANDAMENTO,rZQP,bf78e8b7
Thu Jan  1 14:31:49 2026,746500000,EM_ANDAMENTO,wA,e5e36d9f
Thu Jan  1 14:31:51 2026,747000000,EM_ANDAMENTO,zkhFxvMYyFSC,48f9a759
Thu Jan  1 14:31:52 2026,747500000,EM_ANDAMENTO,xj,90d6c6ff
Thu Jan  1 14:31:54 2026,748000000,EM_ANDAMENTO,Il7JK2y40OOx,f265810f
Thu Jan  1 14:31:55 2026,748500000,EM_ANDAMENTO,4iVhFsgzTkn,78113519
Thu Jan  1 14:31:57 2026,749000000,EM_ANDAMENTO,Fx8y3m3j1AG,f2418518
Thu Jan  1 14:31:58 2026,749500000,EM_ANDAMENTO,3U3g1apc,c1353a14
Thu Jan  1 14:32:00 2026,750000000,EM_ANDAMENTO,pV5iP1J,1eab36cf
Thu Jan  1 14:32:02 2026,750500000,EM_ANDAMENTO,UPKVI7W,2a2f52b4
Thu Jan  1 14:32:03 2026,751000000,EM_ANDAMENTO,BbBAT6rqC,d475eeb4
Thu Jan  1 14:32:05 2026,751500000,EM_ANDAMENTO,uSmBaT2QKaQE,5743bae5
Thu Jan  1 14:32:06 2026,752000000,EM_ANDAMENTO,lDtv,f86d5592
Thu Jan  1 14:32:08 2026,752500000,EM_ANDAMENTO,zFRgDrKiu,c1d897a0
Thu Jan  1 14:32:09 2026,753000000,EM_ANDAMENTO,GeX53Hiq,7d919532
Thu Jan  1 14:32:11 2026,753500000,EM_ANDAMENTO,nt1r2e6Y,ad9f062c
Thu Jan  1 14:32:12 2026,754000000,EM_ANDAMENTO,J,5efe2fba
Thu Jan  1 14:32:14 2026,754500000,EM_ANDAMENTO,PdyoHn,6b7f2ab1
Thu Jan  1 14:32:15 2026,755000000,EM_ANDAMENTO,a2lk9UPeHb,5bd34edc
Thu Jan  1 14:32:17 2026,755500000,EM_ANDAMENTO,9GiNuV5oDpwj,a7849b91
Thu Jan  1 14:32:19 2026,756000000,EM_ANDAMENTO,2IjT9WpveTmK,d12aa9c7
Thu Jan  1 14:32:20 2026,756500000,EM_ANDAMENTO,nfKXkbD,d7818379
Thu Jan  1 14:32:22 2026,757000000,EM_ANDAMENTO,ZQmf6,59092ca7
Thu Jan  1 14:32:23 2026,757500000,EM_ANDAMENTO,O,4ac61591
Thu Jan  1 14:32:25 2026,758000000,EM_ANDAMENTO,ICuIpEFrKC0,271030d0
Thu Jan  1 14:32:26 2026,758500000,EM_ANDAMENTO,z5L,c6844682
Thu Jan  1 14:32:28 2026,759000000,EM_ANDAMENTO,oYs9gT7Gx9,7959a666
Thu Jan  1 14:32:29 2026,759500000,EM_ANDAMENTO,THsLXWEPeyNs,8b7f7df5
Thu Jan  1 14:32:31 2026,760000000,EM_ANDAMENTO,lVJxPmZ3ANM,3d797906
Thu Jan  1 14:32:32 2026,760500000,EM_ANDAMENTO,liMuTlIhd,f8041290
Thu Jan  1 14:32:34 2026,761000000,EM_ANDAMENTO,rE25sKyDcJ,fb3eedc9
Thu Jan  1 14:32:35 2026,761500000,EM_ANDAMENTO,M6qz2LRHnib,5d5bb1b9
Thu Jan  1 14:32:37 2026,762000000,EM_ANDAMENTO,alvVWWiuw,14e4c25b
Thu Jan  1 14:32:38 2026,762500000,EM_ANDAMENTO,ToI9vg,7200643e
Thu Jan  1 14:32:40 2026,763000000,EM_ANDAMENTO,ZCbghrx,e16295df
Thu Jan  1 14:32:41 2026,763500000,EM_ANDAMENTO,pN,2fe4a28e
Thu Jan  1 14:32:43 2026,764000000,EM_ANDAMENTO,6,21d93093
Thu Jan  1 14:32:44 2026,764500000,EM_ANDAMENTO,pGJSM,40d052ba
Thu Jan  1 14:32:46 2026,765000000,EM_ANDAMENTO,OxWBwC,1306cfdb
Thu Jan  1 14:32:47 2026,765500000,EM_ANDAMENTO,Ngj,38e76478
Thu Jan  1 14:32:49 2026,766000000,EM_ANDAMENTO,j9,f33a927b
Thu Jan  1 14:32:50 2026,766500000,EM_ANDAMENTO,wFv6,9a345b46
Thu Jan  1 14:32:52 2026,767000000,EM_ANDAMENTO,etDZ7fra3Ri,71c110b0
Thu Jan  1 14:32:54 2026,767500000,EM_ANDAMENTO,ES1OwXbc,a66f8ba6
Thu Jan  1 14:32:55 2026,768000000,EM_ANDAMENTO,h,ed6dba4b
Thu Jan  1 14:32:57 2026,768500000,EM_ANDAMENTO,1,ebaf5ccd
Thu Jan  1 14:32:58 2026,769000000,EM_ANDAMENTO,dXP,0bedadd8
Thu Jan  1 14:33:00 2026,769500000,EM_ANDAMENTO,bgN1sKYG2zUz,8a12a07d
Thu Jan  1 14:33:01 2026,770000000,EM_ANDAMENTO,QLiE7TwUo5,7f687d68
Thu Jan  1 14:33:03 2026,770500000,EM_ANDAMENTO,3mtA,876206e6
Thu Jan  1 14:33:04 2026,771000000,EM_ANDAMENTO,EBs4fAY,6fd11402
Thu Jan  1 14:33:06 2026,771500000,EM_ANDAMENTO,RiukUiyDb,4d1eb16b
Thu Jan  1 14:33:07 2026,772000000,EM_ANDAMENTO,m,c5c95598
Thu Jan  1 14:33:09 2026,772500000,EM_ANDAMENTO,KMgCHGZI,da1bd865
Thu Jan  1 14:33:10 2026,773000000,EM_ANDAMENTO,tOrYikyW8JHV,9518fdd2
Thu Jan  1 14:33:12 2026,773500000,EM_ANDAMENTO,Nm,ee9ea7ed
Thu Jan  1 14:33:13 2026,774000000,EM_ANDAMENTO,dqANUL,9c255618
Thu Jan  1 14:33:15 2026,774500000,EM_ANDAMENTO,KBmDkBsDU4,012a8e94
Thu Jan  1 14:33:16 2026,775000000,EM_ANDAMENTO,AZoZpaZ,1885d3cf
Thu Jan  1 14:33:18 2026,775500000,EM_ANDAMENTO,44uR,26803e06
Thu Jan  1 14:33:20 2026,776000000,EM_ANDAMENTO,Y4brjVpt00v,4e0e398e
Thu Jan  1 14:33:21 2026,776500000,EM_ANDAMENTO,RzrNK,fed3ed4b
Thu Jan  1 14:33:23 2026,777000000,EM_ANDAMENTO,a1uKOFz,9e5eee5f
Thu Jan  1 14:33:24 2026,777500000,EM_ANDAMENTO,OQILaioXSMCO,49824cb9
Thu Jan  1 14:33:26 2026,778000000,EM_ANDAMENTO,j5xvIHQx,91ceabae
Thu Jan  1 14:33:27 2026,778500000,EM_ANDAMENTO,aOF,8735937f
Thu Jan  1 14:33:29 2026,779000000,EM_ANDAMENTO,MUnW0Qr8uq,bdd27bdc
Thu Jan  1 14:33:30 2026,779500000,EM_ANDAMENTO,wQaY,3632990f
Thu Jan  1 14:33:32 2026,780000000,EM_ANDAMENTO,FOpj,bd689f73
Thu Jan  1 14:33:33 2026,780500000,EM_ANDAMENTO,RgcfK5,b9e54de1
Thu Jan  1 14:33:35 2026,781000000,EM_ANDAMENTO,aGYMenCyzY7,651aa8ba
Thu Jan  1 14:33:36 2026,781500000,EM_ANDAMENTO,A4Y,387b11b4
Thu Jan  1 14:33:38 2026,782000000,EM_ANDAMENTO,zVuX5,53508bd3
Thu Jan  1 14:33:39 2026,782500000,EM_ANDAMENTO,FpZVHOK,12e49879
Thu Jan  1 14:33:41 2026,783000000,EM_ANDAMENTO,R,613edcc8
Thu Jan  1 14:33:42 2026,783500000,EM_ANDAMENTO,VVrdv,3dca99e3
Thu Jan  1 14:33:44 2026,784000000,EM_ANDAMENTO,8eW,fa068a02
Thu Jan  1 14:33:45 2026,784500000,EM_ANDAMENTO,qKpm,b2edc720
Thu Jan  1 14:33:47 2026,785000000,EM_ANDAMENTO,oKGbh,a89aebbe
Thu Jan  1 14:33:49 2026,785500000,EM_ANDAMENTO,nVVhpmbh,a61151d2
Thu Jan  1 14:33:50 2026,786000000,EM_ANDAMENTO,PJc,487cfc0e
Thu Jan  1 14:33:52 2026,786500000,EM_ANDAMENTO,LwSL,f4f8e5cc
Thu Jan  1 14:33:53 2026,787000000,EM_ANDAMENTO,tjyxv,4ff711c8
Thu Jan  1 14:33:55 2026,787500000,EM_ANDAMENTO,9OAk0K,f94bd2f7
Thu Jan  1 14:33:57 2026,788000000,EM_ANDAMENTO,eBvmXTk13,20db2bee
Thu Jan  1 14:33:58 2026,788500000,EM_ANDAMENTO,zYckcUSkE1RO,639c70b0
Thu Jan  1 14:34:00 2026,789000000,EM_ANDAMENTO,w,1e332829
Thu Jan  1 14:34:01 2026,789500000,EM_ANDAMENTO,X4EtsxpT45S,6b532f75
Thu Jan  1 14:34:03 2026,790000000,EM_ANDAMENTO,j0BUKs,a3908fe0
Thu Jan  1 14:34:04 2026,790500000,EM_ANDAMENTO,TTfv,e09ddfaf
Thu Jan  1 14:34:06 2026,791000000,EM_ANDAMENTO,aB,1e135a99
Thu Jan  1 14:34:07 2026,791500000,EM_ANDAMENTO,kS3tNtX,416908f1
Thu Jan  1 14:34:09 2026,792000000,EM_ANDAMENTO,QkuREIyWbE,ba4bae7c
Thu Jan  1 14:34:11 2026,792500000,EM_ANDAMENTO,npVbK,a1429faa
Thu Jan  1 14:34:12 2026,793000000,EM_ANDAMENTO,2hvWNVt,962369be
Thu Jan  1 14:34:14 2026,793500000,EM_ANDAMENTO,ZWDTLL50SaeF,42a37863
Thu Jan  1 14:34:15 2026,794000000,EM_ANDAMENTO,KEqvM,f2d8ed42
Thu Jan  1 14:34:17 2026,794500000,EM_ANDAMENTO,CdqPgzCi6Vm,91394a36
Thu Jan  1 14:34:18 2026,795000000,EM_ANDAMENTO,q9lfj6V,a391ed55
Thu Jan  1 14:34:20 2026,795500000,EM_ANDAMENTO,MgdF,fa7b8187
Thu Jan  1 14:34:21 2026,796000000,EM_ANDAMENTO,ZrXSNpNPl2M,4db1d27f
Thu Jan  1 14:34:23 2026,796500000,EM_ANDAMENTO,5,b485d77f
Thu Jan  1 14:34:24 2026,797000000,EM_ANDAMENTO,e9Z7,4802979a
Thu Jan  1 14:34:26 2026,797500000,EM_ANDAMENTO,AH9qcP2Q,b00e43ca
Thu Jan  1 14:34:27 2026,798000000,EM_ANDAMENTO,0,628e79cf
Thu Jan  1 14:34:29 2026,798500000,EM_ANDAMENTO,6,21d93093
Thu Jan  1 14:34:31 2026,799000000,EM_ANDAMENTO,BRAl,f93a54a5
Thu Jan  1 14:34:32 2026,799500000,EM_ANDAMENTO,NcZ112fxccgA,fc92ff57
Thu Jan  1 14:34:34 2026,800000000,EM_ANDAMENTO,yfPq,ec9c9eb4
Thu Jan  1 14:34:35 2026,800500000,EM_ANDAMENTO,oAF8,0ffec9ec
Thu Jan  1 14:34:37 2026,801000000,EM_ANDAMENTO,9ipcyDBw61l,4b0e9d8e
Thu Jan  1 14:34:38 2026,801500000,EM_ANDAMENTO,RJh,6b1a515d
Thu Jan  1 14:34:40 2026,802000000,EM_ANDAMENTO,lxkNRmQNufTH,f3a0cd12
Thu Jan  1 14:34:41 2026,802500000,EM_ANDAMENTO,nbrAI,e62685ca
Thu Jan  1 14:34:43 2026,803000000,EM_ANDAMENTO,cPT,05539738
Thu Jan  1 14:34:44 2026,803500000,EM_ANDAMENTO,WCYGHJGu,5a187498
Thu Jan  1 14:34:46 2026,804000000,EM_ANDAMENTO,FbNuShi8Ip,5cfce043
Thu Jan  1 14:34:47 2026,804500000,EM_ANDAMENTO,yFKwNo2,a7fff026
Thu Jan  1 14:34:49 2026,805000000,EM_ANDAMENTO,T5q,a2f6b6f1
Thu Jan  1 14:34:51 2026,805500000,EM_ANDAMENTO,0qxm3eKcO7K,344b8800
Thu Jan  1 14:34:52 2026,806000000,EM_ANDAMENTO,GFydjc28y,22aa58ff
Thu Jan  1 14:34:53 2026,806500000,EM_ANDAMENTO,F4Px,b3ba3cd6
Thu Jan  1 14:34:55 2026,807000000,EM_ANDAMENTO,Fyb7W4PsX,086b3165
Thu Jan  1 14:34:57 2026,807500000,EM_ANDAMENTO,IRSZ,89439778
Thu Jan  1 14:34:58 2026,808000000,EM_ANDAMENTO,JcZ9,df99398b
Thu Jan  1 14:35:00 2026,808500000,EM_ANDAMENTO,UVo5rIaT2,22e74e48
Thu Jan  1 14:35:01 2026,809000000,EM_ANDAMENTO,oCD81IWdMkQf,a1ac15e8
Thu Jan  1 14:35:03 2026,809500000,EM_ANDAMENTO,FeDq1Vx,5696111f
Thu Jan  1 14:35:05 2026,810000000,EM_ANDAMENTO,zGj8yUptqpu,86f3b778
Thu Jan  1 14:35:06 2026,810500000,EM_ANDAMENTO,81ufzh,b68ca8ad
Thu Jan  1 14:35:08 2026,811000000,EM_ANDAMENTO,k6ZJ3CN0Z1Dc,a26333dc
Thu Jan  1 14:35:09 2026,811500000,EM_ANDAMENTO,YXCyekv5Op,57edb823
Thu Jan  1 14:35:11 2026,812000000,EM_ANDAMENTO,2x,d49eb831
Thu Jan  1 14:35:12 2026,812500000,EM_ANDAMENTO,RiRUsk,c10354ef
Thu Jan  1 14:35:14 2026,813000000,EM_ANDAMENTO,c,a5c1009b
Thu Jan  1 14:35:15 2026,813500000,EM_ANDAMENTO,7Se9,31da69cf
Thu Jan  1 14:35:17 2026,814000000,EM_ANDAMENTO,qeqglGPHt0zN,8d280757
Thu Jan  1 14:35:18 2026,814500000,EM_ANDAMENTO,5AFOAC,7b776be4
Thu Jan  1 14:35:20 2026,815000000,EM_ANDAMENTO,aL,881f45c4
Thu Jan  1 14:35:21 2026,815500000,EM_ANDAMENTO,hSq2,7194f67c
Thu Jan  1 14:35:23 2026,816000000,EM_ANDAMENTO,rdLj,73fae507
Thu Jan  1 14:35:25 2026,816500000,EM_ANDAMENTO,i63R1sPUUqY,4cf856b2
Thu Jan  1 14:35:26 2026,817000000,EM_ANDAMENTO,yROk7X8,a1f72e85
Thu Jan  1 14:35:28 2026,817500000,EM_ANDAMENTO,fU7RAdCsW,3b08e6b4
Thu Jan  1 14:35:29 2026,818000000,EM_ANDAMENTO,xDm1LseWWkFq,f8706924
Thu Jan  1 14:35:31 2026,818500000,EM_ANDAMENTO,SZYoqKmdStg,d338e126
Thu Jan  1 14:35:32 2026,819000000,EM_ANDAMENTO,CVs2TGO,3e97279f
Thu Jan  1 14:35:34 2026,819500000,EM_ANDAMENTO,rD58pulejHL,e53b2d86
Thu Jan  1 14:35:35 2026,820000000,EM_ANDAMENTO,uM5Qa,049c33a9
Thu Jan  1 14:35:37 2026,820500000,EM_ANDAMENTO,Rx,790dde78
Thu Jan  1 14:35:38 2026,821000000,EM_ANDAMENTO,4lsH6JVAb,bd529370
Thu Jan  1 14:35:40 2026,821500000,EM_ANDAMENTO,yQ3EGQGLhlV7,dbe8c36e
Thu Jan  1 14:35:42 2026,822000000,EM_ANDAMENTO,ZgqIHfBAl,2eaedbd5
Thu Jan  1 14:35:43 2026,822500000,EM_ANDAMENTO,00B,b87f6cde
Thu Jan  1 14:35:45 2026,823000000,EM_ANDAMENTO,K7M6zDvyuu,522a28b5
Thu Jan  1 14:35:46 2026,823500000,EM_ANDAMENTO,ZCa,f07ab764
Thu Jan  1 14:35:48 2026,824000000,EM_ANDAMENTO,7hSRwhyGS,c65fedfb
Thu Jan  1 14:35:49 2026,824500000,EM_ANDAMENTO,BmAQfINcsH12,8845b7b5
Thu Jan  1 14:35:51 2026,825000000,EM_ANDAMENTO,I,9264d438
Thu Jan  1 14:35:52 2026,825500000,EM_ANDAMENTO,HNxZt6cTV7r,56640032
Thu Jan  1 14:35:54 2026,826000000,EM_ANDAMENTO,f,2c6c3bcd
Thu Jan  1 14:35:55 2026,826500000,EM_ANDAMENTO,j2EyhqqU,41bafd47
Thu Jan  1 14:35:57 2026,827000000,EM_ANDAMENTO,CeXr9u7dIp9,42ea2881
Thu Jan  1 14:35:58 2026,827500000,EM_ANDAMENTO,9,d8ef0690
Thu Jan  1 14:36:00 2026,828000000,EM_ANDAMENTO,IJjQL,2a5ee818
Thu Jan  1 14:36:01 2026,828500000,EM_ANDAMENTO,6nWUXGvLg,74e9c532
Thu Jan  1 14:36:03 2026,829000000,EM_ANDAMENTO,P360JeWZn,595be6d7
Thu Jan  1 14:36:05 2026,829500000,EM_ANDAMENTO,Y2xhADp5Q,6da435aa
Thu Jan  1 14:36:06 2026,830000000,EM_ANDAMENTO,xF,c144e405
Thu Jan  1 14:36:08 2026,830500000,EM_ANDAMENTO,Q,bd3d67b5
Thu Jan  1 14:36:09 2026,831000000,EM_ANDAMENTO,BFMjEX,3e8013f8
Thu Jan  1 14:36:11 2026,831500000,EM_ANDAMENTO,U0,828eebf6
Thu Jan  1 14:36:12 2026,832000000,EM_ANDAMENTO,iIvORFRAvIeF,66563389
Thu Jan  1 14:36:14 2026,832500000,EM_ANDAMENTO,ndvR4aiuNonZ,56c4fa78
Thu Jan  1 14:36:15 2026,833000000,EM_ANDAMENTO,Q,bd3d67b5
Thu Jan  1 14:36:17 2026,833500000,EM_ANDAMENTO,UjE,cc7968b1
Thu Jan  1 14:36:18 2026,834000000,EM_ANDAMENTO,gP,4f839625
Thu Jan  1 14:36:20 2026,834500000,EM_ANDAMENTO,tVuAIzDE,c90e4f39
Thu Jan  1 14:36:21 2026,835000000,EM_ANDAMENTO,T9QSDSJpbu,78ef7a18
Thu Jan  1 14:36:23 2026,835500000,EM_ANDAMENTO,RSJ,46880a7f
Thu Jan  1 14:36:25 2026,836000000,EM_ANDAMENTO,s45Az,d8878bbe
Thu Jan  1 14:36:26 2026,836500000,EM_ANDAMENTO,PSXAsdU,28723a6f
Thu Jan  1 14:36:28 2026,837000000,EM_ANDAMENTO,N68pKY98b,0ffb54a2
Thu Jan  1 14:36:29 2026,837500000,EM_ANDAMENTO,zql78,351b7357
Thu Jan  1 14:36:31 2026,838000000,EM_ANDAMENTO,Ccj,cfffce7d
Thu Jan  1 14:36:32 2026,838500000,EM_ANDAMENTO,K,58a8694c
Thu Jan  1 14:36:34 2026,839000000,EM_ANDAMENTO,JaX3dKb92t,aa1bdbae
Thu Jan  1 14:36:35 2026,839500000,EM_ANDAMENTO,KaNSJ,5a02292f
Thu Jan  1 14:36:37 2026,840000000,EM_ANDAMENTO,WTJ19m,08ec26bc
Thu Jan  1 14:36:38 2026,840500000,EM_ANDAMENTO,T1O,d93b921f
Thu Jan  1 14:36:40 2026,841000000,EM_ANDAMENTO,CFyocWnU,242ed0e4
Thu Jan  1 14:36:41 2026,841500000,EM_ANDAMENTO,EPrfvtECO,adc497ba
Thu Jan  1 14:36:43 2026,842000000,EM_ANDAMENTO,0e,f8202907
Thu Jan  1 14:36:45 2026,842500000,EM_ANDAMENTO,92an7,dcc38106
Thu Jan  1 14:36:46 2026,843000000,EM_ANDAMENTO,DhE,5fb1f547
Thu Jan  1 14:36:48 2026,843500000,EM_ANDAMENTO,jPiwv5pQ,447a3305
Thu Jan  1 14:36:49 2026,844000000,EM_ANDAMENTO,lDoxBplV1as,967af54f
Thu Jan  1 14:36:51 2026,844500000,EM_ANDAMENTO,hF73oY0b,fce83cec
Thu Jan  1 14:36:52 2026,845000000,EM_ANDAMENTO,c5fF3n,952e1b03
Thu Jan  1 14:36:54 2026,845500000,EM_ANDAMENTO,GoY6a,33f72ced
Thu Jan  1 14:36:55 2026,846000000,EM_ANDAMENTO,9xfjFNv,a294c2f4
Thu Jan  1 14:36:57 2026,846500000,EM_ANDAMENTO,I6C5HbXn5v6,0833d078
Thu Jan  1 14:36:58 2026,847000000,EM_ANDAMENTO,kzJiSPPacSfa,c863977b
Thu Jan  1 14:37:00 2026,847500000,EM_ANDAMENTO,itKGE2soVy,b2ee9d8a
Thu Jan  1 14:37:01 2026,848000000,EM_ANDAMENTO,BAHZi35sp,46bbbf7d
Thu Jan  1 14:37:03 2026,848500000,EM_ANDAMENTO,Wo91EU7FzV,1188ac44
Thu Jan  1 14:37:05 2026,849000000,EM_ANDAMENTO,Tl,242111a1
Thu Jan  1 14:37:06 2026,849500000,EM_ANDAMENTO,IevKlTqsgU,d1a3aa4b
Thu Jan  1 14:37:08 2026,850000000,EM_ANDAMENTO,rKG4BiQhl,9bd54bfa
Thu Jan  1 14:37:09 2026,850500000,EM_ANDAMENTO,byGfeJu,cd2d1e0c
Thu Jan  1 14:37:11 2026,851000000,EM_ANDAMENTO,LJDU4Xgac00V,75d0aa33
Thu Jan  1 14:37:13 2026,851500000,EM_ANDAMENTO,P,eab44804
Thu Jan  1 14:37:14 2026,852000000,EM_ANDAMENTO,ujr7J65F6j,b1b01cc8
Thu Jan  1 14:37:16 2026,852500000,EM_ANDAMENTO,oYK,33a3bfc4
Thu Jan  1 14:37:17 2026,853000000,EM_ANDAMENTO,YR8,d4dc6ad1
Thu Jan  1 14:37:19 2026,853500000,EM_ANDAMENTO,PT8XGjz,f5d1c40c
Thu Jan  1 14:37:21 2026,854000000,EM_ANDAMENTO,ObwDIYC6U,0e14d828
Thu Jan  1 14:37:23 2026,854500000,EM_ANDAMENTO,Rq,972344c5
Thu Jan  1 14:37:24 2026,855000000,EM_ANDAMENTO,jTXwcLe,3c83d747
Thu Jan  1 14:37:26 2026,855500000,EM_ANDAMENTO,56EZbNu,b7796f6f
Thu Jan  1 14:37:28 2026,856000000,EM_ANDAMENTO,KmGmwrFhCWW4,db725088
Thu Jan  1 14:37:29 2026,856500000,EM_ANDAMENTO,YiXrg6,bbf050ea
Thu Jan  1 14:37:31 2026,857000000,EM_ANDAMENTO,jAH6hmy,c8e6d993
Thu Jan  1 14:37:32 2026,857500000,EM_ANDAMENTO,31KPEBWQdM,f4aee351
Thu Jan  1 14:37:34 2026,858000000,EM_ANDAMENTO,Cy,8de3439a
Thu Jan  1 14:37:35 2026,858500000,EM_ANDAMENTO,zRN2LG,b2f84a85
Thu Jan  1 14:37:37 2026,859000000,EM_ANDAMENTO,YjEe3PEExwx,72b3b610
Thu Jan  1 14:37:38 2026,859500000,EM_ANDAMENTO,viiIGtT9SuF,9d7c42dd
Thu Jan  1 14:37:40 2026,860000000,EM_ANDAMENTO,fcT42knXfu,223fef67
Thu Jan  1 14:37:41 2026,860500000,EM_ANDAMENTO,XAJCrpTAUavM,18f1d138
Thu Jan  1 14:37:43 2026,861000000,EM_ANDAMENTO,WvO,116365d5
Thu Jan  1 14:37:45 2026,861500000,EM_ANDAMENTO,7Uqz4bXZeZ0,5639f4d4
Thu Jan  1 14:37:46 2026,862000000,EM_ANDAMENTO,xQH,9e8bdae9
Thu Jan  1 14:37:48 2026,862500000,EM_ANDAMENTO,GZvlyR77o5SJ,d16f1cde
Thu Jan  1 14:37:49 2026,863000000,EM_ANDAMENTO,OLLr4RuON,52ef3c95
Thu Jan  1 14:37:51 2026,863500000,EM_ANDAMENTO,cs6rU,7557f12f
Thu Jan  1 14:37:52 2026,864000000,EM_ANDAMENTO,AfPsS1y,6baf8a03
Thu Jan  1 14:37:54 2026,864500000,EM_ANDAMENTO,IeV,391b13f7
Thu Jan  1 14:37:55 2026,865000000,EM_ANDAMENTO,zn,da2933e6
Thu Jan  1 14:37:57 2026,865500000,EM_ANDAMENTO,wpILPuZ44n7,fdf3d30e
Thu Jan  1 14:37:58 2026,866000000,EM_ANDAMENTO,G7vw,f07e6f97
Thu Jan  1 14:38:00 2026,866500000,EM_ANDAMENTO,BVZ4BFFZex,f07ee6b4
Thu Jan  1 14:38:02 2026,867000000,EM_ANDAMENTO,KYHYGe8,ecd4dc22
Thu Jan  1 14:38:03 2026,867500000,EM_ANDAMENTO,Y4HRfmYDS,ee31705c
Thu Jan  1 14:38:06 2026,868000000,EM_ANDAMENTO,f3rLbW9rXA,516f096e
Thu Jan  1 14:38:08 2026,868500000,EM_ANDAMENTO,crsi,86e3ad79
Thu Jan  1 14:38:10 2026,869000000,EM_ANDAMENTO,rYenZDo4VOg,51c2b135
Thu Jan  1 14:38:13 2026,869500000,EM_ANDAMENTO,JbIZ,95ce6c62
Thu Jan  1 14:38:15 2026,870000000,EM_ANDAMENTO,2Ew98OlHcJv,5e350ae4
Thu Jan  1 14:38:16 2026,870500000,EM_ANDAMENTO,NXsU27lK,07e2aa58
Thu Jan  1 14:38:18 2026,871000000,EM_ANDAMENTO,8DamQm,675a90b2
Thu Jan  1 14:38:19 2026,871500000,EM_ANDAMENTO,7jJzGx29qv,1d72bc00
Thu Jan  1 14:38:21 2026,872000000,EM_ANDAMENTO,wQATL72,5c122793
Thu Jan  1 14:38:23 2026,872500000,EM_ANDAMENTO,a,85c8de88
Thu Jan  1 14:38:25 2026,873000000,EM_ANDAMENTO,iF5ro98e44,76501100
Thu Jan  1 14:38:27 2026,873500000,EM_ANDAMENTO,83CrFJDrw3Q,9bdc7c32
Thu Jan  1 14:38:28 2026,874000000,EM_ANDAMENTO,J1KdKWErUpI6,c58c272a
Thu Jan  1 14:38:30 2026,874500000,EM_ANDAMENTO,pdBJ,1d28138a
Thu Jan  1 14:38:32 2026,875000000,EM_ANDAMENTO,7Dg7UDxnuFx,67a01b2c
Thu Jan  1 14:38:34 2026,875500000,EM_ANDAMENTO,apPuaZtbHR,b35e0756
Thu Jan  1 14:38:35 2026,876000000,EM_ANDAMENTO,dbNtb8,394831b8
Thu Jan  1 14:38:37 2026,876500000,EM_ANDAMENTO,yuSJRT9Y86Gm,eefb2d97
Thu Jan  1 14:38:39 2026,877000000,EM_ANDAMENTO,fETEcdnLkD,cc25f433
Thu Jan  1 14:38:41 2026,877500000,EM_ANDAMENTO,4hyf,47cc9f0a
Thu Jan  1 14:38:43 2026,878000000,EM_ANDAMENTO,TkIDa8neFdnM,f1797e37
Thu Jan  1 14:38:44 2026,878500000,EM_ANDAMENTO,j3gPSAca,c3f77c7a
Thu Jan  1 14:38:46 2026,879000000,EM_ANDAMENTO,15bVk79,779edd1d
Thu Jan  1 14:38:48 2026,879500000,EM_ANDAMENTO,G0RAhf,80c073d5
Thu Jan  1 14:38:50 2026,880000000,EM_ANDAMENTO,pqFxI,74890323
Thu Jan  1 14:38:51 2026,880500000,EM_ANDAMENTO,7enhpA03JT,826d6584
Thu Jan  1 14:38:53 2026,881000000,EM_ANDAMENTO,Q,bd3d67b5
Thu Jan  1 14:38:55 2026,881500000,EM_ANDAMENTO,J3E0F20a,f45bf646
Thu Jan  1 14:38:56 2026,882000000,EM_ANDAMENTO,eyQq1NMhVzCx,cd0b662d
Thu Jan  1 14:38:58 2026,882500000,EM_ANDAMENTO,E,9e677faf
Thu Jan  1 14:39:00 2026,883000000,EM_ANDAMENTO,cOJZApAbBp,8468b8c4
Thu Jan  1 14:39:01 2026,883500000,EM_ANDAMENTO,t6,d4de08c5
Thu Jan  1 14:39:03 2026,884000000,EM_ANDAMENTO,tlXE,3645caf7
Thu Jan  1 14:39:05 2026,884500000,EM_ANDAMENTO,eUNxq97Q,d96cd044
Thu Jan  1 14:39:06 2026,885000000,EM_ANDAMENTO,dhg76JcRSstK,20b6571e
Thu Jan  1 14:39:08 2026,885500000,EM_ANDAMENTO,tTiEH9HDk,3ba91991
Thu Jan  1 14:39:10 2026,886000000,EM_ANDAMENTO,Xa,8bf6dcb6
Thu Jan  1 14:39:11 2026,886500000,EM_ANDAMENTO,CNUt,552fdb23
Thu Jan  1 14:39:13 2026,887000000,EM_ANDAMENTO,xpaOeiVq9ZK,490520dc
Thu Jan  1 14:39:15 2026,887500000,EM_ANDAMENTO,ijipZhh,3a44a40a
Thu Jan  1 14:39:17 2026,888000000,EM_ANDAMENTO,n4Ut4nx,f8cf2bf5
Thu Jan  1 14:39:19 2026,888500000,EM_ANDAMENTO,MY7mu2YEs,80b40408
Thu Jan  1 14:39:20 2026,889000000,EM_ANDAMENTO,Y4sONTzhs,b2361e09
Thu Jan  1 14:39:22 2026,889500000,EM_ANDAMENTO,J9zYOmaWvHSY,054bd407
Thu Jan  1 14:39:23 2026,890000000,EM_ANDAMENTO,w65LAzgj6aCB,6099794f
Thu Jan  1 14:39:25 2026,890500000,EM_ANDAMENTO,Gw47O7FHDc,40343c79
Thu Jan  1 14:39:27 2026,891000000,EM_ANDAMENTO,nFAM4cGG,fd063bae
Thu Jan  1 14:39:29 2026,891500000,EM_ANDAMENTO,xRvNzc91m,bccdb1ec
Thu Jan  1 14:39:30 2026,892000000,EM_ANDAMENTO,lS80rWKLIno,91e21d6a
Thu Jan  1 14:39:32 2026,892500000,EM_ANDAMENTO,HzdcLALC49A,e0e84af2
Thu Jan  1 14:39:34 2026,893000000,EM_ANDAMENTO,0xaL,4e1d2ad6
Thu Jan  1 14:39:35 2026,893500000,EM_ANDAMENTO,wQjAeWx,3bc36041
Thu Jan  1 14:39:37 2026,894000000,EM_ANDAMENTO,UJZztepg9,261e628d
Thu Jan  1 14:39:39 2026,894500000,EM_ANDAMENTO,SHlbAM90vo,bfe2c871
Thu Jan  1 14:39:40 2026,895000000,EM_ANDAMENTO,hK7W99a2,ced2d818
Thu Jan  1 14:39:42 2026,895500000,EM_ANDAMENTO,ciXu7sR0pw,435c1218
Thu Jan  1 14:39:44 2026,896000000,EM_ANDAMENTO,BSA9NWPeY,acf2a5c3
Thu Jan  1 14:39:45 2026,896500000,EM_ANDAMENTO,gG8iNdRK2xlk,21fd8458
Thu Jan  1 14:39:47 2026,897000000,EM_ANDAMENTO,F,a2c949bf
Thu Jan  1 14:39:49 2026,897500000,EM_ANDAMENTO,4TP,4c241ff4
Thu Jan  1 14:39:50 2026,898000000,EM_ANDAMENTO,dlJ26Kvp5K,749ec702
Thu Jan  1 14:39:52 2026,898500000,EM_ANDAMENTO,VLcKKmb6h8yV,46656fff
Thu Jan  1 14:39:54 2026,899000000,EM_ANDAMENTO,qVbCjSOlIz,523c9fb2
Thu Jan  1 14:39:55 2026,899500000,EM_ANDAMENTO,ZIg5IzBbsMg,aca43274
Thu Jan  1 14:39:57 2026,900000000,EM_ANDAMENTO,YoTaq,6fdb7144
Thu Jan  1 14:39:59 2026,900500000,EM_ANDAMENTO,Yg,eb8775b6
Thu Jan  1 14:40:01 2026,901000000,EM_ANDAMENTO,17BE,f6cc8be2
Thu Jan  1 14:40:03 2026,901500000,EM_ANDAMENTO,eZnOUrNbFlz,b7508b63
Thu Jan  1 14:40:04 2026,902000000,EM_ANDAMENTO,jX0,37a2f94b
Thu Jan  1 14:40:06 2026,902500000,EM_ANDAMENTO,O,4ac61591
Thu Jan  1 14:40:08 2026,903000000,EM_ANDAMENTO,hr,6c7f0d02
Thu Jan  1 14:40:09 2026,903500000,EM_ANDAMENTO,KvoMk,7fb349d2
Thu Jan  1 14:40:11 2026,904000000,EM_ANDAMENTO,XX8,2f23f44f
Thu Jan  1 14:40:13 2026,904500000,EM_ANDAMENTO,XlF,b297c8d4
Thu Jan  1 14:40:14 2026,905000000,EM_ANDAMENTO,bn5l74t,dd4a2f1d
Thu Jan  1 14:40:16 2026,905500000,EM_ANDAMENTO,BN,dedbd0c3
Thu Jan  1 14:40:18 2026,906000000,EM_ANDAMENTO,2xgsUju,43e38c5e
Thu Jan  1 14:40:19 2026,906500000,EM_ANDAMENTO,eHSWC,cf136719
Thu Jan  1 14:40:21 2026,907000000,EM_ANDAMENTO,VG5JxXS,8dc5116b
Thu Jan  1 14:40:23 2026,907500000,EM_ANDAMENTO,VBOhdmdT6h,524e5001
Thu Jan  1 14:40:24 2026,908000000,EM_ANDAMENTO,N4yfDULf7G,dc833072
Thu Jan  1 14:40:26 2026,908500000,EM_ANDAMENTO,4o,e27a2a7a
Thu Jan  1 14:40:28 2026,909000000,EM_ANDAMENTO,UdkaTEW6arKw,dda9b67f
Thu Jan  1 14:40:29 2026,909500000,EM_ANDAMENTO,VYQhjZPPOg,626008b9
Thu Jan  1 14:40:31 2026,910000000,EM_ANDAMENTO,KFKuTpql1s2V,4c4849e9
Thu Jan  1 14:40:33 2026,910500000,EM_ANDAMENTO,tiRae,8269083b
Thu Jan  1 14:40:34 2026,911000000,EM_ANDAMENTO,IaZL,e2711024
Thu Jan  1 14:40:36 2026,911500000,EM_ANDAMENTO,6EVVQ6axbV,73417e73
Thu Jan  1 14:40:42 2026,912000000,EM_ANDAMENTO,quocNjLz00bu,e98e9c4c
Thu Jan  1 14:40:45 2026,912500000,EM_ANDAMENTO,spXgsR2LT3,75e420da
Thu Jan  1 14:40:52 2026,913000000,EM_ANDAMENTO,xQdqdlGT,3c34cc37
Thu Jan  1 14:40:58 2026,913500000,EM_ANDAMENTO,fAnjjpDQ7A1,6d5f349a
Thu Jan  1 14:41:03 2026,914000000,EM_ANDAMENTO,6wMxR38UVqas,3c59bf89
Thu Jan  1 14:41:07 2026,914500000,EM_ANDAMENTO,EUxYShUYakMW,ceec35bd
Thu Jan  1 14:41:11 2026,915000000,EM_ANDAMENTO,sCi9z,56413a6a
Thu Jan  1 14:41:15 2026,915500000,EM_ANDAMENTO,Gc92Hg6S,44ca38c8
Thu Jan  1 14:41:19 2026,916000000,EM_ANDAMENTO,J,5efe2fba
Thu Jan  1 14:41:23 2026,916500000,EM_ANDAMENTO,gd6ezEiFowLl,8759d3c7
Thu Jan  1 14:41:29 2026,917000000,EM_ANDAMENTO,KZfx2rwchD2Z,d9734b09
Thu Jan  1 14:41:36 2026,917500000,EM_ANDAMENTO,gous,e25a5523
Thu Jan  1 14:41:40 2026,918000000,EM_ANDAMENTO,6BaVfYtQ,8550bbf9
Thu Jan  1 14:41:44 2026,918500000,EM_ANDAMENTO,pbavW8VPB6,7e369457
Thu Jan  1 14:41:48 2026,919000000,EM_ANDAMENTO,APOPzvZK,0068062a
Thu Jan  1 14:41:52 2026,919500000,EM_ANDAMENTO,4ZADQ2,9538e0aa
Thu Jan  1 14:41:56 2026,920000000,EM_ANDAMENTO,WEtd,1b52a01d
Thu Jan  1 14:42:00 2026,920500000,EM_ANDAMENTO,2FVPFIItM7cC,a75ce2a8
Thu Jan  1 14:42:05 2026,921000000,EM_ANDAMENTO,9L,cb4b223b
Thu Jan  1 14:42:07 2026,921500000,EM_ANDAMENTO,T,9dd7847b
Thu Jan  1 14:42:09 2026,922000000,EM_ANDAMENTO,6DndaovJXhR,cdccfef8
Thu Jan  1 14:42:11 2026,922500000,EM_ANDAMENTO,nGX1q,3a7ee3a7
Thu Jan  1 14:42:13 2026,923000000,EM_ANDAMENTO,QQO0EKpuZwDC,f7f3d32e
Thu Jan  1 14:42:17 2026,923500000,EM_ANDAMENTO,mSptl,ef8188b0
Thu Jan  1 14:42:20 2026,924000000,EM_ANDAMENTO,VIphj2ZsM,9c107f7e
Thu Jan  1 14:42:22 2026,924500000,EM_ANDAMENTO,sW768L1m,f976a489
Thu Jan  1 14:42:26 2026,925000000,EM_ANDAMENTO,1NCN8k13jt3,e07962ec
Thu Jan  1 14:42:30 2026,925500000,EM_ANDAMENTO,2AAJwH3mPE,fd4488d8
Thu Jan  1 14:42:34 2026,926000000,EM_ANDAMENTO,O3H,b7494154
Thu Jan  1 14:42:38 2026,926500000,EM_ANDAMENTO,P1XGIj,4d3bd521
Thu Jan  1 14:42:41 2026,927000000,EM_ANDAMENTO,qUdXXihTyPP,e8bbb3ec
Thu Jan  1 14:42:46 2026,927500000,EM_ANDAMENTO,fBjT24,ec24bc8d
Thu Jan  1 14:42:50 2026,928000000,EM_ANDAMENTO,TfSaum,0b5bb416
Thu Jan  1 14:42:53 2026,928500000,EM_ANDAMENTO,pLeu,dc0bc1e1
Thu Jan  1 14:42:57 2026,929000000,EM_ANDAMENTO,G,81ca32e5
Thu Jan  1 14:43:01 2026,929500000,EM_ANDAMENTO,y1GPUVNsga,4fa6299a
Thu Jan  1 14:43:05 2026,930000000,EM_ANDAMENTO,ElClHNTeK3Qk,9f75036b
Thu Jan  1 14:43:09 2026,930500000,EM_ANDAMENTO,j92drcGx,ae6bcfc0
Thu Jan  1 14:43:13 2026,931000000,EM_ANDAMENTO,F4Y9,13bc77e7
Thu Jan  1 14:43:17 2026,931500000,EM_ANDAMENTO,sJ,0df97899
Thu Jan  1 14:43:21 2026,932000000,EM_ANDAMENTO,l81q,0155b2d4
Thu Jan  1 14:43:25 2026,932500000,EM_ANDAMENTO,Et,77471f97
Thu Jan  1 14:43:29 2026,933000000,EM_ANDAMENTO,axC6lGlbsmC,c0a2ea95
Thu Jan  1 14:43:33 2026,933500000,EM_ANDAMENTO,MBN9k,6ab25f8e
Thu Jan  1 14:43:36 2026,934000000,EM_ANDAMENTO,9mPumO1G0,f52de837
Thu Jan  1 14:43:40 2026,934500000,EM_ANDAMENTO,W7CwcHy,ec7fcca9
Thu Jan  1 14:43:44 2026,935000000,EM_ANDAMENTO,BOpEO,41fa3cd9
Thu Jan  1 14:43:48 2026,935500000,EM_ANDAMENTO,jzTc9JnTb3yt,d8b5f756
Thu Jan  1 14:43:52 2026,936000000,EM_ANDAMENTO,JooeWf9Sa,7daa81c5
Thu Jan  1 14:43:56 2026,936500000,EM_ANDAMENTO,9ul,548a5c3d
Thu Jan  1 14:44:00 2026,937000000,EM_ANDAMENTO,nY30rfh4,804df62c
Thu Jan  1 14:44:03 2026,937500000,EM_ANDAMENTO,Y4OQgUe8NkV0,1e291b7f
Thu Jan  1 14:44:07 2026,938000000,EM_ANDAMENTO,KfBz,65386455
Thu Jan  1 14:44:11 2026,938500000,EM_ANDAMENTO,2PSomP9fNzFa,184bd830
Thu Jan  1 14:44:15 2026,939000000,EM_ANDAMENTO,bwskO3,aee1066e
Thu Jan  1 14:44:19 2026,939500000,EM_ANDAMENTO,0UL4ZLOGIdr,2e13e268
Thu Jan  1 14:44:23 2026,940000000,EM_ANDAMENTO,C,2e9587f4
Thu Jan  1 14:44:27 2026,940500000,EM_ANDAMENTO,Rag8LZ,8fb53489
Thu Jan  1 14:44:31 2026,941000000,EM_ANDAMENTO,3EMwU9tQ9Q,ea0b0eda
Thu Jan  1 14:44:35 2026,941500000,EM_ANDAMENTO,i4a0,656a224a
Thu Jan  1 14:44:39 2026,942000000,EM_ANDAMENTO,817G6gy,28634129
Thu Jan  1 14:44:43 2026,942500000,EM_ANDAMENTO,wzShe,91eb99d7
Thu Jan  1 14:44:47 2026,943000000,EM_ANDAMENTO,HYF,2a001edc
Thu Jan  1 14:44:50 2026,943500000,EM_ANDAMENTO,AL4ZKjh99bj,780e58a7
Thu Jan  1 14:44:52 2026,944000000,EM_ANDAMENTO,QjPk7x,3c3e68cb
Thu Jan  1 14:44:54 2026,944500000,EM_ANDAMENTO,C2x2uG,a4eab6a6
Thu Jan  1 14:44:56 2026,945000000,EM_ANDAMENTO,Fhi,72b6f545
Thu Jan  1 14:44:58 2026,945500000,EM_ANDAMENTO,rqMi1sV5FmN,1c25a381
Thu Jan  1 14:45:02 2026,946000000,EM_ANDAMENTO,E3E,17c25b16
Thu Jan  1 14:45:05 2026,946500000,EM_ANDAMENTO,QlQi,0415081a
Thu Jan  1 14:45:09 2026,947000000,EM_ANDAMENTO,i6z9,e4d356a3
Thu Jan  1 14:45:13 2026,947500000,EM_ANDAMENTO,D,f0695584
Thu Jan  1 14:45:17 2026,948000000,EM_ANDAMENTO,TKJ8,8574c7ef
Thu Jan  1 14:45:22 2026,948500000,EM_ANDAMENTO,ad2,b4da589f
Thu Jan  1 14:45:26 2026,949000000,EM_ANDAMENTO,GR,da06be2f
Thu Jan  1 14:45:30 2026,949500000,EM_ANDAMENTO,8JSzKhmgoT,df6bddc9
Thu Jan  1 14:45:34 2026,950000000,EM_ANDAMENTO,0q,46ed9405
Thu Jan  1 14:45:38 2026,950500000,EM_ANDAMENTO,WPm,af2c8ca5
Thu Jan  1 14:45:42 2026,951000000,EM_ANDAMENTO,lcV,fb471d38
Thu Jan  1 14:45:46 2026,951500000,EM_ANDAMENTO,zRuf,79c824ce
Thu Jan  1 14:45:50 2026,952000000,EM_ANDAMENTO,WZ,8867bc06
Thu Jan  1 14:45:54 2026,952500000,EM_ANDAMENTO,37TUj,34009d33
Thu Jan  1 14:45:58 2026,953000000,EM_ANDAMENTO,FN,d03124f0
Thu Jan  1 14:46:02 2026,953500000,EM_ANDAMENTO,vIp1fGV4HUlo,9450059f
Thu Jan  1 14:46:06 2026,954000000,EM_ANDAMENTO,Od,80970d9d
Thu Jan  1 14:46:10 2026,954500000,EM_ANDAMENTO,9tiBm2mtOpm,ef9f23a9
Thu Jan  1 14:46:14 2026,955000000,EM_ANDAMENTO,LlE,7d78918c
Thu Jan  1 14:46:18 2026,955500000,EM_ANDAMENTO,mRIQjn2CX,b4a84fa8
Thu Jan  1 14:46:22 2026,956000000,EM_ANDAMENTO,vBHaX,6950be0a
Thu Jan  1 14:46:26 2026,956500000,EM_ANDAMENTO,1v5utP,31a5e6fd
Thu Jan  1 14:46:30 2026,957000000,EM_ANDAMENTO,848qAEG,c753bd91
Thu Jan  1 14:46:34 2026,957500000,EM_ANDAMENTO,2ZI,775003f2
Thu Jan  1 14:46:37 2026,958000000,EM_ANDAMENTO,7LD,91e3857b
Thu Jan  1 14:46:42 2026,958500000,EM_ANDAMENTO,S9ROnJz,b85f503b
Thu Jan  1 14:46:46 2026,959000000,EM_ANDAMENTO,UXpO,c5a80c04
Thu Jan  1 14:46:50 2026,959500000,EM_ANDAMENTO,c5JSQm,b6a86367
Thu Jan  1 14:46:54 2026,960000000,EM_ANDAMENTO,U3P7bToCm8m,024e089e
Thu Jan  1 14:46:56 2026,960500000,EM_ANDAMENTO,Aap,1fa3b003
Thu Jan  1 14:46:59 2026,961000000,EM_ANDAMENTO,K85O4cM,45bf715c
Thu Jan  1 14:47:01 2026,961500000,EM_ANDAMENTO,jNTAZQmp18Qc,9f1ab1c1
Thu Jan  1 14:47:03 2026,962000000,EM_ANDAMENTO,FQP1o6THJANE,26b7cbe7
Thu Jan  1 14:47:04 2026,962500000,EM_ANDAMENTO,4h45Z,694010d1
Thu Jan  1 14:47:06 2026,963000000,EM_ANDAMENTO,u5,5171999c
Thu Jan  1 14:47:08 2026,963500000,EM_ANDAMENTO,0HOw0Tj2oEr3,1db8e2c3
Thu Jan  1 14:47:09 2026,964000000,EM_ANDAMENTO,KER9,f518bac5
Thu Jan  1 14:47:11 2026,964500000,EM_ANDAMENTO,8,cac75ec7
Thu Jan  1 14:47:13 2026,965000000,EM_ANDAMENTO,3alTN3XeUer,e147c3c8
Thu Jan  1 14:47:14 2026,965500000,EM_ANDAMENTO,QiCwdhexr,71efb49a
Thu Jan  1 14:47:18 2026,966000000,EM_ANDAMENTO,rGD7u8NL2jd0,546a9293
Thu Jan  1 14:47:22 2026,966500000,EM_ANDAMENTO,r7aFtmZu,1885e2b5
Thu Jan  1 14:47:26 2026,967000000,EM_ANDAMENTO,7ErbNOrFIjNf,086c3eaa
Thu Jan  1 14:47:30 2026,967500000,EM_ANDAMENTO,1hjyg6wPmA,89d9ad97
Thu Jan  1 14:47:34 2026,968000000,EM_ANDAMENTO,UxJMfo,373eb81b
Thu Jan  1 14:47:38 2026,968500000,EM_ANDAMENTO,FbzwKj,c480fff6
Thu Jan  1 14:47:42 2026,969000000,EM_ANDAMENTO,ICD82otOx,201d3421
Thu Jan  1 14:47:46 2026,969500000,EM_ANDAMENTO,kgaFsnCFfFCM,2d298dd5
Thu Jan  1 14:47:50 2026,970000000,EM_ANDAMENTO,cbzmW400,856c900b
Thu Jan  1 14:47:54 2026,970500000,EM_ANDAMENTO,kSX,3f2ebea4
Thu Jan  1 14:47:58 2026,971000000,EM_ANDAMENTO,28ZL5,75acd891
Thu Jan  1 14:48:02 2026,971500000,EM_ANDAMENTO,2vH,40ca9f92
Thu Jan  1 14:48:06 2026,972000000,EM_ANDAMENTO,S,9934d41d
Thu Jan  1 14:48:10 2026,972500000,EM_ANDAMENTO,j,60e284f4
Thu Jan  1 14:48:14 2026,973000000,EM_ANDAMENTO,iWeoqBlppg,6802dcc8
Thu Jan  1 14:48:18 2026,973500000,EM_ANDAMENTO,cxfznZCto9,4bb61100
Thu Jan  1 14:48:21 2026,974000000,EM_ANDAMENTO,g,7a529e89
Thu Jan  1 14:48:25 2026,974500000,EM_ANDAMENTO,Ldi,1a8df973
Thu Jan  1 14:48:29 2026,975000000,EM_ANDAMENTO,S3qk8lA8kM51,6f1c71b6
Thu Jan  1 14:48:33 2026,975500000,EM_ANDAMENTO,CpK,8c7f1507
Thu Jan  1 14:48:37 2026,976000000,EM_ANDAMENTO,Vh,94c3e94e
Thu Jan  1 14:48:40 2026,976500000,EM_ANDAMENTO,2v,b4ad57c2
Thu Jan  1 14:48:44 2026,977000000,EM_ANDAMENTO,Kmr6j,f34c132f
Thu Jan  1 14:48:48 2026,977500000,EM_ANDAMENTO,Z,dad14f5a
Thu Jan  1 14:48:52 2026,978000000,EM_ANDAMENTO,HNQvjzzm,72e8a830
Thu Jan  1 14:48:56 2026,978500000,EM_ANDAMENTO,HA,ae0f37b8
Thu Jan  1 14:49:00 2026,979000000,EM_ANDAMENTO,dP5N66sCjnr5,bc173fa8
Thu Jan  1 14:49:04 2026,979500000,EM_ANDAMENTO,h8ZnBc,5b5ed0b5
Thu Jan  1 14:49:08 2026,980000000,EM_ANDAMENTO,QKpts,dccaf1dd
Thu Jan  1 14:49:12 2026,980500000,EM_ANDAMENTO,iNuqdbL2De,48546022
Thu Jan  1 14:49:15 2026,981000000,EM_ANDAMENTO,WMkeZR,f36721fa
Thu Jan  1 14:49:19 2026,981500000,EM_ANDAMENTO,bV,2dd31f2c
Thu Jan  1 14:49:23 2026,982000000,EM_ANDAMENTO,g1Sxulx,8a6b60da
Thu Jan  1 14:49:27 2026,982500000,EM_ANDAMENTO,xuzxfWtJ,3c36e4af
Thu Jan  1 14:49:31 2026,983000000,EM_ANDAMENTO,t,ef012cb5
Thu Jan  1 14:49:35 2026,983500000,EM_ANDAMENTO,BK6lLoh2mxRP,4bfb0776
Thu Jan  1 14:49:39 2026,984000000,EM_ANDAMENTO,Vf2,4a6d2608
Thu Jan  1 14:49:43 2026,984500000,EM_ANDAMENTO,00FTxWfBQ,c20db0ed
Thu Jan  1 14:49:47 2026,985000000,EM_ANDAMENTO,Jux,644c78a1
Thu Jan  1 14:49:51 2026,985500000,EM_ANDAMENTO,1no,434c61ac
Thu Jan  1 14:49:55 2026,986000000,EM_ANDAMENTO,H6OQ,022a305a
Thu Jan  1 14:49:59 2026,986500000,EM_ANDAMENTO,VdH6hp2Z8S,8ef5cca1
Thu Jan  1 14:50:04 2026,987000000,EM_ANDAMENTO,305U8,24e07118
Thu Jan  1 14:50:06 2026,987500000,EM_ANDAMENTO,6aYAktNsb6ao,c34e112a
Thu Jan  1 14:50:10 2026,988000000,EM_ANDAMENTO,lxHIjnDH,d5f14376
Thu Jan  1 14:50:14 2026,988500000,EM_ANDAMENTO,rhsEGWhZ8,8cfdfa38
Thu Jan  1 14:50:18 2026,989000000,EM_ANDAMENTO,y2xbAdxNKRF,db79ea17
Thu Jan  1 14:50:22 2026,989500000,EM_ANDAMENTO,WBjlGWCbl0,eb02ac91
Thu Jan  1 14:50:26 2026,990000000,EM_ANDAMENTO,T2,729e130c
Thu Jan  1 14:50:30 2026,990500000,EM_ANDAMENTO,P,eab44804
Thu Jan  1 14:50:34 2026,991000000,EM_ANDAMENTO,Gz,f4ab4901
Thu Jan  1 14:50:38 2026,991500000,EM_ANDAMENTO,7F0JefzfP,06047681
Thu Jan  1 14:50:42 2026,992000000,EM_ANDAMENTO,0Lr,ba011ddb
Thu Jan  1 14:50:46 2026,992500000,EM_ANDAMENTO,EoOs81vVHqFT,97f1ab23
Thu Jan  1 14:50:50 2026,993000000,EM_ANDAMENTO,K6U,6e714698
Thu Jan  1 14:50:54 2026,993500000,EM_ANDAMENTO,md24sqmb,530f3108
Thu Jan  1 14:50:58 2026,994000000,EM_ANDAMENTO,cJEjetapiDJ,157c3805
Thu Jan  1 14:51:02 2026,994500000,EM_ANDAMENTO,emmrm6Ps,67e4796c
Thu Jan  1 14:51:06 2026,995000000,EM_ANDAMENTO,opZ,aae75779
Thu Jan  1 14:51:10 2026,995500000,EM_ANDAMENTO,zz0X,001f145f
Thu Jan  1 14:51:14 2026,996000000,EM_ANDAMENTO,cV7bBSUYLh,736f762f
Thu Jan  1 14:51:17 2026,996500000,EM_ANDAMENTO,gsREZ3IR,bb2b42e4
Thu Jan  1 14:51:21 2026,997000000,EM_ANDAMENTO,1W0,f710a29f
Thu Jan  1 14:51:25 2026,997500000,EM_ANDAMENTO,I3Kfm,35e741d4
Thu Jan  1 14:51:29 2026,998000000,EM_ANDAMENTO,F,a2c949bf
Thu Jan  1 14:51:33 2026,998500000,EM_ANDAMENTO,hj9SdzollK,c4b72e9e
Thu Jan  1 14:51:37 2026,999000000,EM_ANDAMENTO,kJtL,b4c064d5
Thu Jan  1 14:51:41 2026,999500000,EM_ANDAMENTO,38HnuWEE9mi1,a0903ac7
Thu Jan  1 14:51:45 2026,1000000000,EM_ANDAMENTO,D,f0695584
Thu Jan  1 14:51:49 2026,1000500000,EM_ANDAMENTO,ZbHtj,aa68f4fb
Thu Jan  1 14:51:53 2026,1001000000,EM_ANDAMENTO,8GTjynWH,71e521d4
Thu Jan  1 14:51:57 2026,1001500000,EM_ANDAMENTO,I,9264d438
Thu Jan  1 14:52:01 2026,1002000000,EM_ANDAMENTO,KtMMTnVddex,ddfcb1c2
Thu Jan  1 14:52:05 2026,1002500000,EM_ANDAMENTO,9NfKe6,eccfa5dd
Thu Jan  1 14:52:09 2026,1003000000,EM_ANDAMENTO,w,1e332829
Thu Jan  1 14:52:13 2026,1003500000,EM_ANDAMENTO,lz,49936ea5
Thu Jan  1 14:52:17 2026,1004000000,EM_ANDAMENTO,2nFhKZmzt,64c951db
Thu Jan  1 14:52:21 2026,1004500000,EM_ANDAMENTO,2uaMa,3ebfd608
Thu Jan  1 14:52:25 2026,1005000000,EM_ANDAMENTO,MG,f9be3963
Thu Jan  1 14:52:29 2026,1005500000,EM_ANDAMENTO,j,60e284f4
Thu Jan  1 14:52:33 2026,1006000000,EM_ANDAMENTO,qK69Bq4SkP,dcbfe504
Thu Jan  1 14:52:37 2026,1006500000,EM_ANDAMENTO,lrj,55ca9a97
Thu Jan  1 14:52:41 2026,1007000000,EM_ANDAMENTO,JpKzeX2SV,a46e954d
Thu Jan  1 14:52:45 2026,1007500000,EM_ANDAMENTO,4FsfVw80v,9ee07d6d
Thu Jan  1 14:52:49 2026,1008000000,EM_ANDAMENTO,Syq3LdMRMPo,11bee9c4
Thu Jan  1 14:52:53 2026,1008500000,EM_ANDAMENTO,BLLFB2s,5f9d2c7b
Thu Jan  1 14:52:57 2026,1009000000,EM_ANDAMENTO,LyoPHzKF,3006ae92
Thu Jan  1 14:53:01 2026,1009500000,EM_ANDAMENTO,Yx0PR,1b596a6d
Thu Jan  1 14:53:05 2026,1010000000,EM_ANDAMENTO,LiEuDvvmkM,f88d8413
Thu Jan  1 14:53:10 2026,1010500000,EM_ANDAMENTO,J14vz6XLRr,3660595b
Thu Jan  1 14:53:14 2026,1011000000,EM_ANDAMENTO,V,55360b71
Thu Jan  1 14:53:18 2026,1011500000,EM_ANDAMENTO,fREO,7d2cd5e9
Thu Jan  1 14:53:22 2026,1012000000,EM_ANDAMENTO,U,286668ef
Thu Jan  1 14:53:26 2026,1012500000,EM_ANDAMENTO,n8h6c,2239d1bf
Thu Jan  1 14:53:30 2026,1013000000,EM_ANDAMENTO,xPMi,4a2107d7
Thu Jan  1 14:53:34 2026,1013500000,EM_ANDAMENTO,eapRwY5o4t,aeaa2624
Thu Jan  1 14:53:38 2026,1014000000,EM_ANDAMENTO,w14j8ok,3c2ee083
Thu Jan  1 14:53:42 2026,1014500000,EM_ANDAMENTO,g0dDhBReO,7c809e60
Thu Jan  1 14:53:46 2026,1015000000,EM_ANDAMENTO,kvFxesVZni,4aac398d
Thu Jan  1 14:53:50 2026,1015500000,EM_ANDAMENTO,lvzCjNE,4632ca62
Thu Jan  1 14:53:54 2026,1016000000,EM_ANDAMENTO,gzvhie2NrBwF,bd8a0ad2
Thu Jan  1 14:53:58 2026,1016500000,EM_ANDAMENTO,Y,5bf27867
Thu Jan  1 14:54:02 2026,1017000000,EM_ANDAMENTO,VYyAw9p,f79bc9e8
Thu Jan  1 14:54:06 2026,1017500000,EM_ANDAMENTO,YRT4o2cPKv,cb8a4ae2
Thu Jan  1 14:54:10 2026,1018000000,EM_ANDAMENTO,SfLmeT5dQ57,3c675be4
Thu Jan  1 14:54:14 2026,1018500000,EM_ANDAMENTO,LI,b8986680
Thu Jan  1 14:54:18 2026,1019000000,EM_ANDAMENTO,sDz0fEL9mbZO,ef4b0a90
Thu Jan  1 14:54:22 2026,1019500000,EM_ANDAMENTO,Bc,4e7dc700
Thu Jan  1 14:54:26 2026,1020000000,EM_ANDAMENTO,CYxNV,43c806ae
Thu Jan  1 14:54:30 2026,1020500000,EM_ANDAMENTO,lIKjlXbFU,df0302f2
Thu Jan  1 14:54:34 2026,1021000000,EM_ANDAMENTO,a3l4nY,a39d8a9b
Thu Jan  1 14:54:38 2026,1021500000,EM_ANDAMENTO,vFZkUioq2,a8744a17
Thu Jan  1 14:54:42 2026,1022000000,EM_ANDAMENTO,HIV,d477cfe4
Thu Jan  1 14:54:46 2026,1022500000,EM_ANDAMENTO,r,95434212
Thu Jan  1 14:54:50 2026,1023000000,EM_ANDAMENTO,Ubjw,e975e089
Thu Jan  1 14:54:54 2026,1023500000,EM_ANDAMENTO,6awF1AjAsXv,d2081f3c
Thu Jan  1 14:54:58 2026,1024000000,EM_ANDAMENTO,2ACH5t5hD,00dfef7e
Thu Jan  1 14:55:02 2026,1024500000,EM_ANDAMENTO,LNAWNxEyh95n,532bf53a
Thu Jan  1 14:55:06 2026,1025000000,EM_ANDAMENTO,6czj,72a6b386
Thu Jan  1 14:55:10 2026,1025500000,EM_ANDAMENTO,JHkQwWjVe6,ca5fdbe1
Thu Jan  1 14:55:14 2026,1026000000,EM_ANDAMENTO,LtmAf,9911e3e3
Thu Jan  1 14:55:18 2026,1026500000,EM_ANDAMENTO,DAMo3zju,cebb5bd2
Thu Jan  1 14:55:22 2026,1027000000,EM_ANDAMENTO,OsurY,9c1ef792
Thu Jan  1 14:55:26 2026,1027500000,EM_ANDAMENTO,0CG1kP,8d6315b5
Thu Jan  1 14:55:29 2026,1028000000,EM_ANDAMENTO,OIK,21d59f5f
Thu Jan  1 14:55:32 2026,1028500000,EM_ANDAMENTO,qii0JEzpq,42eb02ec
Thu Jan  1 14:55:34 2026,1029000000,EM_ANDAMENTO,sfkssN3li,f4cb3bd1
Thu Jan  1 14:55:36 2026,1029500000,EM_ANDAMENTO,gyFi,2bb1d782
Thu Jan  1 14:55:38 2026,1030000000,EM_ANDAMENTO,QBwpc,c02d1f64
Thu Jan  1 14:55:39 2026,1030500000,EM_ANDAMENTO,Ox9pX3A0,465500dc
Thu Jan  1 14:55:41 2026,1031000000,EM_ANDAMENTO,3771XfwA1,162180e2
Thu Jan  1 14:55:42 2026,1031500000,EM_ANDAMENTO,pg9TcGSe,ff3e6c71
Thu Jan  1 14:55:44 2026,1032000000,EM_ANDAMENTO,94,3fcbee34
Thu Jan  1 14:55:46 2026,1032500000,EM_ANDAMENTO,iHTCTfYU,16b0d508
Thu Jan  1 14:55:47 2026,1033000000,EM_ANDAMENTO,E0Cmv9vONh,0dd31c21
Thu Jan  1 14:55:49 2026,1033500000,EM_ANDAMENTO,FQlVA,db9c3116
Thu Jan  1 14:55:51 2026,1034000000,EM_ANDAMENTO,Qtu52McOtJ,cf5f4c82
Thu Jan  1 14:55:52 2026,1034500000,EM_ANDAMENTO,YP1OZo0,6f9d8b6b
Thu Jan  1 14:55:54 2026,1035000000,EM_ANDAMENTO,AzMF,0dbbc203
Thu Jan  1 14:55:55 2026,1035500000,EM_ANDAMENTO,LllV,a01642ef
Thu Jan  1 14:55:57 2026,1036000000,EM_ANDAMENTO,dR58eMwC,b875a2ee
Thu Jan  1 14:55:59 2026,1036500000,EM_ANDAMENTO,QXcVfjLY3,45efae6d
Thu Jan  1 14:56:00 2026,1037000000,EM_ANDAMENTO,NU,aff6aa09
Thu Jan  1 14:56:02 2026,1037500000,EM_ANDAMENTO,oJWUdz0pbG3,95b1d67d
Thu Jan  1 14:56:03 2026,1038000000,EM_ANDAMENTO,SUMMrKcB,dc9b5942
Thu Jan  1 14:56:05 2026,1038500000,EM_ANDAMENTO,v0W,b15feeee
Thu Jan  1 14:56:07 2026,1039000000,EM_ANDAMENTO,FLC,62ee836c
Thu Jan  1 14:56:08 2026,1039500000,EM_ANDAMENTO,Ho6j5,8545627b
Thu Jan  1 14:56:10 2026,1040000000,EM_ANDAMENTO,AB,b9893675
Thu Jan  1 14:56:12 2026,1040500000,EM_ANDAMENTO,4p,d0ea740e
Thu Jan  1 14:56:13 2026,1041000000,EM_ANDAMENTO,QAmd,ae446e55
Thu Jan  1 14:56:15 2026,1041500000,EM_ANDAMENTO,hrjS,063e697a
Thu Jan  1 14:56:16 2026,1042000000,EM_ANDAMENTO,C,2e9587f4
Thu Jan  1 14:56:18 2026,1042500000,EM_ANDAMENTO,aRKuP,11161e68
Thu Jan  1 14:56:20 2026,1043000000,EM_ANDAMENTO,hYwWPytcUddn,c466c728
Thu Jan  1 14:56:21 2026,1043500000,EM_ANDAMENTO,4zi1eN,42c74bc8
Thu Jan  1 14:56:23 2026,1044000000,EM_ANDAMENTO,aUAPxBG,fc518060
Thu Jan  1 14:56:24 2026,1044500000,EM_ANDAMENTO,3iw3ytPcOpLQ,a7a572f1
Thu Jan  1 14:56:26 2026,1045000000,EM_ANDAMENTO,WZQT1MDd7,b430197c
Thu Jan  1 14:56:28 2026,1045500000,EM_ANDAMENTO,KqyVJZle5,0847b0eb
Thu Jan  1 14:56:29 2026,1046000000,EM_ANDAMENTO,hlno,19fad9f1
Thu Jan  1 14:56:31 2026,1046500000,EM_ANDAMENTO,ozpK,9b216e07
Thu Jan  1 14:56:33 2026,1047000000,EM_ANDAMENTO,nvUHdX5,920cfc63
Thu Jan  1 14:56:34 2026,1047500000,EM_ANDAMENTO,TtpsVG,5686216f
Thu Jan  1 14:56:36 2026,1048000000,EM_ANDAMENTO,MCJLUDS2LUeV,45181530
Thu Jan  1 14:56:38 2026,1048500000,EM_ANDAMENTO,ZHiiUPQtesV,40509860
Thu Jan  1 14:56:39 2026,1049000000,EM_ANDAMENTO,Raas,b69767e2
Thu Jan  1 14:56:41 2026,1049500000,EM_ANDAMENTO,yngZECuX,291d92c1
Thu Jan  1 14:56:42 2026,1050000000,EM_ANDAMENTO,bXNuX5hTw,1045237c
Thu Jan  1 14:56:44 2026,1050500000,EM_ANDAMENTO,z,bb66897e
Thu Jan  1 14:56:46 2026,1051000000,EM_ANDAMENTO,ougfOqQmT,0556a13e
Thu Jan  1 14:56:47 2026,1051500000,EM_ANDAMENTO,vj,0037c696
Thu Jan  1 14:56:49 2026,1052000000,EM_ANDAMENTO,y,4cccd98d
Thu Jan  1 14:56:50 2026,1052500000,EM_ANDAMENTO,3pp8B,1a612707
Thu Jan  1 14:56:52 2026,1053000000,EM_ANDAMENTO,J6Ln,f40b37ff
Thu Jan  1 14:56:54 2026,1053500000,EM_ANDAMENTO,dNt5108,9494fd51
Thu Jan  1 14:56:55 2026,1054000000,EM_ANDAMENTO,D,f0695584
Thu Jan  1 14:56:57 2026,1054500000,EM_ANDAMENTO,D,f0695584
Thu Jan  1 14:56:59 2026,1055000000,EM_ANDAMENTO,Xj,df04c052
Thu Jan  1 14:57:00 2026,1055500000,EM_ANDAMENTO,arlltcxPNGy,166ebd95
Thu Jan  1 14:57:02 2026,1056000000,EM_ANDAMENTO,2QsvCKuaO0,8ff0564b
Thu Jan  1 14:57:03 2026,1056500000,EM_ANDAMENTO,Llfrwkr,c5d59690
Thu Jan  1 14:57:05 2026,1057000000,EM_ANDAMENTO,t2L4Q,f6a78cad
Thu Jan  1 14:57:07 2026,1057500000,EM_ANDAMENTO,EAmE,f51df2bc
Thu Jan  1 14:57:08 2026,1058000000,EM_ANDAMENTO,kpUwQg,3fe8e661
Thu Jan  1 14:57:10 2026,1058500000,EM_ANDAMENTO,EIrWoE5bsQ,7f577aef
Thu Jan  1 14:57:11 2026,1059000000,EM_ANDAMENTO,TZ0kKdsKH,fec85f81
Thu Jan  1 14:57:13 2026,1059500000,EM_ANDAMENTO,Ox5,e8c1fe24
Thu Jan  1 14:57:15 2026,1060000000,EM_ANDAMENTO,5GRbMGCUr6,52b9392a
Thu Jan  1 14:57:16 2026,1060500000,EM_ANDAMENTO,eqmCAyy,ac3a88ee
Thu Jan  1 14:57:18 2026,1061000000,EM_ANDAMENTO,XTRq,4fb8bf94
Thu Jan  1 14:57:20 2026,1061500000,EM_ANDAMENTO,kjNwinnk,c69a518d
Thu Jan  1 14:57:21 2026,1062000000,EM_ANDAMENTO,JHa08,ded7bd29
Thu Jan  1 14:57:23 2026,1062500000,EM_ANDAMENTO,eRfjDJEI4T,3c7cd283
Thu Jan  1 14:57:25 2026,1063000000,EM_ANDAMENTO,OVtYyCcvtCsZ,c84d1a1d
Thu Jan  1 14:57:26 2026,1063500000,EM_ANDAMENTO,b5ksqEuL,39520e35
Thu Jan  1 14:57:28 2026,1064000000,EM_ANDAMENTO,1Lm7,bbd89581
Thu Jan  1 14:57:29 2026,1064500000,EM_ANDAMENTO,KJ9uC3oepsSD,ab288217
Thu Jan  1 14:57:31 2026,1065000000,EM_ANDAMENTO,gLs8kThhe1,3841e1ca
Thu Jan  1 14:57:33 2026,1065500000,EM_ANDAMENTO,AX2mb1Es,3901f243
Thu Jan  1 14:57:34 2026,1066000000,EM_ANDAMENTO,QyR,44390c2e
Thu Jan  1 14:57:36 2026,1066500000,EM_ANDAMENTO,5LEzJ3,cf9c99d8
Thu Jan  1 14:57:37 2026,1067000000,EM_ANDAMENTO,7iXrCHp0YQx5,a3c7ef89
Thu Jan  1 14:57:39 2026,1067500000,EM_ANDAMENTO,dh1c3,84a9a63c
Thu Jan  1 14:57:41 2026,1068000000,EM_ANDAMENTO,ZZLOoW,02a062d3
Thu Jan  1 14:57:42 2026,1068500000,EM_ANDAMENTO,tE6E3yB,5e12b1ed
Thu Jan  1 14:57:44 2026,1069000000,EM_ANDAMENTO,Y,5bf27867
Thu Jan  1 14:57:46 2026,1069500000,EM_ANDAMENTO,1RYBF4vdP0G,afa23b14
Thu Jan  1 14:57:47 2026,1070000000,EM_ANDAMENTO,gEeMTEcU,0b142658
Thu Jan  1 14:57:49 2026,1070500000,EM_ANDAMENTO,cSVecoSZD8,f3a9fbfc
Thu Jan  1 14:57:50 2026,1071000000,EM_ANDAMENTO,CS,95fc7537
Thu Jan  1 14:57:52 2026,1071500000,EM_ANDAMENTO,E7ATm8NUACn,75ec99ea
Thu Jan  1 14:57:54 2026,1072000000,EM_ANDAMENTO,1lN,b8bfbfd9
Thu Jan  1 14:57:55 2026,1072500000,EM_ANDAMENTO,W4GuqRgOmE,1b53a900
Thu Jan  1 14:57:57 2026,1073000000,EM_ANDAMENTO,W,c4abaca1
Thu Jan  1 14:57:58 2026,1073500000,EM_ANDAMENTO,S4mAQnuKIGG,fd0d8376
Thu Jan  1 14:58:00 2026,1074000000,EM_ANDAMENTO,VRjXQZ,1e075d76
Thu Jan  1 14:58:02 2026,1074500000,EM_ANDAMENTO,r7j,4354e610
Thu Jan  1 14:58:03 2026,1075000000,EM_ANDAMENTO,vL2PK7b1NLLE,ae03dffd
Thu Jan  1 14:58:05 2026,1075500000,EM_ANDAMENTO,2RfFOA,ed315311
Thu Jan  1 14:58:07 2026,1076000000,EM_ANDAMENTO,qWq1nlOVORlX,2cc041ae
Thu Jan  1 14:58:08 2026,1076500000,EM_ANDAMENTO,r5apRxX9C,925da7a5
Thu Jan  1 14:58:10 2026,1077000000,EM_ANDAMENTO,W0gWJ,49c67a26
Thu Jan  1 14:58:11 2026,1077500000,EM_ANDAMENTO,zG8HhxHW4cmv,d64a2a1b
Thu Jan  1 14:58:13 2026,1078000000,EM_ANDAMENTO,h,ed6dba4b
Thu Jan  1 14:58:15 2026,1078500000,EM_ANDAMENTO,K,58a8694c
Thu Jan  1 14:58:16 2026,1079000000,EM_ANDAMENTO,rC4BzhLWvCAl,6436ad63
Thu Jan  1 14:58:18 2026,1079500000,EM_ANDAMENTO,Xb,e88eadce
Thu Jan  1 14:58:20 2026,1080000000,EM_ANDAMENTO,OA6,39129330
Thu Jan  1 14:58:21 2026,1080500000,EM_ANDAMENTO,yeZzHEjBk4,5d308644
Thu Jan  1 14:58:23 2026,1081000000,EM_ANDAMENTO,HEfvkTCNjeQ0,a9974cc7
Thu Jan  1 14:58:24 2026,1081500000,EM_ANDAMENTO,oU30TjaPT,a183940d
Thu Jan  1 14:58:26 2026,1082000000,EM_ANDAMENTO,MbVO,01a7cc3f
Thu Jan  1 14:58:28 2026,1082500000,EM_ANDAMENTO,txF1uF,d4fa7029
Thu Jan  1 14:58:29 2026,1083000000,EM_ANDAMENTO,ZYyC9xu,5705189e
Thu Jan  1 14:58:31 2026,1083500000,EM_ANDAMENTO,jFz,6353b5dc
Thu Jan  1 14:58:33 2026,1084000000,EM_ANDAMENTO,O,4ac61591
Thu Jan  1 14:58:34 2026,1084500000,EM_ANDAMENTO,r,95434212
Thu Jan  1 14:58:36 2026,1085000000,EM_ANDAMENTO,le,926d4202
Thu Jan  1 14:58:38 2026,1085500000,EM_ANDAMENTO,v4jtZAqcdKh,007d39b5
Thu Jan  1 14:58:39 2026,1086000000,EM_ANDAMENTO,ZQBj071Ug,5807eb3b
Thu Jan  1 14:58:41 2026,1086500000,EM_ANDAMENTO,98LaFi6tjPm,efb503ac
Thu Jan  1 14:58:43 2026,1087000000,EM_ANDAMENTO,EO0zVqUwQ07H,3958536b
Thu Jan  1 14:58:44 2026,1087500000,EM_ANDAMENTO,WwrKf8ZbE7o,453684da
Thu Jan  1 14:58:46 2026,1088000000,EM_ANDAMENTO,Iq7XqPY17h,d981c69c
Thu Jan  1 14:58:47 2026,1088500000,EM_ANDAMENTO,EhMRXG,ea1cd7fb
Thu Jan  1 14:58:49 2026,1089000000,EM_ANDAMENTO,G,81ca32e5
Thu Jan  1 14:58:51 2026,1089500000,EM_ANDAMENTO,zIpy,338dcefa
Thu Jan  1 14:58:52 2026,1090000000,EM_ANDAMENTO,X,a378c3f6
Thu Jan  1 14:58:54 2026,1090500000,EM_ANDAMENTO,ZkxMGs0IG,f15bd80f
Thu Jan  1 14:58:55 2026,1091000000,EM_ANDAMENTO,3kb8N,24f76ec7
Thu Jan  1 14:58:57 2026,1091500000,EM_ANDAMENTO,wiH,66a03cc0
Thu Jan  1 14:58:59 2026,1092000000,EM_ANDAMENTO,HNwOs5pFXDsC,a85e8aa8
Thu Jan  1 14:59:00 2026,1092500000,EM_ANDAMENTO,F,a2c949bf
Thu Jan  1 14:59:02 2026,1093000000,EM_ANDAMENTO,MEn,97eab706
Thu Jan  1 14:59:04 2026,1093500000,EM_ANDAMENTO,IEhHJfKZ,49729450
Thu Jan  1 14:59:05 2026,1094000000,EM_ANDAMENTO,YFKi4HGDZ9,97da616f
Thu Jan  1 14:59:07 2026,1094500000,EM_ANDAMENTO,2exUm2ESR,100ed003
Thu Jan  1 14:59:08 2026,1095000000,EM_ANDAMENTO,IHQyFExx1,11cbe610
Thu Jan  1 14:59:10 2026,1095500000,EM_ANDAMENTO,ydBUnLFb3SDz,9423b940
Thu Jan  1 14:59:12 2026,1096000000,EM_ANDAMENTO,arrcKna,90131cf0
Thu Jan  1 14:59:13 2026,1096500000,EM_ANDAMENTO,rftIe5ac,3f02506f
Thu Jan  1 14:59:15 2026,1097000000,EM_ANDAMENTO,EVXvYutZY,d1713bf6
Thu Jan  1 14:59:17 2026,1097500000,EM_ANDAMENTO,ArKgDR,4e25407f
Thu Jan  1 14:59:18 2026,1098000000,EM_ANDAMENTO,e9,1c222f8c
Thu Jan  1 14:59:20 2026,1098500000,EM_ANDAMENTO,MWdOeL,1d8bc5e6
Thu Jan  1 14:59:21 2026,1099000000,EM_ANDAMENTO,tT0qdGoZOp,7bc06e7a
Thu Jan  1 14:59:23 2026,1099500000,EM_ANDAMENTO,AzCT,89ebf527
Thu Jan  1 14:59:25 2026,1100000000,EM_ANDAMENTO,FR8c,2e2f894b
Thu Jan  1 14:59:26 2026,1100500000,EM_ANDAMENTO,h3od6Ax3,8a5ab60b
Thu Jan  1 14:59:30 2026,1101000000,EM_ANDAMENTO,ijj,f87baf1b
Thu Jan  1 14:59:34 2026,1101500000,EM_ANDAMENTO,SKPg,1b49c9fb
Thu Jan  1 14:59:38 2026,1102000000,EM_ANDAMENTO,C4anvEdgKIvQ,d094f6bc
Thu Jan  1 14:59:42 2026,1102500000,EM_ANDAMENTO,1z6WmVJA5xBa,be6fed40
Thu Jan  1 14:59:47 2026,1103000000,EM_ANDAMENTO,yp,74f40fe3
Thu Jan  1 14:59:51 2026,1103500000,EM_ANDAMENTO,s,bc5ac4a3
Thu Jan  1 14:59:55 2026,1104000000,EM_ANDAMENTO,rGK9tZAmxB,996a014c
Thu Jan  1 14:59:59 2026,1104500000,EM_ANDAMENTO,j20onTQOBX,5dfb4139
Thu Jan  1 15:00:01 2026,1105000000,EM_ANDAMENTO,a6hKtt,af5238a6
Thu Jan  1 15:00:03 2026,1105500000,EM_ANDAMENTO,l0eMChcyP,78631788
Thu Jan  1 15:00:05 2026,1106000000,EM_ANDAMENTO,ax75x,d874cc5c
Thu Jan  1 15:00:06 2026,1106500000,EM_ANDAMENTO,QdA,09d1c368
Thu Jan  1 15:00:08 2026,1107000000,EM_ANDAMENTO,qNSC,0c497644
Thu Jan  1 15:00:09 2026,1107500000,EM_ANDAMENTO,7kYqdXa9A,ed2d1be1
Thu Jan  1 15:00:11 2026,1108000000,EM_ANDAMENTO,dXyTlA,74c9e3aa
Thu Jan  1 15:00:13 2026,1108500000,EM_ANDAMENTO,LtAQ2,a457b97b
Thu Jan  1 15:00:14 2026,1109000000,EM_ANDAMENTO,9q,56ca2d99
Thu Jan  1 15:00:16 2026,1109500000,EM_ANDAMENTO,84tocGQkxTj,af73d102
Thu Jan  1 15:00:17 2026,1110000000,EM_ANDAMENTO,S,9934d41d
Thu Jan  1 15:00:19 2026,1110500000,EM_ANDAMENTO,pN6RDUHxqb3A,527686a2
Thu Jan  1 15:00:21 2026,1111000000,EM_ANDAMENTO,t9aN2bE46asZ,e8bf1b5f
Thu Jan  1 15:00:22 2026,1111500000,EM_ANDAMENTO,XA43kKaz,062bb481
Thu Jan  1 15:00:24 2026,1112000000,EM_ANDAMENTO,OPC,343b8542
Thu Jan  1 15:00:26 2026,1112500000,EM_ANDAMENTO,QYoYLGe4cAo,d7acb6b0
Thu Jan  1 15:00:27 2026,1113000000,EM_ANDAMENTO,r4d,dc07c018
Thu Jan  1 15:00:29 2026,1113500000,EM_ANDAMENTO,c,a5c1009b
Thu Jan  1 15:00:31 2026,1114000000,EM_ANDAMENTO,gQho9,a18e2901
Thu Jan  1 15:00:32 2026,1114500000,EM_ANDAMENTO,V9ER14xbzz,6fff5b66
Thu Jan  1 15:00:34 2026,1115000000,EM_ANDAMENTO,xx5tA,2df9357a
Thu Jan  1 15:00:36 2026,1115500000,EM_ANDAMENTO,vCVtGrR4aT,de85594b
Thu Jan  1 15:00:37 2026,1116000000,EM_ANDAMENTO,jDO0lmj,d3b4a610
Thu Jan  1 15:00:39 2026,1116500000,EM_ANDAMENTO,nSl0GTfkXrf,075a75f9
Thu Jan  1 15:00:40 2026,1117000000,EM_ANDAMENTO,DOzeaWf,1ef260c3
Thu Jan  1 15:00:42 2026,1117500000,EM_ANDAMENTO,jr,61f5adb4
Thu Jan  1 15:00:44 2026,1118000000,EM_ANDAMENTO,JiMlVJf,6279ec52
Thu Jan  1 15:00:45 2026,1118500000,EM_ANDAMENTO,BzJZV2,e2f0be93
Thu Jan  1 15:00:47 2026,1119000000,EM_ANDAMENTO,ijS5oJ2f7xVa,00b21f27
Thu Jan  1 15:00:48 2026,1119500000,EM_ANDAMENTO,tL1jl,b938b4ce
Thu Jan  1 15:00:50 2026,1120000000,EM_ANDAMENTO,S,9934d41d
Thu Jan  1 15:00:52 2026,1120500000,EM_ANDAMENTO,jyqonLsJw,424c3d26
Thu Jan  1 15:00:53 2026,1121000000,EM_ANDAMENTO,XIE,7891b0eb
Thu Jan  1 15:00:55 2026,1121500000,EM_ANDAMENTO,e5gemTcFo,d7d3c403
Thu Jan  1 15:00:57 2026,1122000000,EM_ANDAMENTO,cgmN4oxDe,4ec79255
Thu Jan  1 15:00:58 2026,1122500000,EM_ANDAMENTO,cr5mhOu5M,52b85faf
Thu Jan  1 15:01:00 2026,1123000000,EM_ANDAMENTO,Ed,a33ceb05
Thu Jan  1 15:01:02 2026,1123500000,EM_ANDAMENTO,C3O3JOAXDL,cfc6b9bc
Thu Jan  1 15:01:03 2026,1124000000,EM_ANDAMENTO,Y92mvhklsy,476dd8e9
Thu Jan  1 15:01:05 2026,1124500000,EM_ANDAMENTO,zwb,e270829e
Thu Jan  1 15:01:06 2026,1125000000,EM_ANDAMENTO,n9O4,66fdd34e
Thu Jan  1 15:01:08 2026,1125500000,EM_ANDAMENTO,Ci3ILe,fcf8be54
Thu Jan  1 15:01:10 2026,1126000000,EM_ANDAMENTO,z,bb66897e
Thu Jan  1 15:01:11 2026,1126500000,EM_ANDAMENTO,C,2e9587f4
Thu Jan  1 15:01:13 2026,1127000000,EM_ANDAMENTO,6cYOqYa,3daaf3fc
Thu Jan  1 15:01:15 2026,1127500000,EM_ANDAMENTO,dLtTj,fd4279d4
Thu Jan  1 15:01:16 2026,1128000000,EM_ANDAMENTO,N,9e1bfdab
Thu Jan  1 15:01:18 2026,1128500000,EM_ANDAMENTO,VRKE,ed61d218
Thu Jan  1 15:01:19 2026,1129000000,EM_ANDAMENTO,6X,cfe4967f
Thu Jan  1 15:01:21 2026,1129500000,EM_ANDAMENTO,pxLywC,d945437d
Thu Jan  1 15:01:23 2026,1130000000,EM_ANDAMENTO,ISqUNTwyl,d2ea322a
Thu Jan  1 15:01:24 2026,1130500000,EM_ANDAMENTO,q1WvJR5,a65337f6
Thu Jan  1 15:01:26 2026,1131000000,EM_ANDAMENTO,3WH50ZR6RA,baa1f4a0
Thu Jan  1 15:01:27 2026,1131500000,EM_ANDAMENTO,L,73706247
Thu Jan  1 15:01:29 2026,1132000000,EM_ANDAMENTO,AZ,679e0366
Thu Jan  1 15:01:31 2026,1132500000,EM_ANDAMENTO,R9XsLt5Hcw,7ed26217
Thu Jan  1 15:01:32 2026,1133000000,EM_ANDAMENTO,x0fDDorz,ae4dd537
Thu Jan  1 15:01:34 2026,1133500000,EM_ANDAMENTO,YZkD,7a8cabe6
Thu Jan  1 15:01:36 2026,1134000000,EM_ANDAMENTO,3lozL,e359cd31
Thu Jan  1 15:01:37 2026,1134500000,EM_ANDAMENTO,Co0pxQj,d1101806
Thu Jan  1 15:01:39 2026,1135000000,EM_ANDAMENTO,8oeztyp,2816f9d8
Thu Jan  1 15:01:40 2026,1135500000,EM_ANDAMENTO,0,628e79cf
Thu Jan  1 15:01:42 2026,1136000000,EM_ANDAMENTO,e8Pjv,29afc074
Thu Jan  1 15:01:44 2026,1136500000,EM_ANDAMENTO,tBtnQg,0d080bb2
Thu Jan  1 15:01:45 2026,1137000000,EM_ANDAMENTO,04M1hcDE4s,37617076
Thu Jan  1 15:01:47 2026,1137500000,EM_ANDAMENTO,I5R2,b82f1691
Thu Jan  1 15:01:49 2026,1138000000,EM_ANDAMENTO,RFK,07f72bbd
Thu Jan  1 15:01:50 2026,1138500000,EM_ANDAMENTO,LSQlAccOa,719a8815
Thu Jan  1 15:01:52 2026,1139000000,EM_ANDAMENTO,Y8,9580b964
Thu Jan  1 15:01:54 2026,1139500000,EM_ANDAMENTO,c,a5c1009b
Thu Jan  1 15:01:55 2026,1140000000,EM_ANDAMENTO,UV,8e2fb760
Thu Jan  1 15:01:57 2026,1140500000,EM_ANDAMENTO,89E,04dfc5bf
Thu Jan  1 15:01:59 2026,1141000000,EM_ANDAMENTO,F9FBV6FSJaA,9f3b20bb
Thu Jan  1 15:02:00 2026,1141500000,EM_ANDAMENTO,T,9dd7847b
Thu Jan  1 15:02:02 2026,1142000000,EM_ANDAMENTO,81,b1e6836d
Thu Jan  1 15:02:03 2026,1142500000,EM_ANDAMENTO,y1U,f86a3aec
Thu Jan  1 15:02:05 2026,1143000000,EM_ANDAMENTO,6XgL,ce1fee52
Thu Jan  1 15:02:07 2026,1143500000,EM_ANDAMENTO,hWBMh,12388db4
Thu Jan  1 15:02:08 2026,1144000000,EM_ANDAMENTO,5H,5edfa326
Thu Jan  1 15:02:10 2026,1144500000,EM_ANDAMENTO,lFm3Od622A,eba62b51
Thu Jan  1 15:02:11 2026,1145000000,EM_ANDAMENTO,C,2e9587f4
Thu Jan  1 15:02:13 2026,1145500000,EM_ANDAMENTO,ZN,c64010d0
Thu Jan  1 15:02:15 2026,1146000000,EM_ANDAMENTO,xpVxE,01c98e57
Thu Jan  1 15:02:16 2026,1146500000,EM_ANDAMENTO,WoT,0702625d
Thu Jan  1 15:02:18 2026,1147000000,EM_ANDAMENTO,vs4EROwhJ04g,2c91053b
Thu Jan  1 15:02:20 2026,1147500000,EM_ANDAMENTO,IZc0N0MjN,0f5e8f17
Thu Jan  1 15:02:21 2026,1148000000,EM_ANDAMENTO,FfY4irc7Es,b00a3408
Thu Jan  1 15:02:23 2026,1148500000,EM_ANDAMENTO,tMAZ34ob,61b78994
Thu Jan  1 15:02:24 2026,1149000000,EM_ANDAMENTO,OO,e5bdf7d5
Thu Jan  1 15:02:26 2026,1149500000,EM_ANDAMENTO,xt55jRF6rLXK,0977da08
Thu Jan  1 15:02:28 2026,1150000000,EM_ANDAMENTO,Gm6yc,4549466d
Thu Jan  1 15:02:29 2026,1150500000,EM_ANDAMENTO,UKYZa,caa799a0
Thu Jan  1 15:02:31 2026,1151000000,EM_ANDAMENTO,K,58a8694c
Thu Jan  1 15:02:32 2026,1151500000,EM_ANDAMENTO,U7t,6571b78f
Thu Jan  1 15:02:34 2026,1152000000,EM_ANDAMENTO,r,95434212
Thu Jan  1 15:02:36 2026,1152500000,EM_ANDAMENTO,nj7,31296750
Thu Jan  1 15:02:37 2026,1153000000,EM_ANDAMENTO,ob57W0,4b710427
Thu Jan  1 15:02:39 2026,1153500000,EM_ANDAMENTO,bElz,51878a63
Thu Jan  1 15:02:41 2026,1154000000,EM_ANDAMENTO,FDV,d9d68840
Thu Jan  1 15:02:42 2026,1154500000,EM_ANDAMENTO,WKDfG3jwQjAQ,116a2671
Thu Jan  1 15:02:44 2026,1155000000,EM_ANDAMENTO,R2,bad0c08b
Thu Jan  1 15:02:45 2026,1155500000,EM_ANDAMENTO,WG,8889e51d
Thu Jan  1 15:02:47 2026,1156000000,EM_ANDAMENTO,bJcIHNSIo3,0f1805b9
Thu Jan  1 15:02:49 2026,1156500000,EM_ANDAMENTO,m6HwWKqpri,9443eaad
Thu Jan  1 15:02:50 2026,1157000000,EM_ANDAMENTO,h,ed6dba4b
Thu Jan  1 15:02:52 2026,1157500000,EM_ANDAMENTO,HwNw,8096fd1d
Thu Jan  1 15:02:53 2026,1158000000,EM_ANDAMENTO,JV1mvqtVJq5,1c88189a
Thu Jan  1 15:02:55 2026,1158500000,EM_ANDAMENTO,QaKi5uU,c32e9958
Thu Jan  1 15:02:59 2026,1159000000,EM_ANDAMENTO,yQ9f7,292a8018
Thu Jan  1 15:03:03 2026,1159500000,EM_ANDAMENTO,vw7F5,02429761
Thu Jan  1 15:03:08 2026,1160000000,EM_ANDAMENTO,M8d,cb28f503
Thu Jan  1 15:03:12 2026,1160500000,EM_ANDAMENTO,53q,efba8e09
Thu Jan  1 15:03:16 2026,1161000000,EM_ANDAMENTO,zPuna6QuOe,b5e9dbfb
Thu Jan  1 15:03:20 2026,1161500000,EM_ANDAMENTO,BuSNEA5sTZU,05463b6e
Thu Jan  1 15:03:24 2026,1162000000,EM_ANDAMENTO,TOW1Q,0b99e777
Thu Jan  1 15:03:28 2026,1162500000,EM_ANDAMENTO,6nyFSh8,2258dac4
Thu Jan  1 15:03:32 2026,1163000000,EM_ANDAMENTO,W32Fp8U,0a0a0871
Thu Jan  1 15:03:34 2026,1163500000,EM_ANDAMENTO,oRU0SWtx5UQn,3677b7a1
Thu Jan  1 15:03:35 2026,1164000000,EM_ANDAMENTO,udGEpaQDj6,bc69e936
Thu Jan  1 15:03:37 2026,1164500000,EM_ANDAMENTO,cM,7fb24d6d
Thu Jan  1 15:03:38 2026,1165000000,EM_ANDAMENTO,C6,51e62907
Thu Jan  1 15:03:40 2026,1165500000,EM_ANDAMENTO,LslIa,cf1c2775
Thu Jan  1 15:03:42 2026,1166000000,EM_ANDAMENTO,hvS4mMSja3,fff73d75
Thu Jan  1 15:03:45 2026,1166500000,EM_ANDAMENTO,DzcHXl4i,4acb39d9
Thu Jan  1 15:03:46 2026,1167000000,EM_ANDAMENTO,HTjH7S,5840c714
Thu Jan  1 15:03:48 2026,1167500000,EM_ANDAMENTO,k,ac20c833
Thu Jan  1 15:03:52 2026,1168000000,EM_ANDAMENTO,N9xaYrH4R,41fc61df
Thu Jan  1 15:03:56 2026,1168500000,EM_ANDAMENTO,zd52kv,4d5890e4
Thu Jan  1 15:04:00 2026,1169000000,EM_ANDAMENTO,3,0a7fddc2
Thu Jan  1 15:04:04 2026,1169500000,EM_ANDAMENTO,pU8X,ef5eb2c5
Thu Jan  1 15:04:08 2026,1170000000,EM_ANDAMENTO,vpOC1J17ne7,c074aa99
Thu Jan  1 15:04:12 2026,1170500000,EM_ANDAMENTO,gcYmaV0gJIO,c20bb3d2
Thu Jan  1 15:04:17 2026,1171000000,EM_ANDAMENTO,tb,1c2b844c
Thu Jan  1 15:04:23 2026,1171500000,EM_ANDAMENTO,t,ef012cb5
Thu Jan  1 15:04:28 2026,1172000000,EM_ANDAMENTO,lKgx9JneZKTh,e4522a8c
Thu Jan  1 15:04:33 2026,1172500000,EM_ANDAMENTO,9BP5KPI,ee2a4e8b
Thu Jan  1 15:04:38 2026,1173000000,EM_ANDAMENTO,Vyn9Cjy,061537f6
Thu Jan  1 15:04:43 2026,1173500000,EM_ANDAMENTO,uz58ewaLHCJU,513aee8b
Thu Jan  1 15:04:48 2026,1174000000,EM_ANDAMENTO,48bHKRUw7xOm,0a5df96c
Thu Jan  1 15:04:54 2026,1174500000,EM_ANDAMENTO,C8ppdbJwIL,3fc7d7ac
Thu Jan  1 15:04:59 2026,1175000000,EM_ANDAMENTO,FMAWNhbSnOw,2cf171a7
Thu Jan  1 15:05:05 2026,1175500000,EM_ANDAMENTO,naVAS333,745ab8a8
Thu Jan  1 15:05:09 2026,1176000000,EM_ANDAMENTO,ghPP,62a04bcd
Thu Jan  1 15:05:15 2026,1176500000,EM_ANDAMENTO,CkuTt5Xd9,35ff082a
Thu Jan  1 15:05:20 2026,1177000000,EM_ANDAMENTO,J9H9C,4770012e
Thu Jan  1 15:05:25 2026,1177500000,EM_ANDAMENTO,q,87b8d13b
Thu Jan  1 15:05:30 2026,1178000000,EM_ANDAMENTO,G7G1,cd8242ba
Thu Jan  1 15:05:36 2026,1178500000,EM_ANDAMENTO,bmrhyKssgzHs,32fc2b19
Thu Jan  1 15:05:41 2026,1179000000,EM_ANDAMENTO,tujEHz6,6cc6e788
Thu Jan  1 15:05:46 2026,1179500000,EM_ANDAMENTO,EvD8fP,a6b2164a
Thu Jan  1 15:05:51 2026,1180000000,EM_ANDAMENTO,h,ed6dba4b
Thu Jan  1 15:05:56 2026,1180500000,EM_ANDAMENTO,RUogduSVMmN,e968d1b6
Thu Jan  1 15:06:01 2026,1181000000,EM_ANDAMENTO,6rBPour6,9d832ce1
Thu Jan  1 15:06:07 2026,1181500000,EM_ANDAMENTO,xsUjh5mFYDx,64b38509
Thu Jan  1 15:06:12 2026,1182000000,EM_ANDAMENTO,8bxJwJfhaZF,64437e16
Thu Jan  1 15:06:17 2026,1182500000,EM_ANDAMENTO,wJVQ7wQGP,88b3ee8e
Thu Jan  1 15:06:22 2026,1183000000,EM_ANDAMENTO,NHj7,496b6afd
Thu Jan  1 15:06:28 2026,1183500000,EM_ANDAMENTO,3,0a7fddc2
Thu Jan  1 15:06:33 2026,1184000000,EM_ANDAMENTO,Q6yqjGgSdeI,ae4d50eb
Thu Jan  1 15:06:38 2026,1184500000,EM_ANDAMENTO,WvmAaPUf3P,7022d50e
Thu Jan  1 15:06:43 2026,1185000000,EM_ANDAMENTO,d6VzfJAgQ,a272b972
Thu Jan  1 15:06:49 2026,1185500000,EM_ANDAMENTO,FrOg2,e869e40e
Thu Jan  1 15:06:54 2026,1186000000,EM_ANDAMENTO,TjQq,42b154ea
Thu Jan  1 15:06:59 2026,1186500000,EM_ANDAMENTO,KT0QXNOJ0,7cf69c2e
Thu Jan  1 15:07:04 2026,1187000000,EM_ANDAMENTO,aapy9xNuDE,cb3dd712
Thu Jan  1 15:07:09 2026,1187500000,EM_ANDAMENTO,z,bb66897e
Thu Jan  1 15:07:14 2026,1188000000,EM_ANDAMENTO,MuWSrqAf,ab6a361b
Thu Jan  1 15:07:20 2026,1188500000,EM_ANDAMENTO,eTSp55gwNfE,befbe2ec
Thu Jan  1 15:07:25 2026,1189000000,EM_ANDAMENTO,5nBjocNP,8e8590ab
Thu Jan  1 15:07:30 2026,1189500000,EM_ANDAMENTO,w5,8615e152
Thu Jan  1 15:07:35 2026,1190000000,EM_ANDAMENTO,siqUr6C4,023b2aca
Thu Jan  1 15:07:41 2026,1190500000,EM_ANDAMENTO,bOD,aa963d90
Thu Jan  1 15:07:46 2026,1191000000,EM_ANDAMENTO,QtKXHsYV,7798ac1f
Thu Jan  1 15:07:51 2026,1191500000,EM_ANDAMENTO,x9SAEAnum7P,203d5f30
Thu Jan  1 15:07:56 2026,1192000000,EM_ANDAMENTO,yuB7cKVB61,d53cd39c
Thu Jan  1 15:08:01 2026,1192500000,EM_ANDAMENTO,qXZhTHZi,c810aa60
Thu Jan  1 15:08:06 2026,1193000000,EM_ANDAMENTO,LTGMtR6p,06b9f482
Thu Jan  1 15:08:12 2026,1193500000,EM_ANDAMENTO,3vZi1hLrg,8cd58b8c
Thu Jan  1 15:08:17 2026,1194000000,EM_ANDAMENTO,zbHT41,04660390
Thu Jan  1 15:08:22 2026,1194500000,EM_ANDAMENTO,rPGi0,8765ed0f
Thu Jan  1 15:08:27 2026,1195000000,EM_ANDAMENTO,j3oGwZK2kn,17d45e5a
Thu Jan  1 15:08:32 2026,1195500000,EM_ANDAMENTO,IkgNs3jpTBxm,a1862d25
Thu Jan  1 15:08:37 2026,1196000000,EM_ANDAMENTO,3czyrr,108eae16
Thu Jan  1 15:08:42 2026,1196500000,EM_ANDAMENTO,YHGmj,0fa44b31
Thu Jan  1 15:08:47 2026,1197000000,EM_ANDAMENTO,EAgdQuM8Jr,c77e653e
Thu Jan  1 15:08:52 2026,1197500000,EM_ANDAMENTO,p,f884289b
Thu Jan  1 15:08:58 2026,1198000000,EM_ANDAMENTO,8,cac75ec7
Thu Jan  1 15:09:03 2026,1198500000,EM_ANDAMENTO,5L9,e64d29b5
Thu Jan  1 15:09:08 2026,1199000000,EM_ANDAMENTO,H,db72f8cc
Thu Jan  1 15:09:13 2026,1199500000,EM_ANDAMENTO,pJ,8907f435
Thu Jan  1 15:09:18 2026,1200000000,EM_ANDAMENTO,UF,cc808f6c
Thu Jan  1 15:09:23 2026,1200500000,EM_ANDAMENTO,kNO0,5170689d
Thu Jan  1 15:09:28 2026,1201000000,EM_ANDAMENTO,WTiVVrvr3nX,64ea966a
Thu Jan  1 15:09:34 2026,1201500000,EM_ANDAMENTO,SqIUk5WyRw,9e1a74d4
Thu Jan  1 15:09:39 2026,1202000000,EM_ANDAMENTO,kSR,aeece4f3
Thu Jan  1 15:09:44 2026,1202500000,EM_ANDAMENTO,TMOz,916095b3
Thu Jan  1 15:09:49 2026,1203000000,EM_ANDAMENTO,2,4e9e3870
Thu Jan  1 15:09:54 2026,1203500000,EM_ANDAMENTO,a3,3102e6b8
Thu Jan  1 15:09:58 2026,1204000000,EM_ANDAMENTO,fR3US,20d7d66c
Thu Jan  1 15:10:00 2026,1204500000,EM_ANDAMENTO,Ji0ET2a,4d8ad42b
Thu Jan  1 15:10:07 2026,1205000000,EM_ANDAMENTO,Z,dad14f5a
Thu Jan  1 15:10:11 2026,1205500000,EM_ANDAMENTO,XNM97PG,d87a9f25
Thu Jan  1 15:10:17 2026,1206000000,EM_ANDAMENTO,9ftfLd,1d6694cd
Thu Jan  1 15:10:20 2026,1206500000,EM_ANDAMENTO,zED,4b73d94e
Thu Jan  1 15:10:24 2026,1207000000,EM_ANDAMENTO,JYk,228301fa
Thu Jan  1 15:10:28 2026,1207500000,EM_ANDAMENTO,HrDAQ2UdS,7ff826bf
Thu Jan  1 15:10:33 2026,1208000000,EM_ANDAMENTO,qhm29DA8,df01048e
Thu Jan  1 15:10:37 2026,1208500000,EM_ANDAMENTO,0,628e79cf
Thu Jan  1 15:10:41 2026,1209000000,EM_ANDAMENTO,bmpqvNS2lGz,358cc36f
Thu Jan  1 15:10:46 2026,1209500000,EM_ANDAMENTO,1q6P,0ccfa505
Thu Jan  1 15:10:50 2026,1210000000,EM_ANDAMENTO,xwlKjERaK1jc,9f6df5cf
Thu Jan  1 15:10:55 2026,1210500000,EM_ANDAMENTO,JWdk,43fe626e
Thu Jan  1 15:11:00 2026,1211000000,EM_ANDAMENTO,m2WNHt,dc9efbcf
Thu Jan  1 15:11:05 2026,1211500000,EM_ANDAMENTO,muWoj6,4c4b974e
Thu Jan  1 15:11:11 2026,1212000000,EM_ANDAMENTO,9XJXKyhH,ee94fe6b
Thu Jan  1 15:11:16 2026,1212500000,EM_ANDAMENTO,rnYG4Y,37e3eb84
Thu Jan  1 15:11:21 2026,1213000000,EM_ANDAMENTO,KX4LMa,79af9bc2
Thu Jan  1 15:11:26 2026,1213500000,EM_ANDAMENTO,4JNQbL,b813567d
Thu Jan  1 15:11:31 2026,1214000000,EM_ANDAMENTO,pz1Iw9Azm,c312c325
Thu Jan  1 15:11:36 2026,1214500000,EM_ANDAMENTO,KMTFZU3HvT,f615fd97
Thu Jan  1 15:11:41 2026,1215000000,EM_ANDAMENTO,PThCcJjtv,2a0a6c67
Thu Jan  1 15:11:46 2026,1215500000,EM_ANDAMENTO,1VJ,b48f1246
Thu Jan  1 15:11:51 2026,1216000000,EM_ANDAMENTO,PtrvEYXvuS,7916bac1
Thu Jan  1 15:11:56 2026,1216500000,EM_ANDAMENTO,fSdDj11BUxa,c6d11a04
Thu Jan  1 15:12:01 2026,1217000000,EM_ANDAMENTO,cdvK,5ef420c5
Thu Jan  1 15:12:06 2026,1217500000,EM_ANDAMENTO,HZUEodgFk,abf77653
Thu Jan  1 15:12:11 2026,1218000000,EM_ANDAMENTO,gLvQL,da9b3614
Thu Jan  1 15:12:16 2026,1218500000,EM_ANDAMENTO,OqiMD,4b9c0f5a
Thu Jan  1 15:12:21 2026,1219000000,EM_ANDAMENTO,Q9qJbRgRQ9,b9f257fe
Thu Jan  1 15:12:27 2026,1219500000,EM_ANDAMENTO,g9,cf2f5728
Thu Jan  1 15:12:32 2026,1220000000,EM_ANDAMENTO,ck,fda82aed
Thu Jan  1 15:12:37 2026,1220500000,EM_ANDAMENTO,0k3vYGtxrtlR,121e82f4
Thu Jan  1 15:12:43 2026,1221000000,EM_ANDAMENTO,98B,42d15af4
Thu Jan  1 15:12:48 2026,1221500000,EM_ANDAMENTO,7Ik5GTl3,0695675d
Thu Jan  1 15:12:53 2026,1222000000,EM_ANDAMENTO,W,c4abaca1
Thu Jan  1 15:12:58 2026,1222500000,EM_ANDAMENTO,6Fd8T2LttYk,c398d094
Thu Jan  1 15:13:03 2026,1223000000,EM_ANDAMENTO,gDO,9d9f4b5a
Thu Jan  1 15:13:08 2026,1223500000,EM_ANDAMENTO,0PpQQuKc,9a555910
Thu Jan  1 15:13:13 2026,1224000000,EM_ANDAMENTO,0uj5tvU4X,a68d7510
Thu Jan  1 15:13:18 2026,1224500000,EM_ANDAMENTO,K6,3ead4174
Thu Jan  1 15:13:23 2026,1225000000,EM_ANDAMENTO,KT,fd111771
Thu Jan  1 15:13:29 2026,1225500000,EM_ANDAMENTO,cl6,b4d124ab
Thu Jan  1 15:13:34 2026,1226000000,EM_ANDAMENTO,8eo0,e732c64c
Thu Jan  1 15:13:39 2026,1226500000,EM_ANDAMENTO,bVw55Co,d387fd28
Thu Jan  1 15:13:44 2026,1227000000,EM_ANDAMENTO,zRwri,4d007932
Thu Jan  1 15:13:49 2026,1227500000,EM_ANDAMENTO,CiKz2SelFE,68d89ba8
Thu Jan  1 15:13:54 2026,1228000000,EM_ANDAMENTO,PIWjVC6,109378f6
Thu Jan  1 15:14:00 2026,1228500000,EM_ANDAMENTO,1x9zIIQ,eb458803
Thu Jan  1 15:14:06 2026,1229000000,EM_ANDAMENTO,qY7V,4223d4f3
Thu Jan  1 15:14:11 2026,1229500000,EM_ANDAMENTO,mn7pPy,3b5ee317
Thu Jan  1 15:14:16 2026,1230000000,EM_ANDAMENTO,Xrpdczs,721009f3
Thu Jan  1 15:14:21 2026,1230500000,EM_ANDAMENTO,UG7cO,709f3e0c
Thu Jan  1 15:14:24 2026,1231000000,EM_ANDAMENTO,gaLJ,85823328
Thu Jan  1 15:14:26 2026,1231500000,EM_ANDAMENTO,s1ZQb1nI,6e56af88
Thu Jan  1 15:14:31 2026,1232000000,EM_ANDAMENTO,PncP5k7,05d033f9
Thu Jan  1 15:14:35 2026,1232500000,EM_ANDAMENTO,EQa49bLuk7v,c2171c57
Thu Jan  1 15:14:41 2026,1233000000,EM_ANDAMENTO,KDyMCbOXO5U,19f26efb
Thu Jan  1 15:14:47 2026,1233500000,EM_ANDAMENTO,3uiN,9f990c47
Thu Jan  1 15:14:51 2026,1234000000,EM_ANDAMENTO,sKTSs,423f0ac2
Thu Jan  1 15:14:55 2026,1234500000,EM_ANDAMENTO,TQV,415f6db5
Thu Jan  1 15:14:59 2026,1235000000,EM_ANDAMENTO,ILnT9l2gjZO,b8215b5f
Thu Jan  1 15:15:04 2026,1235500000,EM_ANDAMENTO,lYjc,89118c1a
Thu Jan  1 15:15:09 2026,1236000000,EM_ANDAMENTO,lsOz6CLsKp,750010a8
Thu Jan  1 15:15:13 2026,1236500000,EM_ANDAMENTO,j94cHKif,6a598c74
Thu Jan  1 15:15:17 2026,1237000000,EM_ANDAMENTO,UXhO,479ae65a
Thu Jan  1 15:15:21 2026,1237500000,EM_ANDAMENTO,qiDyr8HSys,9d401e62
Thu Jan  1 15:15:25 2026,1238000000,EM_ANDAMENTO,4FK5U,b090edb6
Thu Jan  1 15:15:29 2026,1238500000,EM_ANDAMENTO,sV3aKfiou,79069e73
Thu Jan  1 15:15:34 2026,1239000000,EM_ANDAMENTO,3DA2yFNJD4N,23ddc205
Thu Jan  1 15:15:38 2026,1239500000,EM_ANDAMENTO,16GdK6oZ,7447ed62
Thu Jan  1 15:15:42 2026,1240000000,EM_ANDAMENTO,CahTj5IuYBO,3607a96b
Thu Jan  1 15:15:46 2026,1240500000,EM_ANDAMENTO,BJ2p5IU6,d78909b9
Thu Jan  1 15:15:51 2026,1241000000,EM_ANDAMENTO,eiBjoYe,62e6b4fd
Thu Jan  1 15:15:55 2026,1241500000,EM_ANDAMENTO,PU7,3575289a
Thu Jan  1 15:16:00 2026,1242000000,EM_ANDAMENTO,IJoU,cf3686f9
Thu Jan  1 15:16:04 2026,1242500000,EM_ANDAMENTO,vr5nh,45118998
Thu Jan  1 15:16:12 2026,1243000000,EM_ANDAMENTO,1Rx,995c02ac
Thu Jan  1 15:16:17 2026,1243500000,EM_ANDAMENTO,gUYLBTnEND,2b084f0f
Thu Jan  1 15:16:21 2026,1244000000,EM_ANDAMENTO,11,8c41157d
Thu Jan  1 15:16:25 2026,1244500000,EM_ANDAMENTO,PrPJRb,6c210e74
Thu Jan  1 15:16:29 2026,1245000000,EM_ANDAMENTO,4TU3X7zyew,0fa81e85
Thu Jan  1 15:16:33 2026,1245500000,EM_ANDAMENTO,QhnIB,7d6bd7d1
Thu Jan  1 15:16:38 2026,1246000000,EM_ANDAMENTO,azyt,6bced32a
Thu Jan  1 15:16:44 2026,1246500000,EM_ANDAMENTO,Dw,f4be8d33
Thu Jan  1 15:16:49 2026,1247000000,EM_ANDAMENTO,xU,cb5308bc
Thu Jan  1 15:16:54 2026,1247500000,EM_ANDAMENTO,aEoB3OzX6a,0f5eb55e
Thu Jan  1 15:16:59 2026,1248000000,EM_ANDAMENTO,IC,f6a0a79a
Thu Jan  1 15:17:05 2026,1248500000,EM_ANDAMENTO,s0553FyZKP,e1f4c0f9
Thu Jan  1 15:17:09 2026,1249000000,EM_ANDAMENTO,fyzUOoLyeqP,494666b8
Thu Jan  1 15:17:14 2026,1249500000,EM_ANDAMENTO,ymQ8I8,5db930f6
Thu Jan  1 15:17:20 2026,1250000000,EM_ANDAMENTO,6aGy5,0a3c1bef
Thu Jan  1 15:17:24 2026,1250500000,EM_ANDAMENTO,yPOQ3MM8,1eea1ef4
Thu Jan  1 15:17:28 2026,1251000000,EM_ANDAMENTO,V,55360b71
Thu Jan  1 15:17:31 2026,1251500000,EM_ANDAMENTO,z,bb66897e
Thu Jan  1 15:17:35 2026,1252000000,EM_ANDAMENTO,XEZhoEmVD,abc646f0
Thu Jan  1 15:17:40 2026,1252500000,EM_ANDAMENTO,pR3lhfxVV,59a3b01d
Thu Jan  1 15:17:44 2026,1253000000,EM_ANDAMENTO,scud5ku5J,fc49d171
Thu Jan  1 15:17:47 2026,1253500000,EM_ANDAMENTO,eo0dv3wiOLm2,1010ed85
Thu Jan  1 15:17:52 2026,1254000000,EM_ANDAMENTO,fK6i4s4WNq,ca85ef4b
Thu Jan  1 15:17:56 2026,1254500000,EM_ANDAMENTO,TSbE4vNA,b7cafb34
Thu Jan  1 15:18:01 2026,1255000000,EM_ANDAMENTO,cjPvLCMCC,e437f346
Thu Jan  1 15:18:06 2026,1255500000,EM_ANDAMENTO,jGDBfUrN,ac1ab2a0
Thu Jan  1 15:18:12 2026,1256000000,EM_ANDAMENTO,QoZN4vYtfjSO,9bec9b86
Thu Jan  1 15:18:17 2026,1256500000,EM_ANDAMENTO,oBaBGV4DNAq,dedc77a3
Thu Jan  1 15:18:22 2026,1257000000,EM_ANDAMENTO,Aw,c39a031b
Thu Jan  1 15:18:28 2026,1257500000,EM_ANDAMENTO,bhqpEO9,23d7cd5a
Thu Jan  1 15:18:33 2026,1258000000,EM_ANDAMENTO,4kd,9f8f6317
Thu Jan  1 15:18:38 2026,1258500000,EM_ANDAMENTO,LqV1Eq5ydgqf,273409f8
Thu Jan  1 15:18:43 2026,1259000000,EM_ANDAMENTO,1rWRypI3TNh,8c409ace
Thu Jan  1 15:18:48 2026,1259500000,EM_ANDAMENTO,OToMm7s662,0810ecb6
Thu Jan  1 15:18:53 2026,1260000000,EM_ANDAMENTO,laMN,2fd23430
Thu Jan  1 15:18:59 2026,1260500000,EM_ANDAMENTO,WQ,7a52cb2a
Thu Jan  1 15:19:04 2026,1261000000,EM_ANDAMENTO,GO8,4e1529a6
Thu Jan  1 15:19:09 2026,1261500000,EM_ANDAMENTO,R5QOgTbwYV6h,6a9527b6
Thu Jan  1 15:19:14 2026,1262000000,EM_ANDAMENTO,om,01feaa38
Thu Jan  1 15:19:20 2026,1262500000,EM_ANDAMENTO,yUuR5,f5b382e0
Thu Jan  1 15:19:26 2026,1263000000,EM_ANDAMENTO,F5SA2,ddf4f9f7
Thu Jan  1 15:19:31 2026,1263500000,EM_ANDAMENTO,ZzOf1a5FQFUf,8beb38f1
Thu Jan  1 15:19:36 2026,1264000000,EM_ANDAMENTO,HiVoXKa,8756efff
Thu Jan  1 15:19:42 2026,1264500000,EM_ANDAMENTO,MtAJv,3de25c09
Thu Jan  1 15:19:47 2026,1265000000,EM_ANDAMENTO,FZBLWA72,22b75b00
Thu Jan  1 15:19:52 2026,1265500000,EM_ANDAMENTO,WOvXE,d4a994c1
Thu Jan  1 15:19:57 2026,1266000000,EM_ANDAMENTO,d2qa,9f53f02e
Thu Jan  1 15:20:03 2026,1266500000,EM_ANDAMENTO,CXU4VNMTaY,e33393d0
Thu Jan  1 15:20:08 2026,1267000000,EM_ANDAMENTO,cSa,1ecf3b22
Thu Jan  1 15:20:13 2026,1267500000,EM_ANDAMENTO,yB10ju9Lifm,4fc912c0
Thu Jan  1 15:20:19 2026,1268000000,EM_ANDAMENTO,vseka1CtiO,275b7eef
Thu Jan  1 15:20:24 2026,1268500000,EM_ANDAMENTO,IWsRSsAa7eJE,b93cb1ea
Thu Jan  1 15:20:29 2026,1269000000,EM_ANDAMENTO,HLvxomjavGw,6e1c31a9
Thu Jan  1 15:20:34 2026,1269500000,EM_ANDAMENTO,4p1s6,9fb1bd65
Thu Jan  1 15:20:40 2026,1270000000,EM_ANDAMENTO,R,613edcc8
Thu Jan  1 15:20:45 2026,1270500000,EM_ANDAMENTO,3u5bnKkz9,d061eadc
Thu Jan  1 15:20:50 2026,1271000000,EM_ANDAMENTO,lJRhc0eR,e477b6b3
Thu Jan  1 15:20:55 2026,1271500000,EM_ANDAMENTO,YnAKM52PvLE2,6ab4c6e9
Thu Jan  1 15:21:01 2026,1272000000,EM_ANDAMENTO,fz,daaf5978
Thu Jan  1 15:21:06 2026,1272500000,EM_ANDAMENTO,5s7uhS7Awwi,51c3df48
Thu Jan  1 15:21:11 2026,1273000000,EM_ANDAMENTO,F9EtJuQqT,dca0b717
Thu Jan  1 15:21:16 2026,1273500000,EM_ANDAMENTO,8cKnDGBtwU,8f77eec0
Thu Jan  1 15:21:21 2026,1274000000,EM_ANDAMENTO,y4oMzTQO,1c904b27
Thu Jan  1 15:21:26 2026,1274500000,EM_ANDAMENTO,bNDgOKnHvbt,c1477583
Thu Jan  1 15:21:31 2026,1275000000,EM_ANDAMENTO,PJO0,7f419985
Thu Jan  1 15:21:36 2026,1275500000,EM_ANDAMENTO,8P,7e099b12
Thu Jan  1 15:21:42 2026,1276000000,EM_ANDAMENTO,hkcBn5ISV9Q,0b6bef10
Thu Jan  1 15:21:47 2026,1276500000,EM_ANDAMENTO,JQy5XlqskT,f5688815
Thu Jan  1 15:21:52 2026,1277000000,EM_ANDAMENTO,rZeB,6d397fb7
Thu Jan  1 15:21:58 2026,1277500000,EM_ANDAMENTO,6jw,0d621569
Thu Jan  1 15:22:03 2026,1278000000,EM_ANDAMENTO,u1PmAAeYZ,d195d98b
Thu Jan  1 15:22:08 2026,1278500000,EM_ANDAMENTO,X,a378c3f6
Thu Jan  1 15:22:13 2026,1279000000,EM_ANDAMENTO,T1emv8m,10264bd6
Thu Jan  1 15:22:18 2026,1279500000,EM_ANDAMENTO,5cuhPDfp,c978f0a8
Thu Jan  1 15:22:23 2026,1280000000,EM_ANDAMENTO,m121o,5973e6b6
Thu Jan  1 15:22:28 2026,1280500000,EM_ANDAMENTO,as7lSE7KNp,6d3f8257
Thu Jan  1 15:22:33 2026,1281000000,EM_ANDAMENTO,Ds0vwDvTTF,67ee5cbd
Thu Jan  1 15:22:38 2026,1281500000,EM_ANDAMENTO,FEZaDt20fB,f2735a72
Thu Jan  1 15:22:43 2026,1282000000,EM_ANDAMENTO,6DiSdHvOmw4v,80af7930
Thu Jan  1 15:22:48 2026,1282500000,EM_ANDAMENTO,1cg8Nsu5rH,ffad1f93
Thu Jan  1 15:22:53 2026,1283000000,EM_ANDAMENTO,oXYT,6304d738
Thu Jan  1 15:22:59 2026,1283500000,EM_ANDAMENTO,h5P3mr,b129c13f
Thu Jan  1 15:23:05 2026,1284000000,EM_ANDAMENTO,iLd,661ec18d
Thu Jan  1 15:23:10 2026,1284500000,EM_ANDAMENTO,8HuFWZAOU7,c510cd20
Thu Jan  1 15:23:15 2026,1285000000,EM_ANDAMENTO,qLf1DOCFB,98c832ce
Thu Jan  1 15:23:21 2026,1285500000,EM_ANDAMENTO,gGC1N728z,6738af32
Thu Jan  1 15:23:30 2026,1286000000,EM_ANDAMENTO,zGitGDzt,9c4f8134
Thu Jan  1 15:23:32 2026,1286500000,EM_ANDAMENTO,q4Pj,4fcd09fb
Thu Jan  1 15:23:33 2026,1287000000,EM_ANDAMENTO,lnDSMAkOqZi8,fa9294fe
Thu Jan  1 15:23:36 2026,1287500000,EM_ANDAMENTO,v,904f2f17
Thu Jan  1 15:23:38 2026,1288000000,EM_ANDAMENTO,ke0rNOszb,77ab9690
Thu Jan  1 15:23:39 2026,1288500000,EM_ANDAMENTO,Jjh10wZuu7r4,17e93cbb
Thu Jan  1 15:23:41 2026,1289000000,EM_ANDAMENTO,GS,d9e4638f
Thu Jan  1 15:23:43 2026,1289500000,EM_ANDAMENTO,B,74865dbf
Thu Jan  1 15:23:45 2026,1290000000,EM_ANDAMENTO,2F5yA4k,aab00397
Thu Jan  1 15:23:46 2026,1290500000,EM_ANDAMENTO,HOH2mi5iX1,f27376a9
Thu Jan  1 15:23:48 2026,1291000000,EM_ANDAMENTO,tXEqhe1,d87e923a
Thu Jan  1 15:23:50 2026,1291500000,EM_ANDAMENTO,2IewG0hFo0,a2f7aa77
Thu Jan  1 15:23:51 2026,1292000000,EM_ANDAMENTO,16qhS5CjsA,eaa14584
Thu Jan  1 15:23:53 2026,1292500000,EM_ANDAMENTO,ehckrRTQcBP,881cf631
Thu Jan  1 15:23:55 2026,1293000000,EM_ANDAMENTO,UcJWt,a52f6d8b
Thu Jan  1 15:23:56 2026,1293500000,EM_ANDAMENTO,dX,42e4b8f3
Thu Jan  1 15:23:58 2026,1294000000,EM_ANDAMENTO,mSwT4jc5Y,86b8caa1
Thu Jan  1 15:24:00 2026,1294500000,EM_ANDAMENTO,kMREF,ea1be070
Thu Jan  1 15:24:01 2026,1295000000,EM_ANDAMENTO,6,21d93093
Thu Jan  1 15:24:03 2026,1295500000,EM_ANDAMENTO,pG,6656aff3
Thu Jan  1 15:24:05 2026,1296000000,EM_ANDAMENTO,BSYwauIEEjZG,d8c43857
Thu Jan  1 15:24:06 2026,1296500000,EM_ANDAMENTO,ai0rwm3,316513fb
Thu Jan  1 15:24:08 2026,1297000000,EM_ANDAMENTO,A1QdxPPnf0gt,00d90a1e
Thu Jan  1 15:24:10 2026,1297500000,EM_ANDAMENTO,4kqGvgh0N,187c590c
Thu Jan  1 15:24:11 2026,1298000000,EM_ANDAMENTO,cGxDf9o9d,588c0e58
Thu Jan  1 15:24:13 2026,1298500000,EM_ANDAMENTO,U2Y0TRlLtjJx,f3b37900
Thu Jan  1 15:24:15 2026,1299000000,EM_ANDAMENTO,BfRoglS,e27fa5a6
Thu Jan  1 15:24:16 2026,1299500000,EM_ANDAMENTO,KUPn,45bb9b11
Thu Jan  1 15:24:18 2026,1300000000,EM_ANDAMENTO,cRvstq,60f95a02
Thu Jan  1 15:24:20 2026,1300500000,EM_ANDAMENTO,XTuLyVq2sq,a975edd5
Thu Jan  1 15:24:21 2026,1301000000,EM_ANDAMENTO,fSJL3DB,08547c94
Thu Jan  1 15:24:23 2026,1301500000,EM_ANDAMENTO,cAvhS,5f630c41
Thu Jan  1 15:24:25 2026,1302000000,EM_ANDAMENTO,oi1Vfxo0agKM,fef36089
Thu Jan  1 15:24:26 2026,1302500000,EM_ANDAMENTO,tcDuUz,a34f720b
Thu Jan  1 15:24:28 2026,1303000000,EM_ANDAMENTO,s,bc5ac4a3
Thu Jan  1 15:24:30 2026,1303500000,EM_ANDAMENTO,wG,c37c89db
Thu Jan  1 15:24:31 2026,1304000000,EM_ANDAMENTO,nF2bn8z,38137bd7
Thu Jan  1 15:24:33 2026,1304500000,EM_ANDAMENTO,T8FsehZr6,15f0e44e
Thu Jan  1 15:24:35 2026,1305000000,EM_ANDAMENTO,ETucZYCB17hX,ea2db412
Thu Jan  1 15:24:36 2026,1305500000,EM_ANDAMENTO,jl5n,b88a5075
Thu Jan  1 15:24:38 2026,1306000000,EM_ANDAMENTO,0XuaJi7,eb6be63b
Thu Jan  1 15:24:40 2026,1306500000,EM_ANDAMENTO,w5f,7780aef0
Thu Jan  1 15:24:42 2026,1307000000,EM_ANDAMENTO,MmRoz3aGBJz9,5dcbf1ca
Thu Jan  1 15:24:43 2026,1307500000,EM_ANDAMENTO,jg2aDZAFhDQ,5d11de15
Thu Jan  1 15:24:45 2026,1308000000,EM_ANDAMENTO,WV6Q9D,d32c76cf
Thu Jan  1 15:24:47 2026,1308500000,EM_ANDAMENTO,W,c4abaca1
Thu Jan  1 15:24:49 2026,1309000000,EM_ANDAMENTO,ntLD,6f5a8c91
Thu Jan  1 15:24:50 2026,1309500000,EM_ANDAMENTO,5HSc,8f9cfd53
Thu Jan  1 15:24:52 2026,1310000000,EM_ANDAMENTO,CWQQ,c8e7ddb4
Thu Jan  1 15:24:54 2026,1310500000,EM_ANDAMENTO,lHmI1ZWXx,5404bb9f
Thu Jan  1 15:24:55 2026,1311000000,EM_ANDAMENTO,KoX,52b9b08f
Thu Jan  1 15:24:57 2026,1311500000,EM_ANDAMENTO,AdEKr4Fd,e66cbf5c
Thu Jan  1 15:24:59 2026,1312000000,EM_ANDAMENTO,Rse,d208175a
Thu Jan  1 15:25:00 2026,1312500000,EM_ANDAMENTO,70xGxZ,a6b8f5d4
Thu Jan  1 15:25:02 2026,1313000000,EM_ANDAMENTO,ZF37,429d7bc2
Thu Jan  1 15:25:04 2026,1313500000,EM_ANDAMENTO,vF,7198e941
Thu Jan  1 15:25:05 2026,1314000000,EM_ANDAMENTO,T,9dd7847b
Thu Jan  1 15:25:07 2026,1314500000,EM_ANDAMENTO,aHb,427ac814
Thu Jan  1 15:25:09 2026,1315000000,EM_ANDAMENTO,6F,2c05f2d6
Thu Jan  1 15:25:10 2026,1315500000,EM_ANDAMENTO,PuK,ceb28caa
Thu Jan  1 15:25:12 2026,1316000000,EM_ANDAMENTO,Cwd0,d5119e2d
Thu Jan  1 15:25:14 2026,1316500000,EM_ANDAMENTO,XK0oGuWcP,8b91a340
Thu Jan  1 15:25:15 2026,1317000000,EM_ANDAMENTO,XtKL,7db3e31f
Thu Jan  1 15:25:17 2026,1317500000,EM_ANDAMENTO,sp,6a012f99
Thu Jan  1 15:25:19 2026,1318000000,EM_ANDAMENTO,8gD,e6b64259
Thu Jan  1 15:25:20 2026,1318500000,EM_ANDAMENTO,w,1e332829
Thu Jan  1 15:25:22 2026,1319000000,EM_ANDAMENTO,cUbQ1sCfdCN,edc8547a
Thu Jan  1 15:25:24 2026,1319500000,EM_ANDAMENTO,PVk,32725a7e
Thu Jan  1 15:25:25 2026,1320000000,EM_ANDAMENTO,UXQg,2cbb066e
Thu Jan  1 15:25:27 2026,1320500000,EM_ANDAMENTO,igp,2a3d7c72
Thu Jan  1 15:25:29 2026,1321000000,EM_ANDAMENTO,Vx,5444588f
Thu Jan  1 15:25:30 2026,1321500000,EM_ANDAMENTO,hirOOXgkg7gc,ccc9af39
Thu Jan  1 15:25:32 2026,1322000000,EM_ANDAMENTO,tMzkzfFL5CgV,bc2fd57a
Thu Jan  1 15:25:34 2026,1322500000,EM_ANDAMENTO,XgyI43tU5mgP,17902f31
Thu Jan  1 15:25:35 2026,1323000000,EM_ANDAMENTO,VZzEYmo9,a5ad4a1e
Thu Jan  1 15:25:37 2026,1323500000,EM_ANDAMENTO,rWXprUuFk,b0b80e84
Thu Jan  1 15:25:39 2026,1324000000,EM_ANDAMENTO,9m,45e3a5e4
Thu Jan  1 15:25:40 2026,1324500000,EM_ANDAMENTO,uEvgIH,8376da9c
Thu Jan  1 15:25:42 2026,1325000000,EM_ANDAMENTO,d,5943bb0f
Thu Jan  1 15:25:43 2026,1325500000,EM_ANDAMENTO,1tASGw7,707db882
Thu Jan  1 15:25:45 2026,1326000000,EM_ANDAMENTO,u0k,53fc9efe
Thu Jan  1 15:25:47 2026,1326500000,EM_ANDAMENTO,r0s9g,d1bc94a9
Thu Jan  1 15:25:49 2026,1327000000,EM_ANDAMENTO,T,9dd7847b
Thu Jan  1 15:25:50 2026,1327500000,EM_ANDAMENTO,ZUOwCMFzOq,012a1c3b
Thu Jan  1 15:25:52 2026,1328000000,EM_ANDAMENTO,lg,87575528
Thu Jan  1 15:25:53 2026,1328500000,EM_ANDAMENTO,qdh8ZNsYV,412a17f9
Thu Jan  1 15:25:55 2026,1329000000,EM_ANDAMENTO,wY,05ab998e
Thu Jan  1 15:25:57 2026,1329500000,EM_ANDAMENTO,u1,1cdf0085
Thu Jan  1 15:25:59 2026,1330000000,EM_ANDAMENTO,Py80gG8DW7,8557b150
Thu Jan  1 15:26:00 2026,1330500000,EM_ANDAMENTO,wbRpeY0c58H,2d2f289c
Thu Jan  1 15:26:02 2026,1331000000,EM_ANDAMENTO,RqsFu88zp,178cf6f7
Thu Jan  1 15:26:03 2026,1331500000,EM_ANDAMENTO,cFAUht,03ecd5a8
Thu Jan  1 15:26:05 2026,1332000000,EM_ANDAMENTO,SrAvpud4Xyag,d41b3d5e
Thu Jan  1 15:26:07 2026,1332500000,EM_ANDAMENTO,pkRsEDurMh,aad691e1
Thu Jan  1 15:26:09 2026,1333000000,EM_ANDAMENTO,wnhUfPxpMoGV,b962c64c
Thu Jan  1 15:26:10 2026,1333500000,EM_ANDAMENTO,sPsfRcNJz,1fc24a36
Thu Jan  1 15:26:12 2026,1334000000,EM_ANDAMENTO,9pICebf,2fec4d2e
Thu Jan  1 15:26:14 2026,1334500000,EM_ANDAMENTO,RzZwGBPItY,7213cac9
Thu Jan  1 15:26:15 2026,1335000000,EM_ANDAMENTO,Ft4ehnzas,442151ce
Thu Jan  1 15:26:17 2026,1335500000,EM_ANDAMENTO,Muf6SH08h4O,831d41ba
Thu Jan  1 15:26:19 2026,1336000000,EM_ANDAMENTO,qFtEc9JBvX,7238c8ef
Thu Jan  1 15:26:20 2026,1336500000,EM_ANDAMENTO,R9e53pi,6795f5be
Thu Jan  1 15:26:22 2026,1337000000,EM_ANDAMENTO,t9ik,b38559fd
Thu Jan  1 15:26:24 2026,1337500000,EM_ANDAMENTO,ls,2c83caed
Thu Jan  1 15:26:25 2026,1338000000,EM_ANDAMENTO,NiW,cb5c6b33
Thu Jan  1 15:26:27 2026,1338500000,EM_ANDAMENTO,UKj,5b9c62ae
Thu Jan  1 15:26:29 2026,1339000000,EM_ANDAMENTO,C,2e9587f4
Thu Jan  1 15:26:30 2026,1339500000,EM_ANDAMENTO,E3GC9,ab3044a7
Thu Jan  1 15:26:32 2026,1340000000,EM_ANDAMENTO,De,31d670e9
Thu Jan  1 15:26:34 2026,1340500000,EM_ANDAMENTO,g1M,dfd2673d
Thu Jan  1 15:26:38 2026,1341000000,EM_ANDAMENTO,8,cac75ec7
Thu Jan  1 15:26:39 2026,1341500000,EM_ANDAMENTO,a,85c8de88
Thu Jan  1 15:26:41 2026,1342000000,EM_ANDAMENTO,yLmE7,5f1378ac
Thu Jan  1 15:26:43 2026,1342500000,EM_ANDAMENTO,H7jm,6275fd06
Thu Jan  1 15:26:45 2026,1343000000,EM_ANDAMENTO,pHJ5jCWk,bdc122d6
Thu Jan  1 15:26:46 2026,1343500000,EM_ANDAMENTO,EgW,b2c5b98a
Thu Jan  1 15:26:48 2026,1344000000,EM_ANDAMENTO,bBKULMQ,3d73fa30
Thu Jan  1 15:26:49 2026,1344500000,EM_ANDAMENTO,h9nPMi9x,f3785899
Thu Jan  1 15:26:51 2026,1345000000,EM_ANDAMENTO,Kh,9c810efb
Thu Jan  1 15:26:53 2026,1345500000,EM_ANDAMENTO,5z2katL,810d1edb
Thu Jan  1 15:26:54 2026,1346000000,EM_ANDAMENTO,vnqiHzM,e368390a
Thu Jan  1 15:26:56 2026,1346500000,EM_ANDAMENTO,28CP5qF,46ae1901
Thu Jan  1 15:26:58 2026,1347000000,EM_ANDAMENTO,J,5efe2fba
Thu Jan  1 15:26:59 2026,1347500000,EM_ANDAMENTO,3w0Uj8J,ffab45e1
Thu Jan  1 15:27:01 2026,1348000000,EM_ANDAMENTO,X8,d87d4898
Thu Jan  1 15:27:03 2026,1348500000,EM_ANDAMENTO,39arka2CMU45,95df5716
Thu Jan  1 15:27:04 2026,1349000000,EM_ANDAMENTO,CeXNop,0aed49f1
Thu Jan  1 15:27:06 2026,1349500000,EM_ANDAMENTO,seC0A,752b27db
Thu Jan  1 15:27:08 2026,1350000000,EM_ANDAMENTO,5KYkphO2,6adfa691
Thu Jan  1 15:27:09 2026,1350500000,EM_ANDAMENTO,oAkprPpu,4bccf28d
Thu Jan  1 15:27:11 2026,1351000000,EM_ANDAMENTO,O5xk,76d4b3aa
Thu Jan  1 15:27:13 2026,1351500000,EM_ANDAMENTO,M9yRE,881d4488
Thu Jan  1 15:27:14 2026,1352000000,EM_ANDAMENTO,8VXLXM3eIyi,1a3ca50e
Thu Jan  1 15:27:16 2026,1352500000,EM_ANDAMENTO,ts0,afeff23c
Thu Jan  1 15:27:18 2026,1353000000,EM_ANDAMENTO,zKaAvI2sE,c61150d2
Thu Jan  1 15:27:19 2026,1353500000,EM_ANDAMENTO,w73eIF6IAEvm,bf7377e1
Thu Jan  1 15:27:21 2026,1354000000,EM_ANDAMENTO,W1hUiFWny,9af51ac5
Thu Jan  1 15:27:22 2026,1354500000,EM_ANDAMENTO,pJNigC,d713eb63
Thu Jan  1 15:27:24 2026,1355000000,EM_ANDAMENTO,yhrM5y,797f5297
Thu Jan  1 15:27:26 2026,1355500000,EM_ANDAMENTO,INOZ,e6c099dd
Thu Jan  1 15:27:27 2026,1356000000,EM_ANDAMENTO,v58YrkJFSuU,c6dc979a
Thu Jan  1 15:27:29 2026,1356500000,EM_ANDAMENTO,kqDsar2OZJTy,9c3dd717
Thu Jan  1 15:27:31 2026,1357000000,EM_ANDAMENTO,JlrEzdTHvcy,320c93e2
Thu Jan  1 15:27:33 2026,1357500000,EM_ANDAMENTO,XHETF17Y,2f31c429
Thu Jan  1 15:27:34 2026,1358000000,EM_ANDAMENTO,M6gMpA,8d2e38dc
Thu Jan  1 15:27:36 2026,1358500000,EM_ANDAMENTO,o,a0b20673
Thu Jan  1 15:27:38 2026,1359000000,EM_ANDAMENTO,XQ,c6d6f350
Thu Jan  1 15:27:40 2026,1359500000,EM_ANDAMENTO,KIY8A1oSM8,49372426
Thu Jan  1 15:27:41 2026,1360000000,EM_ANDAMENTO,aYELG,a35d38ad
Thu Jan  1 15:27:43 2026,1360500000,EM_ANDAMENTO,xnhdz,bb69d07d
Thu Jan  1 15:27:45 2026,1361000000,EM_ANDAMENTO,veEjQYSYwCUn,b2563358
Thu Jan  1 15:27:46 2026,1361500000,EM_ANDAMENTO,C,2e9587f4
Thu Jan  1 15:27:48 2026,1362000000,EM_ANDAMENTO,BcIC8x4Dr3j,09aab8a6
Thu Jan  1 15:27:50 2026,1362500000,EM_ANDAMENTO,ERQs,062f1134
Thu Jan  1 15:27:51 2026,1363000000,EM_ANDAMENTO,jsTy8vC,184b99cf
Thu Jan  1 15:27:53 2026,1363500000,EM_ANDAMENTO,BOinZl,0a0635ec
Thu Jan  1 15:27:55 2026,1364000000,EM_ANDAMENTO,6w46Lsm,e816b32b
Thu Jan  1 15:27:56 2026,1364500000,EM_ANDAMENTO,COX2KU,e5ec8a57
Thu Jan  1 15:27:58 2026,1365000000,EM_ANDAMENTO,0uXNX04tppAB,50d768a2
Thu Jan  1 15:28:00 2026,1365500000,EM_ANDAMENTO,iNAIUNOfdG,26727e6e
Thu Jan  1 15:28:01 2026,1366000000,EM_ANDAMENTO,rxvbqQtDD,70a6957c
Thu Jan  1 15:28:03 2026,1366500000,EM_ANDAMENTO,fezzVzstLw1,f4e3b8dc
Thu Jan  1 15:28:04 2026,1367000000,EM_ANDAMENTO,t6DDuT5lPvE,875be570
Thu Jan  1 15:28:06 2026,1367500000,EM_ANDAMENTO,8D,530968d3
Thu Jan  1 15:28:08 2026,1368000000,EM_ANDAMENTO,mCyciSGK4G0V,35435e91
Thu Jan  1 15:28:09 2026,1368500000,EM_ANDAMENTO,ZqV,e0ff32ca
Thu Jan  1 15:28:11 2026,1369000000,EM_ANDAMENTO,M,b969a39b
Thu Jan  1 15:28:13 2026,1369500000,EM_ANDAMENTO,XMSBG,62ba11ed
Thu Jan  1 15:28:14 2026,1370000000,EM_ANDAMENTO,bsfh6M,1f54b94c
Thu Jan  1 15:28:16 2026,1370500000,EM_ANDAMENTO,li0Eo,3c602c70
Thu Jan  1 15:28:18 2026,1371000000,EM_ANDAMENTO,0m7Rt6Nty,3449f096
Thu Jan  1 15:28:19 2026,1371500000,EM_ANDAMENTO,dvxQyb8s,ddda273a
Thu Jan  1 15:28:21 2026,1372000000,EM_ANDAMENTO,lSYF0n,25e8fccc
Thu Jan  1 15:28:23 2026,1372500000,EM_ANDAMENTO,N3w,a6986059
Thu Jan  1 15:28:24 2026,1373000000,EM_ANDAMENTO,URHIv4Eg,10fa211f
Thu Jan  1 15:28:26 2026,1373500000,EM_ANDAMENTO,CbLa5PEmiHM,6451aff3
Thu Jan  1 15:28:28 2026,1374000000,EM_ANDAMENTO,J0eJgcgrp0X,0699971e
Thu Jan  1 15:28:29 2026,1374500000,EM_ANDAMENTO,MP5ZTnm,86ebf216
Thu Jan  1 15:28:31 2026,1375000000,EM_ANDAMENTO,pcabulx0A,8ba68f7f
Thu Jan  1 15:28:33 2026,1375500000,EM_ANDAMENTO,Olqv,f05c143c
Thu Jan  1 15:28:34 2026,1376000000,EM_ANDAMENTO,oy,812e256a
Thu Jan  1 15:28:36 2026,1376500000,EM_ANDAMENTO,r4ekvJJCm,010d8002
Thu Jan  1 15:28:38 2026,1377000000,EM_ANDAMENTO,uaeU,79e4022e
Thu Jan  1 15:28:39 2026,1377500000,EM_ANDAMENTO,pqfLU6hgf,4e1d917b
Thu Jan  1 15:28:41 2026,1378000000,EM_ANDAMENTO,5jjXzN1a,0455c310
Thu Jan  1 15:28:43 2026,1378500000,EM_ANDAMENTO,0bHdJbZPAtAn,d4ab11c4
Thu Jan  1 15:28:44 2026,1379000000,EM_ANDAMENTO,2iSQp,974f8474
Thu Jan  1 15:28:46 2026,1379500000,EM_ANDAMENTO,8,cac75ec7
Thu Jan  1 15:28:48 2026,1380000000,EM_ANDAMENTO,yW,990bf334
Thu Jan  1 15:28:49 2026,1380500000,EM_ANDAMENTO,FwBBipnZ9Ys,fb5997d3
Thu Jan  1 15:28:51 2026,1381000000,EM_ANDAMENTO,W,c4abaca1
Thu Jan  1 15:28:53 2026,1381500000,EM_ANDAMENTO,3LqssDB94Hnq,fe69eb7c
Thu Jan  1 15:28:54 2026,1382000000,EM_ANDAMENTO,Vr7s,43495cc0
Thu Jan  1 15:28:56 2026,1382500000,EM_ANDAMENTO,SDoT6ki4,f49df263
Thu Jan  1 15:28:58 2026,1383000000,EM_ANDAMENTO,6p,5add7a9e
Thu Jan  1 15:28:59 2026,1383500000,EM_ANDAMENTO,qjiYpNJM2V4,3767a1af
Thu Jan  1 15:29:01 2026,1384000000,EM_ANDAMENTO,t,ef012cb5
Thu Jan  1 15:29:03 2026,1384500000,EM_ANDAMENTO,JgF1wvtekqD,d429dc45
Thu Jan  1 15:29:04 2026,1385000000,EM_ANDAMENTO,c0nwJKV,91b2b7a0
Thu Jan  1 15:29:08 2026,1385500000,EM_ANDAMENTO,JgV3YjJdu0V,c97110c8
Thu Jan  1 15:29:12 2026,1386000000,EM_ANDAMENTO,gktrw3RP9,3051245f
Thu Jan  1 15:29:16 2026,1386500000,EM_ANDAMENTO,76ksAYTZxo,b709568c
Thu Jan  1 15:29:20 2026,1387000000,EM_ANDAMENTO,CL,1c76b45f
Thu Jan  1 15:29:24 2026,1387500000,EM_ANDAMENTO,6QtYL8,508660e1
Thu Jan  1 15:29:28 2026,1388000000,EM_ANDAMENTO,3,0a7fddc2
Thu Jan  1 15:29:32 2026,1388500000,EM_ANDAMENTO,EJ8qi,2b5de5ea
Thu Jan  1 15:29:36 2026,1389000000,EM_ANDAMENTO,2QQlwp,da5fd755
Thu Jan  1 15:29:39 2026,1389500000,EM_ANDAMENTO,wMKsAwcFdafv,ca777ba4
Thu Jan  1 15:29:44 2026,1390000000,EM_ANDAMENTO,jP9lRdn,fc8cdb5f
Thu Jan  1 15:29:48 2026,1390500000,EM_ANDAMENTO,oR3obDpOSFdu,fcc0a2c7
Thu Jan  1 15:29:52 2026,1391000000,EM_ANDAMENTO,s1Qb4N5hfeM,ab4cb77c
Thu Jan  1 15:29:54 2026,1391500000,EM_ANDAMENTO,Yu2zjd,51ceaf57
Thu Jan  1 15:29:59 2026,1392000000,EM_ANDAMENTO,QI4d0pnjXUx,26303256
Thu Jan  1 15:30:04 2026,1392500000,EM_ANDAMENTO,N68eiAI1OfI,8cede828
Thu Jan  1 15:30:09 2026,1393000000,EM_ANDAMENTO,PQ,b98fe222
Thu Jan  1 15:30:15 2026,1393500000,EM_ANDAMENTO,I8INT,dac21344
Thu Jan  1 15:30:20 2026,1394000000,EM_ANDAMENTO,l7Mo,1c1e4b30
Thu Jan  1 15:30:25 2026,1394500000,EM_ANDAMENTO,fgs,e3cf7e9e
Thu Jan  1 15:30:30 2026,1395000000,EM_ANDAMENTO,DuSE0zGL63B,cced2ae0
Thu Jan  1 15:30:35 2026,1395500000,EM_ANDAMENTO,7UpFb5VnPY6,c9103f33
Thu Jan  1 15:30:40 2026,1396000000,EM_ANDAMENTO,q,87b8d13b
Thu Jan  1 15:30:44 2026,1396500000,EM_ANDAMENTO,eRA6,d24bf35f
Thu Jan  1 15:30:47 2026,1397000000,EM_ANDAMENTO,dm3,fd80b223
Thu Jan  1 15:30:51 2026,1397500000,EM_ANDAMENTO,z7,92e162eb
Thu Jan  1 15:30:55 2026,1398000000,EM_ANDAMENTO,Logb1,f7433f45
Thu Jan  1 15:31:00 2026,1398500000,EM_ANDAMENTO,WGFF9bfMyfY,c9ad2024
Thu Jan  1 15:31:04 2026,1399000000,EM_ANDAMENTO,gXTbhPh8,4a9bc769
Thu Jan  1 15:31:07 2026,1399500000,EM_ANDAMENTO,wDp1,f2617bba
Thu Jan  1 15:31:11 2026,1400000000,EM_ANDAMENTO,HpWvAeX1r,a2b9f35a
Thu Jan  1 15:31:15 2026,1400500000,EM_ANDAMENTO,vl6,5fc6e136
Thu Jan  1 15:31:19 2026,1401000000,EM_ANDAMENTO,xea0CYZCCSf,56bd9dea
Thu Jan  1 15:31:23 2026,1401500000,EM_ANDAMENTO,OOmbpgGsw,238de87a
Thu Jan  1 15:31:27 2026,1402000000,EM_ANDAMENTO,VzTI5,4f26ebfa
Thu Jan  1 15:31:31 2026,1402500000,EM_ANDAMENTO,zJpL9U,96d80b95
Thu Jan  1 15:31:35 2026,1403000000,EM_ANDAMENTO,6n6S,08d7a790
Thu Jan  1 15:31:39 2026,1403500000,EM_ANDAMENTO,E9y49,29d5fc92
Thu Jan  1 15:31:43 2026,1404000000,EM_ANDAMENTO,W87rBfK,c83638eb
Thu Jan  1 15:31:47 2026,1404500000,EM_ANDAMENTO,FfSjcnEeMQ,b3295025
Thu Jan  1 15:31:51 2026,1405000000,EM_ANDAMENTO,l2sTGf9nzb,83c2e054
Thu Jan  1 15:31:55 2026,1405500000,EM_ANDAMENTO,hv,1906f2ba
Thu Jan  1 15:31:59 2026,1406000000,EM_ANDAMENTO,ww2f,ffe9889b
Thu Jan  1 15:32:03 2026,1406500000,EM_ANDAMENTO,bZheIDM,0b1dc3e8
Thu Jan  1 15:32:07 2026,1407000000,EM_ANDAMENTO,9Vt,6da6d777
Thu Jan  1 15:32:11 2026,1407500000,EM_ANDAMENTO,kUk,e34602f9
Thu Jan  1 15:32:16 2026,1408000000,EM_ANDAMENTO,Dq6qTAD,0a0607cd
Thu Jan  1 15:32:21 2026,1408500000,EM_ANDAMENTO,0pBVb8ku,1763901f
Thu Jan  1 15:32:26 2026,1409000000,EM_ANDAMENTO,7rafa7u,739a9696
Thu Jan  1 15:32:31 2026,1409500000,EM_ANDAMENTO,PL,57837b3d
Thu Jan  1 15:32:36 2026,1410000000,EM_ANDAMENTO,f31,53c96106
Thu Jan  1 15:32:41 2026,1410500000,EM_ANDAMENTO,l4ryeJvnaQ4,efccbd5b
Thu Jan  1 15:32:45 2026,1411000000,EM_ANDAMENTO,N3n9GLRRl,00fc2062
Thu Jan  1 15:32:48 2026,1411500000,EM_ANDAMENTO,z83uSc,f9f36b13
Thu Jan  1 15:32:53 2026,1412000000,EM_ANDAMENTO,3hH,473c61bc
Thu Jan  1 15:32:57 2026,1412500000,EM_ANDAMENTO,hze6GqcAeyav,388585cf
Thu Jan  1 15:33:01 2026,1413000000,EM_ANDAMENTO,RGnhbGDz1rHa,fbf5b8d3
Thu Jan  1 15:33:05 2026,1413500000,EM_ANDAMENTO,ailRt,e61b1f08
Thu Jan  1 15:33:10 2026,1414000000,EM_ANDAMENTO,el,9c3c7f7d
Thu Jan  1 15:33:15 2026,1414500000,EM_ANDAMENTO,1H,97a5186c
Thu Jan  1 15:33:20 2026,1415000000,EM_ANDAMENTO,SNs98Ej,42ee7aef
Thu Jan  1 15:33:25 2026,1415500000,EM_ANDAMENTO,aB,1e135a99
Thu Jan  1 15:33:30 2026,1416000000,EM_ANDAMENTO,uovtPYB,cf04cdc1
Thu Jan  1 15:33:35 2026,1416500000,EM_ANDAMENTO,mqjCnB,5055da78
Thu Jan  1 15:33:40 2026,1417000000,EM_ANDAMENTO,PCErHABRled,f2e43fe8
Thu Jan  1 15:33:45 2026,1417500000,EM_ANDAMENTO,lY,78809ced
Thu Jan  1 15:33:51 2026,1418000000,EM_ANDAMENTO,7zPi,49ba90ad
Thu Jan  1 15:33:56 2026,1418500000,EM_ANDAMENTO,zjZA87O,218d137c
Thu Jan  1 15:34:01 2026,1419000000,EM_ANDAMENTO,qriRGPG,f9957962
Thu Jan  1 15:34:06 2026,1419500000,EM_ANDAMENTO,tl,6a83770a
Thu Jan  1 15:34:12 2026,1420000000,EM_ANDAMENTO,lRRd,9f098567
Thu Jan  1 15:34:17 2026,1420500000,EM_ANDAMENTO,ACtrJ,433cbb35
Thu Jan  1 15:34:22 2026,1421000000,EM_ANDAMENTO,AjIn,6602a055
Thu Jan  1 15:34:28 2026,1421500000,EM_ANDAMENTO,7SBojv,057a36d0
Thu Jan  1 15:34:33 2026,1422000000,EM_ANDAMENTO,1aDy3b7GRLy,6461a7c0
Thu Jan  1 15:34:38 2026,1422500000,EM_ANDAMENTO,dH,f103860d
Thu Jan  1 15:34:43 2026,1423000000,EM_ANDAMENTO,hz,f7998ced
Thu Jan  1 15:34:47 2026,1423500000,EM_ANDAMENTO,iII6yh4,0b7fabbe
Thu Jan  1 15:34:51 2026,1424000000,EM_ANDAMENTO,Yce,a75974ec
Thu Jan  1 15:34:55 2026,1424500000,EM_ANDAMENTO,EuSCma0,d99d1ca7
Thu Jan  1 15:34:59 2026,1425000000,EM_ANDAMENTO,B56LC2N6w0VX,45664749
Thu Jan  1 15:35:03 2026,1425500000,EM_ANDAMENTO,60zoANiU,59713d6f
Thu Jan  1 15:35:07 2026,1426000000,EM_ANDAMENTO,p,f884289b
Thu Jan  1 15:35:11 2026,1426500000,EM_ANDAMENTO,n1W,86c4f24a
Thu Jan  1 15:35:16 2026,1427000000,EM_ANDAMENTO,y6CkRo,bfb0a751
Thu Jan  1 15:35:21 2026,1427500000,EM_ANDAMENTO,9VUyxFG,9f6c6a74
Thu Jan  1 15:35:25 2026,1428000000,EM_ANDAMENTO,w3esgcvvDpW,0a47eae0
Thu Jan  1 15:35:29 2026,1428500000,EM_ANDAMENTO,ZiOiv5D5lUr,27bb380a
Thu Jan  1 15:35:33 2026,1429000000,EM_ANDAMENTO,OERz8h4vhPC,a2ad617b
Thu Jan  1 15:35:37 2026,1429500000,EM_ANDAMENTO,VcS,e240b963
Thu Jan  1 15:35:41 2026,1430000000,EM_ANDAMENTO,u,4aed0987
Thu Jan  1 15:35:45 2026,1430500000,EM_ANDAMENTO,FdbXXqM,009b7342
Thu Jan  1 15:35:49 2026,1431000000,EM_ANDAMENTO,jfqYYrnBCQJf,4d7e0206
Thu Jan  1 15:35:53 2026,1431500000,EM_ANDAMENTO,Gq0H7V,afcc3a29
Thu Jan  1 15:35:57 2026,1432000000,EM_ANDAMENTO,iEBZVksB1,cdf8d697
Thu Jan  1 15:36:01 2026,1432500000,EM_ANDAMENTO,8S6HQXixH1G,a9870d96
Thu Jan  1 15:36:05 2026,1433000000,EM_ANDAMENTO,JNbb26EHPmFj,cc2b8a3e
Thu Jan  1 15:36:09 2026,1433500000,EM_ANDAMENTO,3V,e81b146f
Thu Jan  1 15:36:13 2026,1434000000,EM_ANDAMENTO,5FC,d1591c85
Thu Jan  1 15:36:17 2026,1434500000,EM_ANDAMENTO,o6pthdtUl,dd6e1291
Thu Jan  1 15:36:21 2026,1435000000,EM_ANDAMENTO,2rcmf,a32ef895
Thu Jan  1 15:36:25 2026,1435500000,EM_ANDAMENTO,VNVGA,4d01ca2e
Thu Jan  1 15:36:30 2026,1436000000,EM_ANDAMENTO,6vDFDPAA,90c67779
Thu Jan  1 15:36:34 2026,1436500000,EM_ANDAMENTO,C5F,569af866
Thu Jan  1 15:36:38 2026,1437000000,EM_ANDAMENTO,nuA,c1b7de85
Thu Jan  1 15:36:42 2026,1437500000,EM_ANDAMENTO,3wIzzSbCEBSa,e5d0c32a
Thu Jan  1 15:36:46 2026,1438000000,EM_ANDAMENTO,L,73706247
Thu Jan  1 15:36:50 2026,1438500000,EM_ANDAMENTO,cTeH0eTxYtRt,cfdae374
Thu Jan  1 15:36:54 2026,1439000000,EM_ANDAMENTO,q,87b8d13b
Thu Jan  1 15:36:58 2026,1439500000,EM_ANDAMENTO,eVvhi,30d83c6f
Thu Jan  1 15:37:02 2026,1440000000,EM_ANDAMENTO,xYxftsOZZvK,427cf88d
Thu Jan  1 15:37:06 2026,1440500000,EM_ANDAMENTO,kInHeffc,ef3ac9cc
Thu Jan  1 15:37:10 2026,1441000000,EM_ANDAMENTO,Tk,ade34edb
Thu Jan  1 15:37:14 2026,1441500000,EM_ANDAMENTO,EuU,5f02affd
Thu Jan  1 15:37:18 2026,1442000000,EM_ANDAMENTO,gVxnyCcO,39699f84
Thu Jan  1 15:37:22 2026,1442500000,EM_ANDAMENTO,QuZ0XUX,3d85ddd6
Thu Jan  1 15:37:26 2026,1443000000,EM_ANDAMENTO,awS,8b23cb45
Thu Jan  1 15:37:31 2026,1443500000,EM_ANDAMENTO,I,9264d438
Thu Jan  1 15:37:36 2026,1444000000,EM_ANDAMENTO,O,4ac61591
Thu Jan  1 15:37:40 2026,1444500000,EM_ANDAMENTO,EmByHQgVt,19bf4c49
Thu Jan  1 15:37:44 2026,1445000000,EM_ANDAMENTO,Ho46eWr58lG,1b149c8a
Thu Jan  1 15:37:48 2026,1445500000,EM_ANDAMENTO,g9uaho,7c6f2d51
Thu Jan  1 15:37:52 2026,1446000000,EM_ANDAMENTO,Lhm8REUk,02e21700
Thu Jan  1 15:37:57 2026,1446500000,EM_ANDAMENTO,2lLyeuwl1,f5c9c87f
Thu Jan  1 15:38:02 2026,1447000000,EM_ANDAMENTO,tNqzbO75d,6fc42664
Thu Jan  1 15:38:07 2026,1447500000,EM_ANDAMENTO,zVfpvnEnvm,a1ca98e6
Thu Jan  1 15:38:11 2026,1448000000,EM_ANDAMENTO,9h,41b2f5be
Thu Jan  1 15:38:15 2026,1448500000,EM_ANDAMENTO,iO,432e7949
Thu Jan  1 15:38:19 2026,1449000000,EM_ANDAMENTO,csNjHRy5AqK6,f4b1a4aa
Thu Jan  1 15:38:23 2026,1449500000,EM_ANDAMENTO,NjJxc,c6e3be80
Thu Jan  1 15:38:27 2026,1450000000,EM_ANDAMENTO,Z3uTJLCBdY,9b7f0bac
Thu Jan  1 15:38:31 2026,1450500000,EM_ANDAMENTO,yzItugB,ae3a6418
Thu Jan  1 15:38:35 2026,1451000000,EM_ANDAMENTO,hDVM6k9joU,2c5f436d
Thu Jan  1 15:38:39 2026,1451500000,EM_ANDAMENTO,KXemyEgTZns,227dde96
Thu Jan  1 15:38:43 2026,1452000000,EM_ANDAMENTO,c3SewcaRAsT,886f5b98
Thu Jan  1 15:38:47 2026,1452500000,EM_ANDAMENTO,U,286668ef
Thu Jan  1 15:38:51 2026,1453000000,EM_ANDAMENTO,j,60e284f4
Thu Jan  1 15:38:55 2026,1453500000,EM_ANDAMENTO,4eaU9,c11049d8
Thu Jan  1 15:38:58 2026,1454000000,EM_ANDAMENTO,KAG6ahZb,dc739b9c
Thu Jan  1 15:39:02 2026,1454500000,EM_ANDAMENTO,UUaqkPdKt,4727816d
Thu Jan  1 15:39:06 2026,1455000000,EM_ANDAMENTO,x,e472c5e3
Thu Jan  1 15:39:10 2026,1455500000,EM_ANDAMENTO,cxZVlCy,d99793e4
Thu Jan  1 15:39:14 2026,1456000000,EM_ANDAMENTO,Q6mbiK5w4,f3910986
Thu Jan  1 15:39:18 2026,1456500000,EM_ANDAMENTO,8Moi9MEw,9177c6a7
Thu Jan  1 15:39:22 2026,1457000000,EM_ANDAMENTO,Zcws3iM,69656b71
Thu Jan  1 15:39:26 2026,1457500000,EM_ANDAMENTO,btYglagaWC,c0ceb0b8
Thu Jan  1 15:39:30 2026,1458000000,EM_ANDAMENTO,CVxpoD3,f5ee1597
Thu Jan  1 15:39:33 2026,1458500000,EM_ANDAMENTO,PwPzpSN3I,cbe4ae30
Thu Jan  1 15:39:38 2026,1459000000,EM_ANDAMENTO,tnIpL4M7,3d7b0c90
Thu Jan  1 15:39:43 2026,1459500000,EM_ANDAMENTO,5pv,25e08da2
Thu Jan  1 15:39:48 2026,1460000000,EM_ANDAMENTO,J,5efe2fba
Thu Jan  1 15:39:52 2026,1460500000,EM_ANDAMENTO,ZNK,3e8131c2
Thu Jan  1 15:39:56 2026,1461000000,EM_ANDAMENTO,CzNE,bf24f658
Thu Jan  1 15:40:00 2026,1461500000,EM_ANDAMENTO,iFR6Ugw7n,d94cec07
Thu Jan  1 15:40:06 2026,1462000000,EM_ANDAMENTO,2TesVyn9TJL,e3fa77a8
Thu Jan  1 15:40:14 2026,1462500000,EM_ANDAMENTO,wdu5SfP,721766f2
Thu Jan  1 15:40:19 2026,1463000000,EM_ANDAMENTO,hDQws9mim,156b0b53
Thu Jan  1 15:40:23 2026,1463500000,EM_ANDAMENTO,AY,aab0d949
Thu Jan  1 15:40:27 2026,1464000000,EM_ANDAMENTO,WhZ3e6mLA5,c2984c7f
Thu Jan  1 15:40:33 2026,1464500000,EM_ANDAMENTO,8,cac75ec7
Thu Jan  1 15:40:38 2026,1465000000,EM_ANDAMENTO,4rx3XF4,f7981d31
Thu Jan  1 15:40:43 2026,1465500000,EM_ANDAMENTO,gNdCisW,a237fd41
Thu Jan  1 15:40:48 2026,1466000000,EM_ANDAMENTO,n,68f8ea7d
Thu Jan  1 15:40:53 2026,1466500000,EM_ANDAMENTO,5aTZ6plW,d40ec215
Thu Jan  1 15:40:58 2026,1467000000,EM_ANDAMENTO,1pUh,340c757d
Thu Jan  1 15:41:03 2026,1467500000,EM_ANDAMENTO,NjplHo,ba279efe
Thu Jan  1 15:41:08 2026,1468000000,EM_ANDAMENTO,f,2c6c3bcd
Thu Jan  1 15:41:14 2026,1468500000,EM_ANDAMENTO,4xJP,232bc551
Thu Jan  1 15:41:18 2026,1469000000,EM_ANDAMENTO,s,bc5ac4a3
Thu Jan  1 15:41:23 2026,1469500000,EM_ANDAMENTO,xCvatbXEbR,0416a7c7
Thu Jan  1 15:41:28 2026,1470000000,EM_ANDAMENTO,132685n5,e73c37b4
Thu Jan  1 15:41:31 2026,1470500000,EM_ANDAMENTO,1en,4ffa2e35
Thu Jan  1 15:41:35 2026,1471000000,EM_ANDAMENTO,g,7a529e89
Thu Jan  1 15:41:39 2026,1471500000,EM_ANDAMENTO,mxeI,5c832741
Thu Jan  1 15:41:43 2026,1472000000,EM_ANDAMENTO,J16RKgPU,4900706d
Thu Jan  1 15:41:47 2026,1472500000,EM_ANDAMENTO,eS0,4a170337
Thu Jan  1 15:41:50 2026,1473000000,EM_ANDAMENTO,w20WDkY5k,dd68bc47
Thu Jan  1 15:41:54 2026,1473500000,EM_ANDAMENTO,ddoenwvzlyRr,5f2bf5ca
Thu Jan  1 15:41:58 2026,1474000000,EM_ANDAMENTO,jIqD9X,22037dcc
Thu Jan  1 15:42:02 2026,1474500000,EM_ANDAMENTO,GbGgyzpu,9a22aae1
Thu Jan  1 15:42:06 2026,1475000000,EM_ANDAMENTO,M9MzbSOeFj,13ba49b8
Thu Jan  1 15:42:11 2026,1475500000,EM_ANDAMENTO,et,e7029fb4
Thu Jan  1 15:42:15 2026,1476000000,EM_ANDAMENTO,NssqbtMfKN,9da3b7ef
Thu Jan  1 15:42:19 2026,1476500000,EM_ANDAMENTO,JDGvTXFXCc9,e8cefcb5
Thu Jan  1 15:42:23 2026,1477000000,EM_ANDAMENTO,JRq,e854e476
Thu Jan  1 15:42:27 2026,1477500000,EM_ANDAMENTO,xVF,5b489e66
Thu Jan  1 15:42:31 2026,1478000000,EM_ANDAMENTO,NXKXje,23337bfd
Thu Jan  1 15:42:35 2026,1478500000,EM_ANDAMENTO,IIXCsA7lk0p,da269e42
Thu Jan  1 15:42:39 2026,1479000000,EM_ANDAMENTO,r2A,2516f558
Thu Jan  1 15:42:43 2026,1479500000,EM_ANDAMENTO,fV5FoJp,fb94fc39
Thu Jan  1 15:42:47 2026,1480000000,EM_ANDAMENTO,W474T4k,09490819
Thu Jan  1 15:42:51 2026,1480500000,EM_ANDAMENTO,N9,af338f5a
Thu Jan  1 15:42:56 2026,1481000000,EM_ANDAMENTO,K8G,506f444c
Thu Jan  1 15:42:59 2026,1481500000,EM_ANDAMENTO,XHrYmRoYW5m,958b95b6
Thu Jan  1 15:43:04 2026,1482000000,EM_ANDAMENTO,WnO,65dafaa7
Thu Jan  1 15:43:08 2026,1482500000,EM_ANDAMENTO,v,904f2f17
Thu Jan  1 15:43:12 2026,1483000000,EM_ANDAMENTO,uUveoXZ0aS,794f3a89
Thu Jan  1 15:43:16 2026,1483500000,EM_ANDAMENTO,Th,d791a786
Thu Jan  1 15:43:20 2026,1484000000,EM_ANDAMENTO,lZpg6Bihb0Mj,176c68a6
Thu Jan  1 15:43:24 2026,1484500000,EM_ANDAMENTO,QOej1PlI,2ec130d9
Thu Jan  1 15:43:28 2026,1485000000,EM_ANDAMENTO,clSA78,6abde75d
Thu Jan  1 15:43:32 2026,1485500000,EM_ANDAMENTO,q9na,f2fa84ee
Thu Jan  1 15:43:36 2026,1486000000,EM_ANDAMENTO,FIeIB8,10794e8b
Thu Jan  1 15:43:40 2026,1486500000,EM_ANDAMENTO,VQRM,8325861f
Thu Jan  1 15:43:44 2026,1487000000,EM_ANDAMENTO,vcKYO,bf61b0f3
Thu Jan  1 15:43:48 2026,1487500000,EM_ANDAMENTO,Kxiei0rE1hp,e2c4cd38
Thu Jan  1 15:43:52 2026,1488000000,EM_ANDAMENTO,YzIHt5kucvUO,b50c2e3c
Thu Jan  1 15:43:56 2026,1488500000,EM_ANDAMENTO,srZRdCui6iMa,17d69555
Thu Jan  1 15:44:01 2026,1489000000,EM_ANDAMENTO,Onx4IhOTacJ,51b62adf
Thu Jan  1 15:44:05 2026,1489500000,EM_ANDAMENTO,hEYQ,ac797f15
Thu Jan  1 15:44:08 2026,1490000000,EM_ANDAMENTO,dbyDj,c0323b3a
Thu Jan  1 15:44:12 2026,1490500000,EM_ANDAMENTO,Bp,3d1f35fc
Thu Jan  1 15:44:16 2026,1491000000,EM_ANDAMENTO,bgycNEw5fSc,4db2ed3e
Thu Jan  1 15:44:20 2026,1491500000,EM_ANDAMENTO,PVEf,993b7e47
Thu Jan  1 15:44:25 2026,1492000000,EM_ANDAMENTO,EZnmieiO7r,046c28cf
Thu Jan  1 15:44:26 2026,1492500000,EM_ANDAMENTO,5JskFo,dc2535aa
Thu Jan  1 15:44:28 2026,1493000000,EM_ANDAMENTO,rePhDB,c8c1e374
Thu Jan  1 15:44:31 2026,1493500000,EM_ANDAMENTO,kR,e91af13b
Thu Jan  1 15:44:35 2026,1494000000,EM_ANDAMENTO,o,a0b20673
Thu Jan  1 15:44:39 2026,1494500000,EM_ANDAMENTO,Fo8P,b779f1a3
Thu Jan  1 15:44:43 2026,1495000000,EM_ANDAMENTO,1fK4ym,5dd6a81f
Thu Jan  1 15:44:47 2026,1495500000,EM_ANDAMENTO,lG6Qm019tOI,99b73335
Thu Jan  1 15:44:51 2026,1496000000,EM_ANDAMENTO,tdV,664c13c7
Thu Jan  1 15:44:55 2026,1496500000,EM_ANDAMENTO,BTWsM,af8a514d
Thu Jan  1 15:44:59 2026,1497000000,EM_ANDAMENTO,hJgTM,8cc05717
Thu Jan  1 15:45:03 2026,1497500000,EM_ANDAMENTO,PYhW,1c5267cd
Thu Jan  1 15:45:08 2026,1498000000,EM_ANDAMENTO,ElIIDPHOFCf,8327856a
Thu Jan  1 15:45:12 2026,1498500000,EM_ANDAMENTO,6LD,e2ae5113
Thu Jan  1 15:45:16 2026,1499000000,EM_ANDAMENTO,RJt9KV,dabbbd9c
Thu Jan  1 15:45:20 2026,1499500000,EM_ANDAMENTO,qHqu27M,478e83bf
Thu Jan  1 15:45:24 2026,1500000000,EM_ANDAMENTO,lN5pyU,cdf81d4e
Thu Jan  1 15:45:28 2026,1500500000,EM_ANDAMENTO,UU5kbXDoRk,116be85d
Thu Jan  1 15:45:33 2026,1501000000,EM_ANDAMENTO,A0,5cc0a042
Thu Jan  1 15:45:37 2026,1501500000,EM_ANDAMENTO,1l3,3bfdf398
Thu Jan  1 15:45:40 2026,1502000000,EM_ANDAMENTO,PA6,bb6ca58a
Thu Jan  1 15:45:43 2026,1502500000,EM_ANDAMENTO,KsN,0654ebe3
Thu Jan  1 15:45:48 2026,1503000000,EM_ANDAMENTO,IAoJqW,e8b1285f
Thu Jan  1 15:45:52 2026,1503500000,EM_ANDAMENTO,GEv,faba8d38
Thu Jan  1 15:45:56 2026,1504000000,EM_ANDAMENTO,MKVAObfwHoJx,1b548295
Thu Jan  1 15:46:00 2026,1504500000,EM_ANDAMENTO,aY,caec860f
Thu Jan  1 15:46:04 2026,1505000000,EM_ANDAMENTO,qF,e8e596e6
Thu Jan  1 15:46:08 2026,1505500000,EM_ANDAMENTO,t,ef012cb5
Thu Jan  1 15:46:12 2026,1506000000,EM_ANDAMENTO,wZrxx7IsVgU,de95ea9e
Thu Jan  1 15:46:16 2026,1506500000,EM_ANDAMENTO,h13RQosTNYA,231e22ec
Thu Jan  1 15:46:20 2026,1507000000,EM_ANDAMENTO,D,f0695584
Thu Jan  1 15:46:24 2026,1507500000,EM_ANDAMENTO,qpsE1nrnWB,e4b97682
Thu Jan  1 15:46:28 2026,1508000000,EM_ANDAMENTO,ZZ,f75a834a
Thu Jan  1 15:46:32 2026,1508500000,EM_ANDAMENTO,2,4e9e3870
Thu Jan  1 15:46:37 2026,1509000000,EM_ANDAMENTO,wpX,10b3756f
Thu Jan  1 15:46:41 2026,1509500000,EM_ANDAMENTO,141CcnF,ad73393b
Thu Jan  1 15:46:46 2026,1510000000,EM_ANDAMENTO,2O34Wcm,708fdd03
Thu Jan  1 15:46:50 2026,1510500000,EM_ANDAMENTO,MQJQOWZCl8Zn,04234366
Thu Jan  1 15:46:54 2026,1511000000,EM_ANDAMENTO,V7AIzupVZe,550168e9
Thu Jan  1 15:46:58 2026,1511500000,EM_ANDAMENTO,OJ4WRaf,a1713c52
Thu Jan  1 15:47:02 2026,1512000000,EM_ANDAMENTO,1tg1FoDPeR,fd0fa761
Thu Jan  1 15:47:06 2026,1512500000,EM_ANDAMENTO,G,81ca32e5
Thu Jan  1 15:47:11 2026,1513000000,EM_ANDAMENTO,JQrRfryd,ccfde3a5
Thu Jan  1 15:47:15 2026,1513500000,EM_ANDAMENTO,TTvov,d338a5fd
Thu Jan  1 15:47:19 2026,1514000000,EM_ANDAMENTO,B7Z6kpt7pfH1,78132ad2
Thu Jan  1 15:47:23 2026,1514500000,EM_ANDAMENTO,11FCIkdJxI7D,b5c421b0
Thu Jan  1 15:47:27 2026,1515000000,EM_ANDAMENTO,q4U7RZ,9b27aa87
Thu Jan  1 15:47:32 2026,1515500000,EM_ANDAMENTO,ZKw14uUiAj,9e328818
Thu Jan  1 15:47:36 2026,1516000000,EM_ANDAMENTO,4Xut3rVr4r3,00ffd425
Thu Jan  1 15:47:40 2026,1516500000,EM_ANDAMENTO,HtJ6vl10,f26e5238
Thu Jan  1 15:47:45 2026,1517000000,EM_ANDAMENTO,7,f99079a8
Thu Jan  1 15:47:49 2026,1517500000,EM_ANDAMENTO,iFC,1eeda8b9
Thu Jan  1 15:47:53 2026,1518000000,EM_ANDAMENTO,c9Yf8MwoAzf,b69e8431
Thu Jan  1 15:47:57 2026,1518500000,EM_ANDAMENTO,cVMUpr4Z6V,355bfa53
Thu Jan  1 15:48:02 2026,1519000000,EM_ANDAMENTO,LchEzGSb4,d94d316f
Thu Jan  1 15:48:06 2026,1519500000,EM_ANDAMENTO,NVSGT1pPv,cdc1c553
Thu Jan  1 15:48:10 2026,1520000000,EM_ANDAMENTO,K,58a8694c
Thu Jan  1 15:48:14 2026,1520500000,EM_ANDAMENTO,Z8,fd4d2eb1
Thu Jan  1 15:48:18 2026,1521000000,EM_ANDAMENTO,Yfav,426e707b
Thu Jan  1 15:48:23 2026,1521500000,EM_ANDAMENTO,ApnjLA,e3975445
Thu Jan  1 15:48:27 2026,1522000000,EM_ANDAMENTO,t67vQiPyp,32697d41
Thu Jan  1 15:48:31 2026,1522500000,EM_ANDAMENTO,KVmUJQyuoJ7,f7bf2ac2
Thu Jan  1 15:48:35 2026,1523000000,EM_ANDAMENTO,IybxVNIZ,7597466b
Thu Jan  1 15:48:40 2026,1523500000,EM_ANDAMENTO,HGd8N9iuTQ,75515885
Thu Jan  1 15:48:44 2026,1524000000,EM_ANDAMENTO,NHb0apyGdQ7,28ca28e4
Thu Jan  1 15:48:48 2026,1524500000,EM_ANDAMENTO,QhQ3K,9b62c052
Thu Jan  1 15:48:52 2026,1525000000,EM_ANDAMENTO,7Nn9mgo,9369cfc1
Thu Jan  1 15:48:57 2026,1525500000,EM_ANDAMENTO,NzheNjG,e7e261bf
Thu Jan  1 15:49:01 2026,1526000000,EM_ANDAMENTO,tyiAGbLuNni,2ad4202c
Thu Jan  1 15:49:05 2026,1526500000,EM_ANDAMENTO,Q4z5,162cb6a7
Thu Jan  1 15:49:09 2026,1527000000,EM_ANDAMENTO,deTrzt3,b2abb073
Thu Jan  1 15:49:14 2026,1527500000,EM_ANDAMENTO,fRwrNbKuvzAF,0df50b4c
Thu Jan  1 15:49:18 2026,1528000000,EM_ANDAMENTO,Pnpf,5b46db4c
Thu Jan  1 15:49:22 2026,1528500000,EM_ANDAMENTO,91Nu5,1602840f
Thu Jan  1 15:49:27 2026,1529000000,EM_ANDAMENTO,ffAa4U9gCT,2dabe586
Thu Jan  1 15:49:31 2026,1529500000,EM_ANDAMENTO,3UA,d520a43b
Thu Jan  1 15:49:35 2026,1530000000,EM_ANDAMENTO,zL,cd5c0570
Thu Jan  1 15:49:39 2026,1530500000,EM_ANDAMENTO,ave1fAu,d115acb1
Thu Jan  1 15:49:43 2026,1531000000,EM_ANDAMENTO,l2z1vY4q,93d20a16
Thu Jan  1 15:49:47 2026,1531500000,EM_ANDAMENTO,Pnuybk,d60f8d87
Thu Jan  1 15:49:52 2026,1532000000,EM_ANDAMENTO,DEOqf,0e9cb83d
Thu Jan  1 15:49:56 2026,1532500000,EM_ANDAMENTO,6zN,645fe17a
Thu Jan  1 15:50:00 2026,1533000000,EM_ANDAMENTO,YneqWZGX,76f73b5c
Thu Jan  1 15:50:05 2026,1533500000,EM_ANDAMENTO,T,9dd7847b
Thu Jan  1 15:50:09 2026,1534000000,EM_ANDAMENTO,Eq,5ca570ff
Thu Jan  1 15:50:13 2026,1534500000,EM_ANDAMENTO,NzgAWpXyx,6713e678
Thu Jan  1 15:50:18 2026,1535000000,EM_ANDAMENTO,f4dibU3GZk9h,9f9fcaf2
Thu Jan  1 15:50:22 2026,1535500000,EM_ANDAMENTO,cjxjK,b361c8d0
Thu Jan  1 15:50:26 2026,1536000000,EM_ANDAMENTO,gIm,1dca6776
Thu Jan  1 15:50:31 2026,1536500000,EM_ANDAMENTO,dxPOGOx,3b044d85
Thu Jan  1 15:50:36 2026,1537000000,EM_ANDAMENTO,4zS17x4m,c94ac823
Thu Jan  1 15:50:40 2026,1537500000,EM_ANDAMENTO,Yv,3eef584a
Thu Jan  1 15:50:44 2026,1538000000,EM_ANDAMENTO,SBLCPscvAHgv,beee4b14
Thu Jan  1 15:50:49 2026,1538500000,EM_ANDAMENTO,JvWNgwo92w,98a6662d
Thu Jan  1 15:50:53 2026,1539000000,EM_ANDAMENTO,8DOSCax,5c8d0c06
Thu Jan  1 15:50:57 2026,1539500000,EM_ANDAMENTO,8irIr0i6eZ,01d0534c
Thu Jan  1 15:51:01 2026,1540000000,EM_ANDAMENTO,dDHu,f75ae180
Thu Jan  1 15:51:06 2026,1540500000,EM_ANDAMENTO,Ytx,8ef32562
Thu Jan  1 15:51:10 2026,1541000000,EM_ANDAMENTO,JXEyOQ4y,3826f909
Thu Jan  1 15:51:14 2026,1541500000,EM_ANDAMENTO,vxSRD2BOOF6B,829cf283
Thu Jan  1 15:51:19 2026,1542000000,EM_ANDAMENTO,rBzdcFr,d5b89a04
Thu Jan  1 15:51:23 2026,1542500000,EM_ANDAMENTO,5FKxH,e54f25ae
Thu Jan  1 15:51:27 2026,1543000000,EM_ANDAMENTO,YCOiH,402662db
Thu Jan  1 15:51:31 2026,1543500000,EM_ANDAMENTO,aRPMTtaR4S,1911b090
Thu Jan  1 15:51:36 2026,1544000000,EM_ANDAMENTO,9GxN2hPJno,330276b6
Thu Jan  1 15:51:40 2026,1544500000,EM_ANDAMENTO,LVR,d24c6418
Thu Jan  1 15:51:44 2026,1545000000,EM_ANDAMENTO,dLg1,ef72a0f4
Thu Jan  1 15:51:47 2026,1545500000,EM_ANDAMENTO,VJUh9v,5062de0e
Thu Jan  1 15:51:52 2026,1546000000,EM_ANDAMENTO,Y,5bf27867
Thu Jan  1 15:51:56 2026,1546500000,EM_ANDAMENTO,xyVB,3fd3400e
Thu Jan  1 15:52:00 2026,1547000000,EM_ANDAMENTO,3pdPK3UG4uO,6fef4524
Thu Jan  1 15:52:04 2026,1547500000,EM_ANDAMENTO,HkoXe,44f1eee2
Thu Jan  1 15:52:08 2026,1548000000,EM_ANDAMENTO,Hwdad8,377bf895
Thu Jan  1 15:52:12 2026,1548500000,EM_ANDAMENTO,6A,801e7469
Thu Jan  1 15:52:16 2026,1549000000,EM_ANDAMENTO,eEv,bc9ebdb4
Thu Jan  1 15:52:20 2026,1549500000,EM_ANDAMENTO,WG3CCxAVB,1f22e0a9
Thu Jan  1 15:52:24 2026,1550000000,EM_ANDAMENTO,6sFxzn7xrjwu,5856e653
Thu Jan  1 15:52:30 2026,1550500000,EM_ANDAMENTO,9XlGJC2UZH,2f11ae42
Thu Jan  1 15:52:35 2026,1551000000,EM_ANDAMENTO,DZw7GSKsnPZ,eac1f4f7
Thu Jan  1 15:52:40 2026,1551500000,EM_ANDAMENTO,NC8BgYkBBRkv,f0b87664
Thu Jan  1 15:52:45 2026,1552000000,EM_ANDAMENTO,r9BoRMRLtp,85a2ed59
Thu Jan  1 15:52:50 2026,1552500000,EM_ANDAMENTO,bfnp8K,377acc9b
Thu Jan  1 15:52:54 2026,1553000000,EM_ANDAMENTO,3B,abb42af9
Thu Jan  1 15:53:00 2026,1553500000,EM_ANDAMENTO,fplyE1qYjw,65660bc7
Thu Jan  1 15:53:05 2026,1554000000,EM_ANDAMENTO,FhpVl3gNPn,c7976cb3
Thu Jan  1 15:53:10 2026,1554500000,EM_ANDAMENTO,EpWW5tsco4Q,ab7e20cf
Thu Jan  1 15:53:15 2026,1555000000,EM_ANDAMENTO,3tjc8vQZJGb,ff12b5f0
Thu Jan  1 15:53:20 2026,1555500000,EM_ANDAMENTO,7EWRDqNp,0926508a
Thu Jan  1 15:53:24 2026,1556000000,EM_ANDAMENTO,9Wupjvau,7d830b70
Thu Jan  1 15:53:30 2026,1556500000,EM_ANDAMENTO,5T916oHKKHlH,2dee9631
Thu Jan  1 15:53:36 2026,1557000000,EM_ANDAMENTO,uG9PsKRuj,3689ca87
Thu Jan  1 15:53:41 2026,1557500000,EM_ANDAMENTO,KVaGF55LIJ5m,f654c423
Thu Jan  1 15:53:46 2026,1558000000,EM_ANDAMENTO,alk3,7fdd53dc
Thu Jan  1 15:53:51 2026,1558500000,EM_ANDAMENTO,i,78ac692a
Thu Jan  1 15:53:56 2026,1559000000,EM_ANDAMENTO,9q,56ca2d99
Thu Jan  1 15:54:01 2026,1559500000,EM_ANDAMENTO,B7vwTmrNwK,2aabb5e6
Thu Jan  1 15:54:07 2026,1560000000,EM_ANDAMENTO,U2WwwfgbAha,bdc74c5c
Thu Jan  1 15:54:12 2026,1560500000,EM_ANDAMENTO,7D9Vg78hU,22faa205
Thu Jan  1 15:54:17 2026,1561000000,EM_ANDAMENTO,BqtiIn8SX,41a7cede
Thu Jan  1 15:54:23 2026,1561500000,EM_ANDAMENTO,cM4P,36185063
Thu Jan  1 15:54:27 2026,1562000000,EM_ANDAMENTO,B5uON0gsccn4,9b9cc182
Thu Jan  1 15:54:32 2026,1562500000,EM_ANDAMENTO,nNC1,f1e7d43f
Thu Jan  1 15:54:38 2026,1563000000,EM_ANDAMENTO,aM5BRdDgF,0f144eff
Thu Jan  1 15:54:42 2026,1563500000,EM_ANDAMENTO,h8EaYHakzRZy,b70ba09b
Thu Jan  1 15:54:47 2026,1564000000,EM_ANDAMENTO,dbpMQPR6hE4,303e9aae
Thu Jan  1 15:54:53 2026,1564500000,EM_ANDAMENTO,FsEVJ021,08e30656
Thu Jan  1 15:54:58 2026,1565000000,EM_ANDAMENTO,7siK4,d4c9c105
Thu Jan  1 15:55:04 2026,1565500000,EM_ANDAMENTO,iUlkimWetHB,251931ac
Thu Jan  1 15:55:09 2026,1566000000,EM_ANDAMENTO,F,a2c949bf
Thu Jan  1 15:55:14 2026,1566500000,EM_ANDAMENTO,RK5Y,1a9de86a
Thu Jan  1 15:55:19 2026,1567000000,EM_ANDAMENTO,xFu5w0kvjE,48697b23
Thu Jan  1 15:55:24 2026,1567500000,EM_ANDAMENTO,3Wb61UTbNX,fb1d6921
Thu Jan  1 15:55:29 2026,1568000000,EM_ANDAMENTO,zH4,12ca8676
Thu Jan  1 15:55:34 2026,1568500000,EM_ANDAMENTO,rtHA,b8617e1b
Thu Jan  1 15:55:40 2026,1569000000,EM_ANDAMENTO,MRghoC,457769ae
Thu Jan  1 15:55:45 2026,1569500000,EM_ANDAMENTO,11jWqwtbPp,bff69357
Thu Jan  1 15:55:50 2026,1570000000,EM_ANDAMENTO,eu224,1172bfc3
Thu Jan  1 15:55:55 2026,1570500000,EM_ANDAMENTO,Q1,24f950e9
Thu Jan  1 15:56:00 2026,1571000000,EM_ANDAMENTO,T,9dd7847b
Thu Jan  1 15:56:05 2026,1571500000,EM_ANDAMENTO,d,5943bb0f
Thu Jan  1 15:56:11 2026,1572000000,EM_ANDAMENTO,3Yq,465af91f
Thu Jan  1 15:56:16 2026,1572500000,EM_ANDAMENTO,Y7JEHb11,5dd9ffdd
Thu Jan  1 15:56:21 2026,1573000000,EM_ANDAMENTO,EEntjS,7356664a
Thu Jan  1 15:56:26 2026,1573500000,EM_ANDAMENTO,5fcNvmObjI,bb4ea891
Thu Jan  1 15:56:31 2026,1574000000,EM_ANDAMENTO,HpTz8cm,80c2c434
Thu Jan  1 15:56:36 2026,1574500000,EM_ANDAMENTO,zoe3XWOcG,f59a13eb
Thu Jan  1 15:56:42 2026,1575000000,EM_ANDAMENTO,7xMRHbPb2dRQ,8336a6df
Thu Jan  1 15:56:47 2026,1575500000,EM_ANDAMENTO,vuqsX,4bf4af85
Thu Jan  1 15:56:52 2026,1576000000,EM_ANDAMENTO,M,b969a39b
Thu Jan  1 15:56:57 2026,1576500000,EM_ANDAMENTO,ti5aiQ,9aedc4b0
Thu Jan  1 15:57:07 2026,1577000000,EM_ANDAMENTO,kBtSpbZr4Y7j,c8ab338b
Thu Jan  1 15:57:12 2026,1577500000,EM_ANDAMENTO,03,1136a888
Thu Jan  1 15:57:17 2026,1578000000,EM_ANDAMENTO,i05bmiMgO,06e49bac
Thu Jan  1 15:57:22 2026,1578500000,EM_ANDAMENTO,n7OzUkAoq,9bb8e721
Thu Jan  1 15:57:27 2026,1579000000,EM_ANDAMENTO,3cwEAceDa,05072d95
Thu Jan  1 15:57:32 2026,1579500000,EM_ANDAMENTO,kBI0sEheR,9defe0a7
Thu Jan  1 15:57:37 2026,1580000000,EM_ANDAMENTO,8fasZF,ebd04158
Thu Jan  1 15:57:42 2026,1580500000,EM_ANDAMENTO,Lx,45083ae1
Thu Jan  1 15:57:47 2026,1581000000,EM_ANDAMENTO,OyLb79nSx,3d319003
Thu Jan  1 15:57:52 2026,1581500000,EM_ANDAMENTO,N8lvHG6wkA,f0206810
Thu Jan  1 15:57:57 2026,1582000000,EM_ANDAMENTO,JFj,6db2d2d3
Thu Jan  1 15:58:02 2026,1582500000,EM_ANDAMENTO,ZYOhzCd7,547231d6
Thu Jan  1 15:58:07 2026,1583000000,EM_ANDAMENTO,FhJqtf2JZg2,d36df19e
Thu Jan  1 15:58:13 2026,1583500000,EM_ANDAMENTO,3yO,6f1cadc0
Thu Jan  1 15:58:18 2026,1584000000,EM_ANDAMENTO,bLs4rqGO0YG2,3d8b380e
Thu Jan  1 15:58:23 2026,1584500000,EM_ANDAMENTO,0J,34836f13
Thu Jan  1 15:58:28 2026,1585000000,EM_ANDAMENTO,C5xeM3eUO8xh,2c7533f3
Thu Jan  1 15:58:33 2026,1585500000,EM_ANDAMENTO,h,ed6dba4b
Thu Jan  1 15:58:39 2026,1586000000,EM_ANDAMENTO,RW6N,b0d26f42
Thu Jan  1 15:58:44 2026,1586500000,EM_ANDAMENTO,NZ,348841f8
Thu Jan  1 15:58:49 2026,1587000000,EM_ANDAMENTO,JzdGvePXX,591b7858
Thu Jan  1 15:58:54 2026,1587500000,EM_ANDAMENTO,lf,d99d3a35
Thu Jan  1 15:58:59 2026,1588000000,EM_ANDAMENTO,ZwGRa1q1,22c8a070
Thu Jan  1 15:59:04 2026,1588500000,EM_ANDAMENTO,3USSkqL8XZ,695eacc9
Thu Jan  1 15:59:09 2026,1589000000,EM_ANDAMENTO,qYg4f2o,8baa8142
Thu Jan  1 15:59:14 2026,1589500000,EM_ANDAMENTO,gWAQF,23b120a2
Thu Jan  1 15:59:19 2026,1590000000,EM_ANDAMENTO,eoqIS,73a580ed
Thu Jan  1 15:59:24 2026,1590500000,EM_ANDAMENTO,Pje,a9771b00
Thu Jan  1 15:59:29 2026,1591000000,EM_ANDAMENTO,CPEpc,2a385eb3
Thu Jan  1 15:59:33 2026,1591500000,EM_ANDAMENTO,Shl,d1d6dea7
Thu Jan  1 15:59:37 2026,1592000000,EM_ANDAMENTO,fSi8USs0P,72d4046e
Thu Jan  1 15:59:41 2026,1592500000,EM_ANDAMENTO,8R,aceb5558
Thu Jan  1 15:59:45 2026,1593000000,EM_ANDAMENTO,4hVbK,58d6fb1d
Thu Jan  1 15:59:49 2026,1593500000,EM_ANDAMENTO,HAhQXvECe,6c2011fc
Thu Jan  1 15:59:53 2026,1594000000,EM_ANDAMENTO,WmscHu,f6662128
Thu Jan  1 15:59:57 2026,1594500000,EM_ANDAMENTO,klcdPhlbtpBC,c1b84dfd
Thu Jan  1 16:00:01 2026,1595000000,EM_ANDAMENTO,9tjbeQw4v2qP,a3e5a7c1
Thu Jan  1 16:00:05 2026,1595500000,EM_ANDAMENTO,zDPGkA,6ead2a4f
Thu Jan  1 16:00:10 2026,1596000000,EM_ANDAMENTO,jhs648i1,18a8c9b7
Thu Jan  1 16:00:14 2026,1596500000,EM_ANDAMENTO,U,286668ef
Thu Jan  1 16:00:17 2026,1597000000,EM_ANDAMENTO,r,95434212
Thu Jan  1 16:00:22 2026,1597500000,EM_ANDAMENTO,zeU7KlADM7h,a8a78656
Thu Jan  1 16:00:29 2026,1598000000,EM_ANDAMENTO,T13or,1e317e43
Thu Jan  1 16:00:35 2026,1598500000,EM_ANDAMENTO,iDjuYmcebczL,98ee743a
Thu Jan  1 16:00:40 2026,1599000000,EM_ANDAMENTO,9ugNZUlSNvb,9eaca55d
Thu Jan  1 16:00:45 2026,1599500000,EM_ANDAMENTO,e,bb2b536f
Thu Jan  1 16:00:50 2026,1600000000,EM_ANDAMENTO,CS1YEDRfJ5nj,00996a31
Thu Jan  1 16:00:54 2026,1600500000,EM_ANDAMENTO,Ac3LloS,da1ab4e8
Thu Jan  1 16:00:59 2026,1601000000,EM_ANDAMENTO,ofvQh6,7286364d
Thu Jan  1 16:01:04 2026,1601500000,EM_ANDAMENTO,F00MiGZdYM,92fb5689
Thu Jan  1 16:01:08 2026,1602000000,EM_ANDAMENTO,oMbWYXeig1,acb34921
Thu Jan  1 16:01:13 2026,1602500000,EM_ANDAMENTO,i9Z,bfe6499a
Thu Jan  1 16:01:17 2026,1603000000,EM_ANDAMENTO,fXfQHlxnQnI,9084b7d8
Thu Jan  1 16:01:22 2026,1603500000,EM_ANDAMENTO,lSEFF,2ec19479
Thu Jan  1 16:01:26 2026,1604000000,EM_ANDAMENTO,TX7Yxv,59d62c8f
Thu Jan  1 16:01:38 2026,1604500000,EM_ANDAMENTO,4f4rTCCKW,838c8fce
Thu Jan  1 16:01:45 2026,1605000000,EM_ANDAMENTO,GA3,6437e026
Thu Jan  1 16:01:51 2026,1605500000,EM_ANDAMENTO,RnIOs0Z,421e230f
Thu Jan  1 16:01:57 2026,1606000000,EM_ANDAMENTO,K5AgMGvmR90,fc3c182b
Thu Jan  1 16:02:02 2026,1606500000,EM_ANDAMENTO,fXuz1PwnBST,a8e309e0
Thu Jan  1 16:02:07 2026,1607000000,EM_ANDAMENTO,fG753rxcp,6f668f1d
Thu Jan  1 16:02:12 2026,1607500000,EM_ANDAMENTO,dtHCvcgWjy,c5003c7e
Thu Jan  1 16:02:17 2026,1608000000,EM_ANDAMENTO,y9z,02f5d02e
Thu Jan  1 16:02:22 2026,1608500000,EM_ANDAMENTO,5wJ,13e3d354
Thu Jan  1 16:02:26 2026,1609000000,EM_ANDAMENTO,D69c,555fe333
Thu Jan  1 16:02:31 2026,1609500000,EM_ANDAMENTO,UlYTS,8033ead2
Thu Jan  1 16:02:35 2026,1610000000,EM_ANDAMENTO,1SIs,2ccee9d0
Thu Jan  1 16:02:41 2026,1610500000,EM_ANDAMENTO,p6f2V5Xrew32,c973644d
Thu Jan  1 16:02:45 2026,1611000000,EM_ANDAMENTO,Fi8IFoauZM,47a416a8
Thu Jan  1 16:02:50 2026,1611500000,EM_ANDAMENTO,NxKZyFKHTB1,dca6a8cf
Thu Jan  1 16:02:54 2026,1612000000,EM_ANDAMENTO,eODQbFE6,7c17ae40
Thu Jan  1 16:02:59 2026,1612500000,EM_ANDAMENTO,h9Sx,5cdbe61a
Thu Jan  1 16:03:03 2026,1613000000,EM_ANDAMENTO,zuQacpJ1Z,116c2d86
Thu Jan  1 16:03:07 2026,1613500000,EM_ANDAMENTO,hOF,93ef1b44
Thu Jan  1 16:03:12 2026,1614000000,EM_ANDAMENTO,Ul,a84c3753
Thu Jan  1 16:03:19 2026,1614500000,EM_ANDAMENTO,kBBw3bo,9dcebb76
Thu Jan  1 16:03:26 2026,1615000000,EM_ANDAMENTO,XR,574e37e4
Thu Jan  1 16:03:34 2026,1615500000,EM_ANDAMENTO,J,5efe2fba
Thu Jan  1 16:03:41 2026,1616000000,EM_ANDAMENTO,bDrQU,5dc86af4
Thu Jan  1 16:03:49 2026,1616500000,EM_ANDAMENTO,Tp7l8qZ,250053ba
Thu Jan  1 16:03:56 2026,1617000000,EM_ANDAMENTO,4lXmUJlzw,ea237e69
Thu Jan  1 16:04:03 2026,1617500000,EM_ANDAMENTO,gJMxcCJm47e,ace6e8f1
Thu Jan  1 16:04:10 2026,1618000000,EM_ANDAMENTO,b4w,38c5aef1
Thu Jan  1 16:04:17 2026,1618500000,EM_ANDAMENTO,g1dId,06aada29
Thu Jan  1 16:04:25 2026,1619000000,EM_ANDAMENTO,3wAp9tUB,baefc9bc
Thu Jan  1 16:04:32 2026,1619500000,EM_ANDAMENTO,Pu,a4b6dbcb
Thu Jan  1 16:04:40 2026,1620000000,EM_ANDAMENTO,GG1S,3af89a2f
Thu Jan  1 16:04:47 2026,1620500000,EM_ANDAMENTO,q1NDVZJoaA,66222411
Thu Jan  1 16:04:55 2026,1621000000,EM_ANDAMENTO,cN,fd362656
Thu Jan  1 16:05:02 2026,1621500000,EM_ANDAMENTO,quOZIhJM,318628e4
Thu Jan  1 16:05:09 2026,1622000000,EM_ANDAMENTO,9,d8ef0690
Thu Jan  1 16:05:17 2026,1622500000,EM_ANDAMENTO,9LCcI,b83419f8
Thu Jan  1 16:05:24 2026,1623000000,EM_ANDAMENTO,aThiBPB,63a8feb5
Thu Jan  1 16:05:31 2026,1623500000,EM_ANDAMENTO,QsTBe,346f8a72
Thu Jan  1 16:05:38 2026,1624000000,EM_ANDAMENTO,R4V,12937bfa
Thu Jan  1 16:05:46 2026,1624500000,EM_ANDAMENTO,G,81ca32e5
Thu Jan  1 16:05:54 2026,1625000000,EM_ANDAMENTO,20,3105a268
Thu Jan  1 16:06:00 2026,1625500000,EM_ANDAMENTO,mXsYw8wQGVG,535b0fd9
Thu Jan  1 16:06:08 2026,1626000000,EM_ANDAMENTO,vGjJHTs,4edfdaac
Thu Jan  1 16:06:15 2026,1626500000,EM_ANDAMENTO,uGm,fc8d2987
Thu Jan  1 16:06:22 2026,1627000000,EM_ANDAMENTO,7LJcF,3bdf22da
Thu Jan  1 16:06:29 2026,1627500000,EM_ANDAMENTO,hqzwAUyw78x2,498839a9
Thu Jan  1 16:06:37 2026,1628000000,EM_ANDAMENTO,69MXdYzHEF,d835864d
Thu Jan  1 16:06:44 2026,1628500000,EM_ANDAMENTO,UdXkozO,2a526a8c
Thu Jan  1 16:06:51 2026,1629000000,EM_ANDAMENTO,2hnwg,c9261121
Thu Jan  1 16:06:58 2026,1629500000,EM_ANDAMENTO,i38iP,88f43d88
Thu Jan  1 16:07:02 2026,1630000000,EM_ANDAMENTO,cdC5Ax8gCiH,f7173201
Thu Jan  1 16:07:07 2026,1630500000,EM_ANDAMENTO,GztS8LZWmcg,f98fef46
Thu Jan  1 16:07:12 2026,1631000000,EM_ANDAMENTO,aG,b4d23fb7
Thu Jan  1 16:07:16 2026,1631500000,EM_ANDAMENTO,e6,7a8a5a89
Thu Jan  1 16:07:20 2026,1632000000,EM_ANDAMENTO,aVekwk,c754c1f5
Thu Jan  1 16:07:25 2026,1632500000,EM_ANDAMENTO,boObjceIzh,707179eb
Thu Jan  1 16:07:29 2026,1633000000,EM_ANDAMENTO,JLIeLjzvUWOK,bd21ec43
Thu Jan  1 16:07:33 2026,1633500000,EM_ANDAMENTO,0ouT,9a83c2c0
Thu Jan  1 16:07:37 2026,1634000000,EM_ANDAMENTO,LJ,d3715d42
Thu Jan  1 16:07:41 2026,1634500000,EM_ANDAMENTO,HDGUO3lQ,35be33a0
Thu Jan  1 16:07:43 2026,1635000000,EM_ANDAMENTO,mnlHX2gr,b8e3bf52
Thu Jan  1 16:07:45 2026,1635500000,EM_ANDAMENTO,aYJudNFo,c25c278a
Thu Jan  1 16:07:48 2026,1636000000,EM_ANDAMENTO,1ZkW,d4a906a4
Thu Jan  1 16:07:50 2026,1636500000,EM_ANDAMENTO,IPLhDSx2VyW,8c314821
Thu Jan  1 16:07:52 2026,1637000000,EM_ANDAMENTO,SO,c0397ed6
Thu Jan  1 16:07:54 2026,1637500000,EM_ANDAMENTO,ZpBrTLqe,7389792d
Thu Jan  1 16:07:56 2026,1638000000,EM_ANDAMENTO,JH5pUFYpU2UV,c71d059a
Thu Jan  1 16:07:57 2026,1638500000,EM_ANDAMENTO,l8Dmh0O,90ce281a
Thu Jan  1 16:07:59 2026,1639000000,EM_ANDAMENTO,dS7Dz5LSx,5fd3dddb
Thu Jan  1 16:08:01 2026,1639500000,EM_ANDAMENTO,Uf,c774dcd9
Thu Jan  1 16:08:03 2026,1640000000,EM_ANDAMENTO,6n8vc,e8ce5911
Thu Jan  1 16:08:05 2026,1640500000,EM_ANDAMENTO,3Nb6xFSJ1,e80120ad
Thu Jan  1 16:08:07 2026,1641000000,EM_ANDAMENTO,RiRFRix,f48a8f97
Thu Jan  1 16:08:09 2026,1641500000,EM_ANDAMENTO,WNZcZNJKO,c8f86a57
Thu Jan  1 16:08:11 2026,1642000000,EM_ANDAMENTO,qlA,8864c450
Thu Jan  1 16:08:13 2026,1642500000,EM_ANDAMENTO,hohPo,5e0acf58
Thu Jan  1 16:08:15 2026,1643000000,EM_ANDAMENTO,xJLYHRBC1lcK,bbe9b6d2
Thu Jan  1 16:08:17 2026,1643500000,EM_ANDAMENTO,gloDJ7DN,e5629671
Thu Jan  1 16:08:19 2026,1644000000,EM_ANDAMENTO,x3qS9euwM3,3cb93828
Thu Jan  1 16:08:21 2026,1644500000,EM_ANDAMENTO,O,4ac61591
Thu Jan  1 16:08:23 2026,1645000000,EM_ANDAMENTO,O92JQRTOeL,8dcb968f
Thu Jan  1 16:08:25 2026,1645500000,EM_ANDAMENTO,k,ac20c833
Thu Jan  1 16:08:27 2026,1646000000,EM_ANDAMENTO,Xx,26990b72
Thu Jan  1 16:08:29 2026,1646500000,EM_ANDAMENTO,l,5238d98f
Thu Jan  1 16:08:31 2026,1647000000,EM_ANDAMENTO,KLe9,ae790303
Thu Jan  1 16:08:32 2026,1647500000,EM_ANDAMENTO,mdEhFosbJ,46f3c151
Thu Jan  1 16:08:34 2026,1648000000,EM_ANDAMENTO,NActFLI1VOr,fac67599
Thu Jan  1 16:08:36 2026,1648500000,EM_ANDAMENTO,dbY,ebd36c44
Thu Jan  1 16:08:38 2026,1649000000,EM_ANDAMENTO,hmJaIvz3B,c81f348a
Thu Jan  1 16:08:40 2026,1649500000,EM_ANDAMENTO,zMXRTG7,a8f9fea0
Thu Jan  1 16:08:42 2026,1650000000,EM_ANDAMENTO,B3Z,f2b6de26
Thu Jan  1 16:08:44 2026,1650500000,EM_ANDAMENTO,y,4cccd98d
Thu Jan  1 16:08:46 2026,1651000000,EM_ANDAMENTO,aA3LuY8ppZ,b06f44d1
Thu Jan  1 16:08:48 2026,1651500000,EM_ANDAMENTO,RZ5cohMsmj,598b93bb
Thu Jan  1 16:08:50 2026,1652000000,EM_ANDAMENTO,nsJ,d772d844
Thu Jan  1 16:08:52 2026,1652500000,EM_ANDAMENTO,hMfrVf,3c215e79
Thu Jan  1 16:08:54 2026,1653000000,EM_ANDAMENTO,U5O4MroSMYa,fd9ff358
Thu Jan  1 16:08:56 2026,1653500000,EM_ANDAMENTO,0IbrhjFmf,efa63703
Thu Jan  1 16:08:58 2026,1654000000,EM_ANDAMENTO,EiH4OauX,964cbe97
Thu Jan  1 16:08:59 2026,1654500000,EM_ANDAMENTO,eb0ZFxnuhf,53aa8c46
Thu Jan  1 16:09:01 2026,1655000000,EM_ANDAMENTO,RweU5D6l7G,b99d93a7
Thu Jan  1 16:09:03 2026,1655500000,EM_ANDAMENTO,4ZitLDNK,d071bc67
Thu Jan  1 16:09:05 2026,1656000000,EM_ANDAMENTO,9CeDoQZ1,6b197a2a
Thu Jan  1 16:09:07 2026,1656500000,EM_ANDAMENTO,7wzSH22W12,a2e1fd5b
Thu Jan  1 16:09:09 2026,1657000000,EM_ANDAMENTO,4GW,32ee26e1
Thu Jan  1 16:09:11 2026,1657500000,EM_ANDAMENTO,LzpZ9Co,5b880a6f
Thu Jan  1 16:09:13 2026,1658000000,EM_ANDAMENTO,9NCH5JzyRQin,9786929f
Thu Jan  1 16:09:15 2026,1658500000,EM_ANDAMENTO,hB7eAZPYx,e15462b3
Thu Jan  1 16:09:17 2026,1659000000,EM_ANDAMENTO,got,5ed0a2a7
Thu Jan  1 16:09:19 2026,1659500000,EM_ANDAMENTO,o6,27a4df21
Thu Jan  1 16:09:21 2026,1660000000,EM_ANDAMENTO,CIcZ,c74ef075
Thu Jan  1 16:09:23 2026,1660500000,EM_ANDAMENTO,v,904f2f17
Thu Jan  1 16:09:25 2026,1661000000,EM_ANDAMENTO,C3zZr8iaF,9dc8f14f
Thu Jan  1 16:09:27 2026,1661500000,EM_ANDAMENTO,efE,873e2046
Thu Jan  1 16:09:29 2026,1662000000,EM_ANDAMENTO,N2c88rW3q,4b2573e3
Thu Jan  1 16:09:31 2026,1662500000,EM_ANDAMENTO,R,613edcc8
Thu Jan  1 16:09:33 2026,1663000000,EM_ANDAMENTO,oPg,8f606235
Thu Jan  1 16:09:34 2026,1663500000,EM_ANDAMENTO,6C,de8b6a25
Thu Jan  1 16:09:36 2026,1664000000,EM_ANDAMENTO,4WfBfPSlH4,f1a5d529
Thu Jan  1 16:09:38 2026,1664500000,EM_ANDAMENTO,UqXykQnI,5aa21456
Thu Jan  1 16:09:40 2026,1665000000,EM_ANDAMENTO,K,58a8694c
Thu Jan  1 16:09:42 2026,1665500000,EM_ANDAMENTO,gNwQqeu,5610e6ba
Thu Jan  1 16:09:44 2026,1666000000,EM_ANDAMENTO,chkqTF5,c12b58e2
Thu Jan  1 16:09:46 2026,1666500000,EM_ANDAMENTO,9IwLRir2N5f,d1d98512
Thu Jan  1 16:09:48 2026,1667000000,EM_ANDAMENTO,4WKEv,75efbccd
Thu Jan  1 16:09:50 2026,1667500000,EM_ANDAMENTO,NgKHByJ,83744309
Thu Jan  1 16:09:52 2026,1668000000,EM_ANDAMENTO,4qoMH,8af5df1c
Thu Jan  1 16:09:54 2026,1668500000,EM_ANDAMENTO,Bw,eb0444b4
Thu Jan  1 16:09:56 2026,1669000000,EM_ANDAMENTO,4kP76kuqxwY,d1d12c8c
Thu Jan  1 16:09:58 2026,1669500000,EM_ANDAMENTO,2zzPCE3fm,a43b6113
Thu Jan  1 16:10:00 2026,1670000000,EM_ANDAMENTO,cqXVy,735a2f65
Thu Jan  1 16:10:02 2026,1670500000,EM_ANDAMENTO,09D46229s1,a5580f62
Thu Jan  1 16:10:04 2026,1671000000,EM_ANDAMENTO,9BA,d99f5fe5
Thu Jan  1 16:10:06 2026,1671500000,EM_ANDAMENTO,K0Oo,d8311185
Thu Jan  1 16:10:08 2026,1672000000,EM_ANDAMENTO,hmsEBjlmm,d81d2b9b
Thu Jan  1 16:10:10 2026,1672500000,EM_ANDAMENTO,v2BRuFq,11982d09
Thu Jan  1 16:10:12 2026,1673000000,EM_ANDAMENTO,W5,38e430b1
Thu Jan  1 16:10:14 2026,1673500000,EM_ANDAMENTO,1JSbzgFleQ,1dcb7a3b
Thu Jan  1 16:10:16 2026,1674000000,EM_ANDAMENTO,tJKFI,8cb20e95
Thu Jan  1 16:10:18 2026,1674500000,EM_ANDAMENTO,TUOOhCeaMF2,191f8c00
Thu Jan  1 16:10:19 2026,1675000000,EM_ANDAMENTO,Q4I,64a39982
Thu Jan  1 16:10:21 2026,1675500000,EM_ANDAMENTO,TToy0,d2cfe2e4
Thu Jan  1 16:10:23 2026,1676000000,EM_ANDAMENTO,MbcM,cf0cbf2f
Thu Jan  1 16:10:25 2026,1676500000,EM_ANDAMENTO,uV8ii6vitP,7728109c
Thu Jan  1 16:10:27 2026,1677000000,EM_ANDAMENTO,iAk3n7QI7,cd23c30d
Thu Jan  1 16:10:29 2026,1677500000,EM_ANDAMENTO,SB,fbcc5603
Thu Jan  1 16:10:31 2026,1678000000,EM_ANDAMENTO,OGf,c2b86700
Thu Jan  1 16:10:33 2026,1678500000,EM_ANDAMENTO,D,f0695584
Thu Jan  1 16:10:35 2026,1679000000,EM_ANDAMENTO,XcgH,48406a93
Thu Jan  1 16:10:37 2026,1679500000,EM_ANDAMENTO,VNL1PrfgGSt,e720609f
Thu Jan  1 16:10:39 2026,1680000000,EM_ANDAMENTO,DHUE,4dc58d3a
Thu Jan  1 16:10:41 2026,1680500000,EM_ANDAMENTO,nHe,20d18035
Thu Jan  1 16:10:43 2026,1681000000,EM_ANDAMENTO,MWrI4I3z,e163473c
Thu Jan  1 16:10:45 2026,1681500000,EM_ANDAMENTO,eppnt5gv,6b13c3ec
Thu Jan  1 16:10:47 2026,1682000000,EM_ANDAMENTO,czYm,7b7a626c
Thu Jan  1 16:10:49 2026,1682500000,EM_ANDAMENTO,J9QLoAJeQ4,f3976a61
Thu Jan  1 16:10:51 2026,1683000000,EM_ANDAMENTO,mRiXb,064c2b95
Thu Jan  1 16:10:52 2026,1683500000,EM_ANDAMENTO,NQ,9d946c7f
Thu Jan  1 16:10:54 2026,1684000000,EM_ANDAMENTO,I9L,bd10ec68
Thu Jan  1 16:10:56 2026,1684500000,EM_ANDAMENTO,YCSl1RdxHC,3e1dda09
Thu Jan  1 16:10:58 2026,1685000000,EM_ANDAMENTO,HX1Lr6,8df0cadb
Thu Jan  1 16:11:00 2026,1685500000,EM_ANDAMENTO,m3GbT1byi,112572db
Thu Jan  1 16:11:02 2026,1686000000,EM_ANDAMENTO,4S,efbdb4b8
Thu Jan  1 16:11:04 2026,1686500000,EM_ANDAMENTO,hpR,f1c85848
Thu Jan  1 16:11:06 2026,1687000000,EM_ANDAMENTO,HLCQo64pWjbD,2961bd81
Thu Jan  1 16:11:08 2026,1687500000,EM_ANDAMENTO,qHnvTpjZv,28069465
Thu Jan  1 16:11:10 2026,1688000000,EM_ANDAMENTO,vAFGD9UHE,1978a970
Thu Jan  1 16:11:12 2026,1688500000,EM_ANDAMENTO,ApzqHaPJd,bb032f72
Thu Jan  1 16:11:14 2026,1689000000,EM_ANDAMENTO,B0luVJh23C,a9c54b64
Thu Jan  1 16:11:16 2026,1689500000,EM_ANDAMENTO,jiRb,a7359009
Thu Jan  1 16:11:18 2026,1690000000,EM_ANDAMENTO,W8,d1cd272d
Thu Jan  1 16:11:20 2026,1690500000,EM_ANDAMENTO,Q9,957ddf58
Thu Jan  1 16:11:22 2026,1691000000,EM_ANDAMENTO,gpa1,db629916
Thu Jan  1 16:11:23 2026,1691500000,EM_ANDAMENTO,XF,6a671b19
Thu Jan  1 16:11:25 2026,1692000000,EM_ANDAMENTO,ho4,b0d49495
Thu Jan  1 16:11:27 2026,1692500000,EM_ANDAMENTO,Ykc1,82c1df73
Thu Jan  1 16:11:29 2026,1693000000,EM_ANDAMENTO,ejErJ,f59d1ecb
Thu Jan  1 16:11:31 2026,1693500000,EM_ANDAMENTO,f,2c6c3bcd
Thu Jan  1 16:11:33 2026,1694000000,EM_ANDAMENTO,HwL,a612a792
Thu Jan  1 16:11:35 2026,1694500000,EM_ANDAMENTO,5KjSvxdE4Kdo,327724ce
Thu Jan  1 16:11:37 2026,1695000000,EM_ANDAMENTO,Po,454fa698
Thu Jan  1 16:11:39 2026,1695500000,EM_ANDAMENTO,Jrz,06e2e720
Thu Jan  1 16:11:41 2026,1696000000,EM_ANDAMENTO,n,68f8ea7d
Thu Jan  1 16:11:43 2026,1696500000,EM_ANDAMENTO,KXp,ca0d7d8f
Thu Jan  1 16:11:45 2026,1697000000,EM_ANDAMENTO,MzgDBnP,9cdf1f3e
Thu Jan  1 16:11:47 2026,1697500000,EM_ANDAMENTO,7iK98TLS7Oi,df895750
Thu Jan  1 16:11:49 2026,1698000000,EM_ANDAMENTO,RzlC,d517401e
Thu Jan  1 16:11:51 2026,1698500000,EM_ANDAMENTO,dDhLZXalB,e543dcf0
Thu Jan  1 16:11:52 2026,1699000000,EM_ANDAMENTO,qp,aebedf88
Thu Jan  1 16:11:54 2026,1699500000,EM_ANDAMENTO,4SmhvQJZ05,a69ff1f7
Thu Jan  1 16:11:56 2026,1700000000,EM_ANDAMENTO,A6PbfK6kVssA,b96575c7
Thu Jan  1 16:11:58 2026,1700500000,EM_ANDAMENTO,KMPTD9,21acc776
Thu Jan  1 16:12:00 2026,1701000000,EM_ANDAMENTO,hrLUEtSBI,3000fab8
Thu Jan  1 16:12:02 2026,1701500000,EM_ANDAMENTO,l,5238d98f
Thu Jan  1 16:12:04 2026,1702000000,EM_ANDAMENTO,LxTaPJ,742d69fd
Thu Jan  1 16:12:06 2026,1702500000,EM_ANDAMENTO,Pz,017f702c
Thu Jan  1 16:12:08 2026,1703000000,EM_ANDAMENTO,Ekq,3cfaf1a8
Thu Jan  1 16:12:10 2026,1703500000,EM_ANDAMENTO,Qy31t1DhJq,9f2eb86f
Thu Jan  1 16:12:12 2026,1704000000,EM_ANDAMENTO,O7lO28ar,d7d5bd13
Thu Jan  1 16:12:14 2026,1704500000,EM_ANDAMENTO,E,9e677faf
Thu Jan  1 16:12:16 2026,1705000000,EM_ANDAMENTO,Z7gFOZ8,36895bc5
Thu Jan  1 16:12:18 2026,1705500000,EM_ANDAMENTO,jDrO0ejwXi,6b369274
Thu Jan  1 16:12:19 2026,1706000000,EM_ANDAMENTO,BJ8UbEYRCEH,292e3938
Thu Jan  1 16:12:21 2026,1706500000,EM_ANDAMENTO,NoxcxiQY,6c47e56a
Thu Jan  1 16:12:23 2026,1707000000,EM_ANDAMENTO,Civ68,a917bcf8
Thu Jan  1 16:12:25 2026,1707500000,EM_ANDAMENTO,A0PcZ,35e3fedc
Thu Jan  1 16:12:27 2026,1708000000,EM_ANDAMENTO,vbf11N3DqZ,ab118b1c
Thu Jan  1 16:12:29 2026,1708500000,EM_ANDAMENTO,fMjGl6Vg,c7dd7716
Thu Jan  1 16:12:31 2026,1709000000,EM_ANDAMENTO,HmXm,dd187454
Thu Jan  1 16:12:33 2026,1709500000,EM_ANDAMENTO,CSbZsVkXM,424fe6a1
Thu Jan  1 16:12:35 2026,1710000000,EM_ANDAMENTO,7ra,77b0702e
Thu Jan  1 16:12:37 2026,1710500000,EM_ANDAMENTO,bP,35bccd16
Thu Jan  1 16:12:39 2026,1711000000,EM_ANDAMENTO,7MoB4,790881f2
Thu Jan  1 16:12:41 2026,1711500000,EM_ANDAMENTO,F,a2c949bf
Thu Jan  1 16:12:43 2026,1712000000,EM_ANDAMENTO,4k1ac,d58c7267
Thu Jan  1 16:12:45 2026,1712500000,EM_ANDAMENTO,TCoS6,08961cd1
Thu Jan  1 16:12:47 2026,1713000000,EM_ANDAMENTO,dYaQcCWOvy2,38fb40c1
Thu Jan  1 16:12:49 2026,1713500000,EM_ANDAMENTO,iNKdCImLGgNE,cb81cc87
Thu Jan  1 16:12:50 2026,1714000000,EM_ANDAMENTO,3yJqMQc,6e5b1762
Thu Jan  1 16:12:52 2026,1714500000,EM_ANDAMENTO,v,904f2f17
Thu Jan  1 16:12:54 2026,1715000000,EM_ANDAMENTO,nTcH0,d2e38989
Thu Jan  1 16:12:56 2026,1715500000,EM_ANDAMENTO,reE,e44ac5b4
Thu Jan  1 16:12:58 2026,1716000000,EM_ANDAMENTO,nde,86762b78
Thu Jan  1 16:13:00 2026,1716500000,EM_ANDAMENTO,6,21d93093
Thu Jan  1 16:13:02 2026,1717000000,EM_ANDAMENTO,28fbm,f63e7f63
Thu Jan  1 16:13:04 2026,1717500000,EM_ANDAMENTO,36c,1eb56f8e
Thu Jan  1 16:13:06 2026,1718000000,EM_ANDAMENTO,D7L,ebc0e6a7
Thu Jan  1 16:13:08 2026,1718500000,EM_ANDAMENTO,n,68f8ea7d
Thu Jan  1 16:13:10 2026,1719000000,EM_ANDAMENTO,RWxFaFvqvbW,a4deab6e
Thu Jan  1 16:13:12 2026,1719500000,EM_ANDAMENTO,jHi,8964ca20
Thu Jan  1 16:13:14 2026,1720000000,EM_ANDAMENTO,HJv,87b74dfc
Thu Jan  1 16:13:16 2026,1720500000,EM_ANDAMENTO,kSkiFYzamX,7144a1a3
Thu Jan  1 16:13:18 2026,1721000000,EM_ANDAMENTO,vIO,6583da0a
Thu Jan  1 16:13:20 2026,1721500000,EM_ANDAMENTO,IwPK6OhyfJh,c19744a7
Thu Jan  1 16:13:22 2026,1722000000,EM_ANDAMENTO,lnkr3cs9Iwk,30d03eb1
Thu Jan  1 16:13:24 2026,1722500000,EM_ANDAMENTO,tmzD,e2a7fc54
Thu Jan  1 16:13:26 2026,1723000000,EM_ANDAMENTO,O,4ac61591
Thu Jan  1 16:13:27 2026,1723500000,EM_ANDAMENTO,XPLwEkZzuiOI,830176cb
Thu Jan  1 16:13:29 2026,1724000000,EM_ANDAMENTO,NIk,96853f07
Thu Jan  1 16:13:31 2026,1724500000,EM_ANDAMENTO,KtAaCck,46907d9a
Thu Jan  1 16:13:33 2026,1725000000,EM_ANDAMENTO,9BFmuqP2Fm,aba5b43b
Thu Jan  1 16:13:35 2026,1725500000,EM_ANDAMENTO,roXC,49241b98
Thu Jan  1 16:13:37 2026,1726000000,EM_ANDAMENTO,e56Iz2Cv6,cae4dd52
Thu Jan  1 16:13:39 2026,1726500000,EM_ANDAMENTO,hOYrf,4a237959
Thu Jan  1 16:13:41 2026,1727000000,EM_ANDAMENTO,mmf2OEjim3x,c073634a
Thu Jan  1 16:13:43 2026,1727500000,EM_ANDAMENTO,iC3I,320626e2
Thu Jan  1 16:13:45 2026,1728000000,EM_ANDAMENTO,CoaWLJ,1b8e06d3
Thu Jan  1 16:13:47 2026,1728500000,EM_ANDAMENTO,BFy,ac811e5a
Thu Jan  1 16:13:49 2026,1729000000,EM_ANDAMENTO,cD,4ac474e7
Thu Jan  1 16:13:50 2026,1729500000,EM_ANDAMENTO,MA0Zd,6136d5b9
Thu Jan  1 16:13:52 2026,1730000000,EM_ANDAMENTO,mBgEr5It,0a4004ad
Thu Jan  1 16:13:54 2026,1730500000,EM_ANDAMENTO,dSCed6lT2F0,8fa26138
Thu Jan  1 16:13:56 2026,1731000000,EM_ANDAMENTO,BT0sSNc7CWd,7e5e27c5
Thu Jan  1 16:13:58 2026,1731500000,EM_ANDAMENTO,8zq,73e31adb
Thu Jan  1 16:14:00 2026,1732000000,EM_ANDAMENTO,8Xc,993a43cf
Thu Jan  1 16:14:02 2026,1732500000,EM_ANDAMENTO,qNj7pLrw4Q,9cade79d
Thu Jan  1 16:14:04 2026,1733000000,EM_ANDAMENTO,48czf,81ef107a
Thu Jan  1 16:14:06 2026,1733500000,EM_ANDAMENTO,UqG2WO,572f4c0a
Thu Jan  1 16:14:08 2026,1734000000,EM_ANDAMENTO,SlBEj5x,174ce65f
Thu Jan  1 16:14:10 2026,1734500000,EM_ANDAMENTO,NivoF7,afa8be27
Thu Jan  1 16:14:12 2026,1735000000,EM_ANDAMENTO,4UQql,b9af00ed
Thu Jan  1 16:14:14 2026,1735500000,EM_ANDAMENTO,C9Jxj5J3P,d3e69e18
Thu Jan  1 16:14:16 2026,1736000000,EM_ANDAMENTO,HJYafLizFz,ffe4729d
Thu Jan  1 16:14:18 2026,1736500000,EM_ANDAMENTO,5LT3Rk8Hw,f18ed623
Thu Jan  1 16:14:19 2026,1737000000,EM_ANDAMENTO,w,1e332829
Thu Jan  1 16:14:21 2026,1737500000,EM_ANDAMENTO,4OT06qFj0GW,db3c0a6b
Thu Jan  1 16:14:23 2026,1738000000,EM_ANDAMENTO,VLh4W,8e925248
Thu Jan  1 16:14:25 2026,1738500000,EM_ANDAMENTO,1DCO,6f688ea5
Thu Jan  1 16:14:27 2026,1739000000,EM_ANDAMENTO,guwP,84616aec
Thu Jan  1 16:14:29 2026,1739500000,EM_ANDAMENTO,KKAcYjSP6a,daaf7e1d
Thu Jan  1 16:14:31 2026,1740000000,EM_ANDAMENTO,gbMB8RAaA3DC,6d7a1a43
Thu Jan  1 16:14:33 2026,1740500000,EM_ANDAMENTO,RNC,07bfb299
Thu Jan  1 16:14:35 2026,1741000000,EM_ANDAMENTO,e,bb2b536f
Thu Jan  1 16:14:37 2026,1741500000,EM_ANDAMENTO,FCTtjE4SVB8,6207ad7c
Thu Jan  1 16:14:39 2026,1742000000,EM_ANDAMENTO,Xq7aicK5ty3,55dd77e4
Thu Jan  1 16:14:41 2026,1742500000,EM_ANDAMENTO,SfAcon,3317aebc
Thu Jan  1 16:14:43 2026,1743000000,EM_ANDAMENTO,uz,5e365cb1
Thu Jan  1 16:14:44 2026,1743500000,EM_ANDAMENTO,bLsUgVnaJ7,38779a42
Thu Jan  1 16:14:46 2026,1744000000,EM_ANDAMENTO,42,604ed977
Thu Jan  1 16:14:48 2026,1744500000,EM_ANDAMENTO,vvGgR,de1d0e25
Thu Jan  1 16:14:50 2026,1745000000,EM_ANDAMENTO,9qjlWJ5v,90c52a0a
Thu Jan  1 16:14:52 2026,1745500000,EM_ANDAMENTO,N,9e1bfdab
Thu Jan  1 16:14:54 2026,1746000000,EM_ANDAMENTO,zet,16d857c4
Thu Jan  1 16:14:56 2026,1746500000,EM_ANDAMENTO,xg4oql,7d112bab
Thu Jan  1 16:14:58 2026,1747000000,EM_ANDAMENTO,06saDls8rOYj,9a818420
Thu Jan  1 16:15:00 2026,1747500000,EM_ANDAMENTO,6xU0,f3e3c050
Thu Jan  1 16:15:02 2026,1748000000,EM_ANDAMENTO,9EnHrKDyEcUb,a5afa671
Thu Jan  1 16:15:04 2026,1748500000,EM_ANDAMENTO,t7B5EuXfh,b53eaf2a
Thu Jan  1 16:15:06 2026,1749000000,EM_ANDAMENTO,ReH3,608e0a5c
Thu Jan  1 16:15:08 2026,1749500000,EM_ANDAMENTO,nglTps0,cb9a0b1a
Thu Jan  1 16:15:10 2026,1750000000,EM_ANDAMENTO,6u1E,270c3597
Thu Jan  1 16:15:12 2026,1750500000,EM_ANDAMENTO,BMNdgsEY,f32fc2ba
Thu Jan  1 16:15:14 2026,1751000000,EM_ANDAMENTO,u,4aed0987
Thu Jan  1 16:15:16 2026,1751500000,EM_ANDAMENTO,PdRZPX49X,f3e2d93e
Thu Jan  1 16:15:18 2026,1752000000,EM_ANDAMENTO,WmPzCBK,caaebc57
Thu Jan  1 16:15:20 2026,1752500000,EM_ANDAMENTO,QOtlXtC2n,93048616
Thu Jan  1 16:15:22 2026,1753000000,EM_ANDAMENTO,oJRnAIJX7,c0125145
Thu Jan  1 16:15:23 2026,1753500000,EM_ANDAMENTO,KiUgQIHQLS,8d58db29
Thu Jan  1 16:15:25 2026,1754000000,EM_ANDAMENTO,cbtHu,21d93854
Thu Jan  1 16:15:27 2026,1754500000,EM_ANDAMENTO,yQz,bc7196da
Thu Jan  1 16:15:29 2026,1755000000,EM_ANDAMENTO,hbk,e6f871c6
Thu Jan  1 16:15:31 2026,1755500000,EM_ANDAMENTO,5,b485d77f
Thu Jan  1 16:15:33 2026,1756000000,EM_ANDAMENTO,PwU,7076a5fe
Thu Jan  1 16:15:35 2026,1756500000,EM_ANDAMENTO,icRcIpjED,66156474
Thu Jan  1 16:15:37 2026,1757000000,EM_ANDAMENTO,C,2e9587f4
Thu Jan  1 16:15:39 2026,1757500000,EM_ANDAMENTO,2vU8Wfk99jU,5101e2b5
Thu Jan  1 16:15:41 2026,1758000000,EM_ANDAMENTO,8,cac75ec7
Thu Jan  1 16:15:43 2026,1758500000,EM_ANDAMENTO,jxn,1e3e9ce5
Thu Jan  1 16:15:44 2026,1759000000,EM_ANDAMENTO,08oZ,28a75670
Thu Jan  1 16:15:46 2026,1759500000,EM_ANDAMENTO,BKqCNkKE1,8a782078
Thu Jan  1 16:15:48 2026,1760000000,EM_ANDAMENTO,IR3fk2Iv,90fc0ba3
Thu Jan  1 16:15:50 2026,1760500000,EM_ANDAMENTO,ssNvtDgGc0T5,6aee7f3a
Thu Jan  1 16:15:52 2026,1761000000,EM_ANDAMENTO,9Hh4Irkh,59e75835
Thu Jan  1 16:15:54 2026,1761500000,EM_ANDAMENTO,WZ7,483cac73
Thu Jan  1 16:15:56 2026,1762000000,EM_ANDAMENTO,ab,3590d7cf
Thu Jan  1 16:15:58 2026,1762500000,EM_ANDAMENTO,zM,bc73f941
Thu Jan  1 16:16:00 2026,1763000000,EM_ANDAMENTO,vY4miL7,87c45024
Thu Jan  1 16:16:02 2026,1763500000,EM_ANDAMENTO,cBmUaf,eb9b0a71
Thu Jan  1 16:16:04 2026,1764000000,EM_ANDAMENTO,KOCu6ZDinEW,992a47bb
Thu Jan  1 16:16:05 2026,1764500000,EM_ANDAMENTO,6W27yz,2aa2e7ee
Thu Jan  1 16:16:07 2026,1765000000,EM_ANDAMENTO,t0VCg,6e28e4df
Thu Jan  1 16:16:08 2026,1765500000,EM_ANDAMENTO,yUmW,87eb84ff
Thu Jan  1 16:16:10 2026,1766000000,EM_ANDAMENTO,2uwX6zKjaFF,56441457
Thu Jan  1 16:16:12 2026,1766500000,EM_ANDAMENTO,6zQSUqp,5f28ac7b
Thu Jan  1 16:16:13 2026,1767000000,EM_ANDAMENTO,X,a378c3f6
Thu Jan  1 16:16:15 2026,1767500000,EM_ANDAMENTO,gFLIkndoy,3fc3e64b
Thu Jan  1 16:16:17 2026,1768000000,EM_ANDAMENTO,E5t7yfxI,a89b13c0
Thu Jan  1 16:16:18 2026,1768500000,EM_ANDAMENTO,CG,17199561
Thu Jan  1 16:16:20 2026,1769000000,EM_ANDAMENTO,fhotKN0Yd,d3be83e9
Thu Jan  1 16:16:22 2026,1769500000,EM_ANDAMENTO,Ibuvg,c1c5c9e8
Thu Jan  1 16:16:23 2026,1770000000,EM_ANDAMENTO,oDVQvpE,7e3620cc
Thu Jan  1 16:16:25 2026,1770500000,EM_ANDAMENTO,Sg,8100d916
Thu Jan  1 16:16:27 2026,1771000000,EM_ANDAMENTO,cPl9aU5yQA,a1e13521
Thu Jan  1 16:16:29 2026,1771500000,EM_ANDAMENTO,K0k,8650a52c
Thu Jan  1 16:16:30 2026,1772000000,EM_ANDAMENTO,C,2e9587f4
Thu Jan  1 16:16:32 2026,1772500000,EM_ANDAMENTO,0nuR,2fd07133
Thu Jan  1 16:16:34 2026,1773000000,EM_ANDAMENTO,9DpVUv9KFGo,ea55b5b7
Thu Jan  1 16:16:36 2026,1773500000,EM_ANDAMENTO,GZPBOpWcf,4ddbb14a
Thu Jan  1 16:16:37 2026,1774000000,EM_ANDAMENTO,EU,55d4eaaa
Thu Jan  1 16:16:39 2026,1774500000,EM_ANDAMENTO,n,68f8ea7d
Thu Jan  1 16:16:40 2026,1775000000,EM_ANDAMENTO,x7biRhA,b4fe5094
Thu Jan  1 16:16:42 2026,1775500000,EM_ANDAMENTO,YR3pyUziSOS,3059772a
Thu Jan  1 16:16:44 2026,1776000000,EM_ANDAMENTO,ksKCsJ,1589fbbc
Thu Jan  1 16:16:45 2026,1776500000,EM_ANDAMENTO,oS8RiqlmvQhj,2cbfd7d8
Thu Jan  1 16:16:47 2026,1777000000,EM_ANDAMENTO,55,45b23690
Thu Jan  1 16:16:49 2026,1777500000,EM_ANDAMENTO,X,a378c3f6
Thu Jan  1 16:16:50 2026,1778000000,EM_ANDAMENTO,Htx5V,db63a501
Thu Jan  1 16:16:52 2026,1778500000,EM_ANDAMENTO,HpcyP4Os5k,eec85ed8
Thu Jan  1 16:16:53 2026,1779000000,EM_ANDAMENTO,ATYHTjQC,786446e1
Thu Jan  1 16:16:55 2026,1779500000,EM_ANDAMENTO,MRmAv1CNTL,bd3b4173
Thu Jan  1 16:16:56 2026,1780000000,EM_ANDAMENTO,bxQ9Uuf,09a8928f
Thu Jan  1 16:16:58 2026,1780500000,EM_ANDAMENTO,18668uWZA,1d7dbfad
Thu Jan  1 16:17:00 2026,1781000000,EM_ANDAMENTO,Uq,29f8d972
Thu Jan  1 16:17:02 2026,1781500000,EM_ANDAMENTO,hB,261a4a84
Thu Jan  1 16:17:03 2026,1782000000,EM_ANDAMENTO,u,4aed0987
Thu Jan  1 16:17:06 2026,1782500000,EM_ANDAMENTO,1vyv9KLV,bd59f438
Thu Jan  1 16:17:08 2026,1783000000,EM_ANDAMENTO,GygKBSim,4cf82198
Thu Jan  1 16:17:10 2026,1783500000,EM_ANDAMENTO,YGGTBIEy,3ad76c25
Thu Jan  1 16:17:12 2026,1784000000,EM_ANDAMENTO,9Oxzum,fb3518de
Thu Jan  1 16:17:14 2026,1784500000,EM_ANDAMENTO,uBppy,10a29ea8
Thu Jan  1 16:17:17 2026,1785000000,EM_ANDAMENTO,HNf73rs7rV,f5096c31
Thu Jan  1 16:17:19 2026,1785500000,EM_ANDAMENTO,C,2e9587f4
Thu Jan  1 16:17:21 2026,1786000000,EM_ANDAMENTO,Mg,6c82b627
Thu Jan  1 16:17:23 2026,1786500000,EM_ANDAMENTO,PbqLoMj0I9,e7569875
Thu Jan  1 16:17:25 2026,1787000000,EM_ANDAMENTO,PEdlMfe,446e00b2
Thu Jan  1 16:17:27 2026,1787500000,EM_ANDAMENTO,Qw70UHT1r,14289b01
Thu Jan  1 16:17:29 2026,1788000000,EM_ANDAMENTO,A,a5ba3aee
Thu Jan  1 16:17:31 2026,1788500000,EM_ANDAMENTO,pUvXbFp5y49s,6fa7a6cc
Thu Jan  1 16:17:33 2026,1789000000,EM_ANDAMENTO,YgLoxNekQ,b86d2982
Thu Jan  1 16:17:35 2026,1789500000,EM_ANDAMENTO,YbhOWJ9i2,bc7bf0ae
Thu Jan  1 16:17:37 2026,1790000000,EM_ANDAMENTO,J,5efe2fba
Thu Jan  1 16:17:40 2026,1790500000,EM_ANDAMENTO,cG0,2a148e3d
Thu Jan  1 16:17:42 2026,1791000000,EM_ANDAMENTO,N,9e1bfdab
Thu Jan  1 16:17:44 2026,1791500000,EM_ANDAMENTO,4,f7275a1e
Thu Jan  1 16:17:46 2026,1792000000,EM_ANDAMENTO,DeiOOEkluQM,06d7125c
Thu Jan  1 16:17:48 2026,1792500000,EM_ANDAMENTO,tWFC,985f884e
Thu Jan  1 16:17:50 2026,1793000000,EM_ANDAMENTO,t5rUq6GM,6c67464d
Thu Jan  1 16:17:52 2026,1793500000,EM_ANDAMENTO,ClERGXyRkeRJ,d764c0e8
Thu Jan  1 16:17:54 2026,1794000000,EM_ANDAMENTO,oxcZNXGgdGT,81292a7b
Thu Jan  1 16:17:56 2026,1794500000,EM_ANDAMENTO,YZRQ8,0f1dfa40
Thu Jan  1 16:17:58 2026,1795000000,EM_ANDAMENTO,LUl2JGlv7cM,cf39ae0b
Thu Jan  1 16:18:00 2026,1795500000,EM_ANDAMENTO,st5EQD9VW,dfa467d3
Thu Jan  1 16:18:02 2026,1796000000,EM_ANDAMENTO,6I,7e2939d8
Thu Jan  1 16:18:04 2026,1796500000,EM_ANDAMENTO,2I,9280ee8d
Thu Jan  1 16:18:06 2026,1797000000,EM_ANDAMENTO,h3F,44833e30
Thu Jan  1 16:18:08 2026,1797500000,EM_ANDAMENTO,clOmuG,55d4d7d6
Thu Jan  1 16:18:10 2026,1798000000,EM_ANDAMENTO,qvinjs,0b11ee45
Thu Jan  1 16:18:11 2026,1798500000,EM_ANDAMENTO,AR2,b5c8a2a1
Thu Jan  1 16:18:13 2026,1799000000,EM_ANDAMENTO,9HMT0bl1rgVB,b3eb4b06
Thu Jan  1 16:18:15 2026,1799500000,EM_ANDAMENTO,Yq,a5728eba
Thu Jan  1 16:18:17 2026,1800000000,EM_ANDAMENTO,c,a5c1009b
Thu Jan  1 16:18:20 2026,1800500000,EM_ANDAMENTO,AEw68Hqe,a09bff35
Thu Jan  1 16:18:22 2026,1801000000,EM_ANDAMENTO,WFxtH4f0cPV,b87ba877
Thu Jan  1 16:18:24 2026,1801500000,EM_ANDAMENTO,rUX,c40bf205
Thu Jan  1 16:18:26 2026,1802000000,EM_ANDAMENTO,3wfu,4e3c0214
Thu Jan  1 16:18:28 2026,1802500000,EM_ANDAMENTO,S1Fone9Abij,58a6e90e
Thu Jan  1 16:18:30 2026,1803000000,EM_ANDAMENTO,s,bc5ac4a3
Thu Jan  1 16:18:32 2026,1803500000,EM_ANDAMENTO,8Cm8r51P,2b3279c5
Thu Jan  1 16:18:34 2026,1804000000,EM_ANDAMENTO,L,73706247
Thu Jan  1 16:18:36 2026,1804500000,EM_ANDAMENTO,dGRYDIBYo,7dba53b0
Thu Jan  1 16:18:38 2026,1805000000,EM_ANDAMENTO,msaa4r0CJFB,0c5b5e59
Thu Jan  1 16:18:41 2026,1805500000,EM_ANDAMENTO,8zbpqafqV4,59d13dfb
Thu Jan  1 16:18:43 2026,1806000000,EM_ANDAMENTO,7pCM,3d692db9
Thu Jan  1 16:18:45 2026,1806500000,EM_ANDAMENTO,WO,0da2d496
Thu Jan  1 16:18:47 2026,1807000000,EM_ANDAMENTO,vCIM,04e7ce15
Thu Jan  1 16:18:49 2026,1807500000,EM_ANDAMENTO,XBoR,1d96333b
Thu Jan  1 16:18:52 2026,1808000000,EM_ANDAMENTO,yXXdxa,805d7e3f
Thu Jan  1 16:18:54 2026,1808500000,EM_ANDAMENTO,DZFqVn,9d2bf184
Thu Jan  1 16:18:56 2026,1809000000,EM_ANDAMENTO,bROfixqxzm,3a22ef51
Thu Jan  1 16:18:58 2026,1809500000,EM_ANDAMENTO,hiK08YQcZL,95c6e5a8
Thu Jan  1 16:19:00 2026,1810000000,EM_ANDAMENTO,n,68f8ea7d
Thu Jan  1 16:19:02 2026,1810500000,EM_ANDAMENTO,UTApURRv2B,7201478c
Thu Jan  1 16:19:04 2026,1811000000,EM_ANDAMENTO,kxqbpEw,10568f49
Thu Jan  1 16:19:06 2026,1811500000,EM_ANDAMENTO,ccknfzv,f7da7185
Thu Jan  1 16:19:08 2026,1812000000,EM_ANDAMENTO,EeMArka9,419aa7e7
Thu Jan  1 16:19:10 2026,1812500000,EM_ANDAMENTO,VYeoDZF95gb,8b19a795
Thu Jan  1 16:19:13 2026,1813000000,EM_ANDAMENTO,fLDb7pm,a19ea75b
Thu Jan  1 16:19:15 2026,1813500000,EM_ANDAMENTO,l2xzA,d04519ec
Thu Jan  1 16:19:17 2026,1814000000,EM_ANDAMENTO,c5hku01J,14079398
Thu Jan  1 16:19:19 2026,1814500000,EM_ANDAMENTO,q8SDJ6,b88f0a87
Thu Jan  1 16:19:21 2026,1815000000,EM_ANDAMENTO,QLU,dacf23e4
Thu Jan  1 16:19:23 2026,1815500000,EM_ANDAMENTO,oDC,d8f98fec
Thu Jan  1 16:19:25 2026,1816000000,EM_ANDAMENTO,2loAqNOCGMIc,3aff0461
Thu Jan  1 16:19:27 2026,1816500000,EM_ANDAMENTO,TQtt1mP,f88893d3
Thu Jan  1 16:19:29 2026,1817000000,EM_ANDAMENTO,SWZ4kZm,cce72bf2
Thu Jan  1 16:19:31 2026,1817500000,EM_ANDAMENTO,zWr,a31e3f35
Thu Jan  1 16:19:33 2026,1818000000,EM_ANDAMENTO,GUV,d21bd83a
Thu Jan  1 16:19:35 2026,1818500000,EM_ANDAMENTO,5UtxNZy6Pn1x,3f56be9b
Thu Jan  1 16:19:38 2026,1819000000,EM_ANDAMENTO,Kznl4lB,5fb985d7
Thu Jan  1 16:19:40 2026,1819500000,EM_ANDAMENTO,wbxSL,87af4c19
Thu Jan  1 16:19:42 2026,1820000000,EM_ANDAMENTO,M,b969a39b
Thu Jan  1 16:19:44 2026,1820500000,EM_ANDAMENTO,KH,bfda093e
Thu Jan  1 16:19:46 2026,1821000000,EM_ANDAMENTO,BmMXD,23b1cf6d
Thu Jan  1 16:19:48 2026,1821500000,EM_ANDAMENTO,4,f7275a1e
Thu Jan  1 16:19:50 2026,1822000000,EM_ANDAMENTO,RYyOHDs,eb99cbc9
Thu Jan  1 16:19:52 2026,1822500000,EM_ANDAMENTO,lHeeo,d4188fb0
Thu Jan  1 16:19:55 2026,1823000000,EM_ANDAMENTO,kN7qr7,5aa5e036
Thu Jan  1 16:19:57 2026,1823500000,EM_ANDAMENTO,nyi6aErUY,b8e91cb7
Thu Jan  1 16:19:59 2026,1824000000,EM_ANDAMENTO,1w,c937d957
Thu Jan  1 16:20:01 2026,1824500000,EM_ANDAMENTO,hZ,a0b2f1e7
Thu Jan  1 16:20:04 2026,1825000000,EM_ANDAMENTO,pmDuv,f19821c5
Thu Jan  1 16:20:05 2026,1825500000,EM_ANDAMENTO,3ehV,1007a06f
Thu Jan  1 16:20:07 2026,1826000000,EM_ANDAMENTO,Mb9YQ,301aed7b
Thu Jan  1 16:20:09 2026,1826500000,EM_ANDAMENTO,EK3TJ6,28eee75d
Thu Jan  1 16:20:11 2026,1827000000,EM_ANDAMENTO,T4I8g4rQ7X,9ed2f18a
Thu Jan  1 16:20:13 2026,1827500000,EM_ANDAMENTO,cYucrsDG,6235a0b2
Thu Jan  1 16:20:15 2026,1828000000,EM_ANDAMENTO,ojRdqeMZTcbw,57b24603
Thu Jan  1 16:20:17 2026,1828500000,EM_ANDAMENTO,zBkdClDuIK,875cbbeb
Thu Jan  1 16:20:19 2026,1829000000,EM_ANDAMENTO,vuXuq51EuFIG,25c37798
Thu Jan  1 16:20:21 2026,1829500000,EM_ANDAMENTO,tX529Xbru,61bcd6a9
Thu Jan  1 16:20:23 2026,1830000000,EM_ANDAMENTO,RNYwu52KPa,2572b1a8
Thu Jan  1 16:20:25 2026,1830500000,EM_ANDAMENTO,3fGFw,bc72d72e
Thu Jan  1 16:20:27 2026,1831000000,EM_ANDAMENTO,fPIfp59dNC,6713a794
Thu Jan  1 16:20:29 2026,1831500000,EM_ANDAMENTO,nUq7g9C,0ea24086
Thu Jan  1 16:20:31 2026,1832000000,EM_ANDAMENTO,PcXx0,670f250e
Thu Jan  1 16:20:33 2026,1832500000,EM_ANDAMENTO,qzY,a644d0f8
Thu Jan  1 16:20:36 2026,1833000000,EM_ANDAMENTO,KBeO8,2b67c978
Thu Jan  1 16:20:38 2026,1833500000,EM_ANDAMENTO,M1Y0lkG,8c321ddc
Thu Jan  1 16:20:40 2026,1834000000,EM_ANDAMENTO,LT,59a9230d
Thu Jan  1 16:20:42 2026,1834500000,EM_ANDAMENTO,6v,4d82ce82
Thu Jan  1 16:20:44 2026,1835000000,EM_ANDAMENTO,9B,6fd18c66
Thu Jan  1 16:20:47 2026,1835500000,EM_ANDAMENTO,g8n5,ce7ccc2a
Thu Jan  1 16:20:49 2026,1836000000,EM_ANDAMENTO,F770Qn1,2dd5848d
Thu Jan  1 16:20:51 2026,1836500000,EM_ANDAMENTO,I,9264d438
Thu Jan  1 16:20:53 2026,1837000000,EM_ANDAMENTO,1OdKCY4ngTW,ca10adae
Thu Jan  1 16:20:55 2026,1837500000,EM_ANDAMENTO,AgXRGopr,4d1be27a
Thu Jan  1 16:20:57 2026,1838000000,EM_ANDAMENTO,gF,0a85f97d
Thu Jan  1 16:20:59 2026,1838500000,EM_ANDAMENTO,yL4dp,4cbb5a3a
Thu Jan  1 16:21:01 2026,1839000000,EM_ANDAMENTO,cSJFONKnoQ0N,94513da7
Thu Jan  1 16:21:03 2026,1839500000,EM_ANDAMENTO,QCA,df2b1773
Thu Jan  1 16:21:05 2026,1840000000,EM_ANDAMENTO,wyDMghBBX0,a6af0d33
Thu Jan  1 16:21:07 2026,1840500000,EM_ANDAMENTO,U9bQ6PD,f254e6af
Thu Jan  1 16:21:09 2026,1841000000,EM_ANDAMENTO,K4FRu,fe08c3de
Thu Jan  1 16:21:11 2026,1841500000,EM_ANDAMENTO,F8hT6,3c82ef15
Thu Jan  1 16:21:13 2026,1842000000,EM_ANDAMENTO,4QDNExCOG,1f1d8acd
Thu Jan  1 16:21:15 2026,1842500000,EM_ANDAMENTO,T,9dd7847b
Thu Jan  1 16:21:17 2026,1843000000,EM_ANDAMENTO,bZMoG,f045ec78
Thu Jan  1 16:21:19 2026,1843500000,EM_ANDAMENTO,thGmWCr9,45bce2f3
Thu Jan  1 16:21:21 2026,1844000000,EM_ANDAMENTO,4BmN5BM,4585776a
Thu Jan  1 16:21:23 2026,1844500000,EM_ANDAMENTO,O,4ac61591
Thu Jan  1 16:21:26 2026,1845000000,EM_ANDAMENTO,v6,abda8926
Thu Jan  1 16:21:28 2026,1845500000,EM_ANDAMENTO,XCGbWtzxvS,f4e57e5e
Thu Jan  1 16:21:30 2026,1846000000,EM_ANDAMENTO,3djqi3T,6a3c5fe9
Thu Jan  1 16:21:33 2026,1846500000,EM_ANDAMENTO,ym,e7c36544
Thu Jan  1 16:21:35 2026,1847000000,EM_ANDAMENTO,aaMWX,39cf5387
Thu Jan  1 16:21:37 2026,1847500000,EM_ANDAMENTO,Bgzh3r43g,adbe94da
Thu Jan  1 16:21:39 2026,1848000000,EM_ANDAMENTO,eWm,ebe0cf0d
Thu Jan  1 16:21:41 2026,1848500000,EM_ANDAMENTO,icQa7pzk,bb0fa117
Thu Jan  1 16:21:43 2026,1849000000,EM_ANDAMENTO,ga8GQByHR,f0c999d0
Thu Jan  1 16:21:45 2026,1849500000,EM_ANDAMENTO,TnuvzacZtT,20073488
Thu Jan  1 16:21:47 2026,1850000000,EM_ANDAMENTO,GQ4ZFul,95bb2708
Thu Jan  1 16:21:49 2026,1850500000,EM_ANDAMENTO,mRJ,480d7f59
Thu Jan  1 16:21:51 2026,1851000000,EM_ANDAMENTO,pL,9fdef8a1
Thu Jan  1 16:21:53 2026,1851500000,EM_ANDAMENTO,rKzXbNmoRcxG,5ba9c547
Thu Jan  1 16:21:55 2026,1852000000,EM_ANDAMENTO,rZ4DN,bd3f6564
Thu Jan  1 16:21:57 2026,1852500000,EM_ANDAMENTO,iu,cd276caa
Thu Jan  1 16:21:59 2026,1853000000,EM_ANDAMENTO,Mbjn,78be4928
Thu Jan  1 16:22:01 2026,1853500000,EM_ANDAMENTO,rV9INWj9FESc,fcf34135
Thu Jan  1 16:22:03 2026,1854000000,EM_ANDAMENTO,kBoJRWinsA,f85f5e31
Thu Jan  1 16:22:04 2026,1854500000,EM_ANDAMENTO,JQm9BgXp,8c04aea5
Thu Jan  1 16:22:06 2026,1855000000,EM_ANDAMENTO,2o8cPT,2b784518
Thu Jan  1 16:22:08 2026,1855500000,EM_ANDAMENTO,u,4aed0987
Thu Jan  1 16:22:10 2026,1856000000,EM_ANDAMENTO,zFl,bae2ef30
Thu Jan  1 16:22:14 2026,1856500000,EM_ANDAMENTO,FNrpJSWxVy,6d99a583
Thu Jan  1 16:22:16 2026,1857000000,EM_ANDAMENTO,Rou2N,5a8f520f
Thu Jan  1 16:22:18 2026,1857500000,EM_ANDAMENTO,v38cUMlSBBFn,7f94a450
Thu Jan  1 16:22:21 2026,1858000000,EM_ANDAMENTO,qmC8NeJSw,6ceaeca6
Thu Jan  1 16:22:23 2026,1858500000,EM_ANDAMENTO,3x8,0b9efac6
Thu Jan  1 16:22:25 2026,1859000000,EM_ANDAMENTO,XL,b81cdb0a
Thu Jan  1 16:22:28 2026,1859500000,EM_ANDAMENTO,y8Pilm,f48e0f96
Thu Jan  1 16:22:30 2026,1860000000,EM_ANDAMENTO,8Xa4nPjuzd35,80f0aafd
Thu Jan  1 16:22:32 2026,1860500000,EM_ANDAMENTO,l0,962fa61c
Thu Jan  1 16:22:34 2026,1861000000,EM_ANDAMENTO,dcDlKRX0,4b6f1074
Thu Jan  1 16:22:36 2026,1861500000,EM_ANDAMENTO,Xlu,70d46f20
Thu Jan  1 16:22:38 2026,1862000000,EM_ANDAMENTO,Sr3BYmpa,c8311da6
Thu Jan  1 16:22:40 2026,1862500000,EM_ANDAMENTO,0TmDyhNq,467d6264
Thu Jan  1 16:22:42 2026,1863000000,EM_ANDAMENTO,XhRq,86211a52
Thu Jan  1 16:22:44 2026,1863500000,EM_ANDAMENTO,4sr,0900bc40
Thu Jan  1 16:22:46 2026,1864000000,EM_ANDAMENTO,Il,b9c7f68e
Thu Jan  1 16:22:48 2026,1864500000,EM_ANDAMENTO,ZPA,d09138ad
Thu Jan  1 16:22:50 2026,1865000000,EM_ANDAMENTO,w2eXA21J3x,e8099cb2
Thu Jan  1 16:22:52 2026,1865500000,EM_ANDAMENTO,XHA5x9ieg1,1412fa38
Thu Jan  1 16:22:54 2026,1866000000,EM_ANDAMENTO,phW,ef0579f6
Thu Jan  1 16:22:56 2026,1866500000,EM_ANDAMENTO,8prbDrsp,3f123c93
Thu Jan  1 16:22:58 2026,1867000000,EM_ANDAMENTO,3904uAS,88ce9ba6
Thu Jan  1 16:23:00 2026,1867500000,EM_ANDAMENTO,3WSwsVTW,54d4bc3f
Thu Jan  1 16:23:02 2026,1868000000,EM_ANDAMENTO,NXOFst,482f1dd8
Thu Jan  1 16:23:04 2026,1868500000,EM_ANDAMENTO,uDNGk,28a43e7d
Thu Jan  1 16:23:06 2026,1869000000,EM_ANDAMENTO,GjqCJVSc,3ff7a7b8
Thu Jan  1 16:23:08 2026,1869500000,EM_ANDAMENTO,hQJ2,e058f603
Thu Jan  1 16:23:10 2026,1870000000,EM_ANDAMENTO,7etu8kcNVG,869e9290
Thu Jan  1 16:23:12 2026,1870500000,EM_ANDAMENTO,j,60e284f4
Thu Jan  1 16:23:14 2026,1871000000,EM_ANDAMENTO,Qy3LhpLsyF3P,c8cea0cc
Thu Jan  1 16:23:16 2026,1871500000,EM_ANDAMENTO,dDQQVxuF,a00f9e5d
Thu Jan  1 16:23:18 2026,1872000000,EM_ANDAMENTO,pob,df75c4fa
Thu Jan  1 16:23:20 2026,1872500000,EM_ANDAMENTO,65nvp,326a43bc
Thu Jan  1 16:23:22 2026,1873000000,EM_ANDAMENTO,L8S,9085d18e
Thu Jan  1 16:23:24 2026,1873500000,EM_ANDAMENTO,44lFsXoAo,1f685cf0
Thu Jan  1 16:23:26 2026,1874000000,EM_ANDAMENTO,qBUPL9SqL,30039790
Thu Jan  1 16:23:28 2026,1874500000,EM_ANDAMENTO,W8aRRHfwc,d2bb2dfa
Thu Jan  1 16:23:30 2026,1875000000,EM_ANDAMENTO,jC,11329729
Thu Jan  1 16:23:32 2026,1875500000,EM_ANDAMENTO,xjZAZrB,3bb008b3
Thu Jan  1 16:23:34 2026,1876000000,EM_ANDAMENTO,ZWSo23U7,557c9a0a
Thu Jan  1 16:23:36 2026,1876500000,EM_ANDAMENTO,pMw1VyyY2,23283976
Thu Jan  1 16:23:38 2026,1877000000,EM_ANDAMENTO,a0DAL5Vf,29eedbed
Thu Jan  1 16:23:40 2026,1877500000,EM_ANDAMENTO,C5fv,8cfc45ea
Thu Jan  1 16:23:42 2026,1878000000,EM_ANDAMENTO,uyJSGkPMHa7,aa615a6e
Thu Jan  1 16:23:44 2026,1878500000,EM_ANDAMENTO,pZKVmq,3328938d
Thu Jan  1 16:23:46 2026,1879000000,EM_ANDAMENTO,QCoKHIuf,51d70a1b
Thu Jan  1 16:23:48 2026,1879500000,EM_ANDAMENTO,M8Qv,5574c57f
Thu Jan  1 16:23:50 2026,1880000000,EM_ANDAMENTO,CsJhurB8l6XL,d704231a
Thu Jan  1 16:23:52 2026,1880500000,EM_ANDAMENTO,Yc5PlaXyOxmu,34c3698a
Thu Jan  1 16:23:54 2026,1881000000,EM_ANDAMENTO,Ze8uXuD,a3a10269
Thu Jan  1 16:23:56 2026,1881500000,EM_ANDAMENTO,ZZXVgD,1519c4ce
Thu Jan  1 16:23:58 2026,1882000000,EM_ANDAMENTO,uoRXlS,2395c1d3
Thu Jan  1 16:24:00 2026,1882500000,EM_ANDAMENTO,8tgCBls6Q2ll,299c2e79
Thu Jan  1 16:24:02 2026,1883000000,EM_ANDAMENTO,NM,d3c40f57
Thu Jan  1 16:24:04 2026,1883500000,EM_ANDAMENTO,grWY,00c269ac
Thu Jan  1 16:24:06 2026,1884000000,EM_ANDAMENTO,U41,bbf2b229
Thu Jan  1 16:24:08 2026,1884500000,EM_ANDAMENTO,jiA6rEc1,ece00d86
Thu Jan  1 16:24:10 2026,1885000000,EM_ANDAMENTO,vFsg,0b7b167a
Thu Jan  1 16:24:12 2026,1885500000,EM_ANDAMENTO,mSoM4uiewcMW,e522d3b2
Thu Jan  1 16:24:14 2026,1886000000,EM_ANDAMENTO,7W,4b053c41
Thu Jan  1 16:24:16 2026,1886500000,EM_ANDAMENTO,iwnJim,3a5c5cfc
Thu Jan  1 16:24:18 2026,1887000000,EM_ANDAMENTO,HQBIng1,e85ecb05
Thu Jan  1 16:24:20 2026,1887500000,EM_ANDAMENTO,AGiwQ,63dffa99
Thu Jan  1 16:24:22 2026,1888000000,EM_ANDAMENTO,5uWzm9PTwq,5b12a2e7
Thu Jan  1 16:24:24 2026,1888500000,EM_ANDAMENTO,UMDh,4b71f8f2
Thu Jan  1 16:24:26 2026,1889000000,EM_ANDAMENTO,iluI,62077588
Thu Jan  1 16:24:28 2026,1889500000,EM_ANDAMENTO,8fvlCn30w,3e0e8c47
Thu Jan  1 16:24:30 2026,1890000000,EM_ANDAMENTO,IKGYr35yZ,3d11dd0e
Thu Jan  1 16:24:32 2026,1890500000,EM_ANDAMENTO,JZx73,f4a56e28
Thu Jan  1 16:24:34 2026,1891000000,EM_ANDAMENTO,UP49,dd86e763
Thu Jan  1 16:24:36 2026,1891500000,EM_ANDAMENTO,l147F,d1887051
Thu Jan  1 16:24:38 2026,1892000000,EM_ANDAMENTO,NzZAE,cfdf6917
Thu Jan  1 16:24:40 2026,1892500000,EM_ANDAMENTO,8xHtrE,eb7d536b
Thu Jan  1 16:24:42 2026,1893000000,EM_ANDAMENTO,5DPwc,6effabbb
Thu Jan  1 16:24:44 2026,1893500000,EM_ANDAMENTO,205bxEZliJX,7f0cac8a
Thu Jan  1 16:24:46 2026,1894000000,EM_ANDAMENTO,Qv,9ffcc04c
Thu Jan  1 16:24:48 2026,1894500000,EM_ANDAMENTO,EHQ2Nb,fac7d733
Thu Jan  1 16:24:50 2026,1895000000,EM_ANDAMENTO,40FnUFo3,2c7e0438
Thu Jan  1 16:24:52 2026,1895500000,EM_ANDAMENTO,k,ac20c833
Thu Jan  1 16:24:54 2026,1896000000,EM_ANDAMENTO,TPruL,75f73c05
Thu Jan  1 16:24:56 2026,1896500000,EM_ANDAMENTO,hv68FRGyA011,36c0e82d
Thu Jan  1 16:24:58 2026,1897000000,EM_ANDAMENTO,H,db72f8cc
Thu Jan  1 16:25:00 2026,1897500000,EM_ANDAMENTO,xaj,381ae03f
Thu Jan  1 16:25:02 2026,1898000000,EM_ANDAMENTO,jjgn36ZsJo,c916aaee
Thu Jan  1 16:25:04 2026,1898500000,EM_ANDAMENTO,PdW2Z5CWBJiZ,801d9a7e
Thu Jan  1 16:25:06 2026,1899000000,EM_ANDAMENTO,cqtx1,f35f2e6a
Thu Jan  1 16:25:08 2026,1899500000,EM_ANDAMENTO,tkOk8,b81b7c95
Thu Jan  1 16:25:10 2026,1900000000,EM_ANDAMENTO,Nku6nV,661f4d7a
Thu Jan  1 16:25:12 2026,1900500000,EM_ANDAMENTO,Ig9WK6ypNYLL,21dc9c53
Thu Jan  1 16:25:14 2026,1901000000,EM_ANDAMENTO,FR,8ce6bd75
Thu Jan  1 16:25:16 2026,1901500000,EM_ANDAMENTO,G20rYSk,cdaffb7b
Thu Jan  1 16:25:18 2026,1902000000,EM_ANDAMENTO,LXh4DXq,95cfc6c0
Thu Jan  1 16:25:20 2026,1902500000,EM_ANDAMENTO,3FvKfUPunwOU,f64187c7
Thu Jan  1 16:25:22 2026,1903000000,EM_ANDAMENTO,c1ccp,c6b920df
Thu Jan  1 16:25:24 2026,1903500000,EM_ANDAMENTO,PJg,572bf182
Thu Jan  1 16:25:26 2026,1904000000,EM_ANDAMENTO,IGzPx,111364e5
Thu Jan  1 16:25:28 2026,1904500000,EM_ANDAMENTO,8EX1,5f3dbc91
Thu Jan  1 16:25:30 2026,1905000000,EM_ANDAMENTO,FG0aYYwx,44e8a567
Thu Jan  1 16:25:32 2026,1905500000,EM_ANDAMENTO,dka7tBv8Hm,383bdd5a
Thu Jan  1 16:25:34 2026,1906000000,EM_ANDAMENTO,pa0cLAJU,f4615a87
Thu Jan  1 16:25:36 2026,1906500000,EM_ANDAMENTO,kK6ubC,e1a6c39d
Thu Jan  1 16:25:38 2026,1907000000,EM_ANDAMENTO,zMQ16iwmvBn,179169c1
Thu Jan  1 16:25:40 2026,1907500000,EM_ANDAMENTO,BTWfJ5wIsM,df690517
Thu Jan  1 16:25:42 2026,1908000000,EM_ANDAMENTO,K65sxbcWG,a1284ee1
Thu Jan  1 16:25:44 2026,1908500000,EM_ANDAMENTO,QENNu,b87bf811
Thu Jan  1 16:25:46 2026,1909000000,EM_ANDAMENTO,i0,d429855d
Thu Jan  1 16:25:48 2026,1909500000,EM_ANDAMENTO,oJ10jF6,19756c23
Thu Jan  1 16:25:50 2026,1910000000,EM_ANDAMENTO,H1d4D,1a94123a
Thu Jan  1 16:25:52 2026,1910500000,EM_ANDAMENTO,Rz,2d49698c
Thu Jan  1 16:25:54 2026,1911000000,EM_ANDAMENTO,o03N1IXGoa,aba2901f
Thu Jan  1 16:25:56 2026,1911500000,EM_ANDAMENTO,zGySJytTJb,65c25737
Thu Jan  1 16:25:58 2026,1912000000,EM_ANDAMENTO,56Gg6w,39874e39
Thu Jan  1 16:26:00 2026,1912500000,EM_ANDAMENTO,iK,0e84d3b9
Thu Jan  1 16:26:02 2026,1913000000,EM_ANDAMENTO,Q87fTd,67dd3aac
Thu Jan  1 16:26:04 2026,1913500000,EM_ANDAMENTO,fsU2,0d600f7a
Thu Jan  1 16:26:06 2026,1914000000,EM_ANDAMENTO,8WSneVew3FC,62455eaa
Thu Jan  1 16:26:08 2026,1914500000,EM_ANDAMENTO,EbQgjA,590ba597
Thu Jan  1 16:26:10 2026,1915000000,EM_ANDAMENTO,yz51digB,525fbcdc
Thu Jan  1 16:26:12 2026,1915500000,EM_ANDAMENTO,V4vz,94281532
Thu Jan  1 16:26:14 2026,1916000000,EM_ANDAMENTO,JzMQPlz2vIWw,b46a337e
Thu Jan  1 16:26:16 2026,1916500000,EM_ANDAMENTO,tGCFAHhDr97,cd2e4fd7
Thu Jan  1 16:26:18 2026,1917000000,EM_ANDAMENTO,hTwvCDt,7c632d10
Thu Jan  1 16:26:20 2026,1917500000,EM_ANDAMENTO,96oKG1jdRlUv,3b9651ff
Thu Jan  1 16:26:22 2026,1918000000,EM_ANDAMENTO,bi2c17qu4s,af6dec80
Thu Jan  1 16:26:23 2026,1918500000,EM_ANDAMENTO,FzqZ,16e4236a
Thu Jan  1 16:26:25 2026,1919000000,EM_ANDAMENTO,VBGIQ61fFIA0,cf84c4de
Thu Jan  1 16:26:27 2026,1919500000,EM_ANDAMENTO,FaqoNYUOIuk,cb99c652
Thu Jan  1 16:26:29 2026,1920000000,EM_ANDAMENTO,0yeLkl9GN,4ac4ca6a
Thu Jan  1 16:26:31 2026,1920500000,EM_ANDAMENTO,nLXzPnDYP9Zu,2233c08c
Thu Jan  1 16:26:33 2026,1921000000,EM_ANDAMENTO,S,9934d41d
Thu Jan  1 16:26:36 2026,1921500000,EM_ANDAMENTO,XjPZX,5b2c9ed2
Thu Jan  1 16:26:37 2026,1922000000,EM_ANDAMENTO,Y7D,1269a413
Thu Jan  1 16:26:39 2026,1922500000,EM_ANDAMENTO,bWYqAr6mJ1,54b9bd55
Thu Jan  1 16:26:41 2026,1923000000,EM_ANDAMENTO,VcO94,6fb7b519
Thu Jan  1 16:26:43 2026,1923500000,EM_ANDAMENTO,cH,9821440d
Thu Jan  1 16:26:46 2026,1924000000,EM_ANDAMENTO,Fl5W83oj9FFh,35cdc8d9
Thu Jan  1 16:26:49 2026,1924500000,EM_ANDAMENTO,jaB,e432eda8
Thu Jan  1 16:26:51 2026,1925000000,EM_ANDAMENTO,JkVTw,b5fbe25d
Thu Jan  1 16:26:53 2026,1925500000,EM_ANDAMENTO,AfT91xq24e2,a52fb26c
Thu Jan  1 16:26:56 2026,1926000000,EM_ANDAMENTO,V,55360b71
Thu Jan  1 16:26:58 2026,1926500000,EM_ANDAMENTO,J5sakJlbscV,cca7f1a0
Thu Jan  1 16:27:00 2026,1927000000,EM_ANDAMENTO,5i,44a61aef
Thu Jan  1 16:27:03 2026,1927500000,EM_ANDAMENTO,1dFOw1jbOXu,4e22f36b
Thu Jan  1 16:27:05 2026,1928000000,EM_ANDAMENTO,6KPfDJ11nWdp,23d7eee7
Thu Jan  1 16:27:08 2026,1928500000,EM_ANDAMENTO,j5Izt8,96d5acc4
Thu Jan  1 16:27:10 2026,1929000000,EM_ANDAMENTO,tpbgEp8ei,556d8baa
Thu Jan  1 16:27:12 2026,1929500000,EM_ANDAMENTO,OFvh,817e244a
Thu Jan  1 16:27:15 2026,1930000000,EM_ANDAMENTO,TQi4qmbj,6e4891ca
Thu Jan  1 16:27:18 2026,1930500000,EM_ANDAMENTO,PLz94V,35eec812
Thu Jan  1 16:27:20 2026,1931000000,EM_ANDAMENTO,J1wxgOvJ2,1ae18af5
Thu Jan  1 16:27:24 2026,1931500000,EM_ANDAMENTO,hgEldCkCtmqi,e28578ce
Thu Jan  1 16:27:27 2026,1932000000,EM_ANDAMENTO,0DAxHW4fEs2,89cb71e7
Thu Jan  1 16:27:30 2026,1932500000,EM_ANDAMENTO,D,f0695584
Thu Jan  1 16:27:33 2026,1933000000,EM_ANDAMENTO,EnC,752611ca
Thu Jan  1 16:27:36 2026,1933500000,EM_ANDAMENTO,4xaD,5bfcb857
Thu Jan  1 16:27:40 2026,1934000000,EM_ANDAMENTO,9XL1jSLdB,c12bcb46
Thu Jan  1 16:27:43 2026,1934500000,EM_ANDAMENTO,OBVHNwDaoZ,4f9d0b97
Thu Jan  1 16:27:46 2026,1935000000,EM_ANDAMENTO,XEyj3vERA,f7f958cd
Thu Jan  1 16:27:49 2026,1935500000,EM_ANDAMENTO,xrSOE,8cda75fa
Thu Jan  1 16:27:51 2026,1936000000,EM_ANDAMENTO,cS6,b49dd694
Thu Jan  1 16:27:53 2026,1936500000,EM_ANDAMENTO,YN,75b2a40a
Thu Jan  1 16:27:55 2026,1937000000,EM_ANDAMENTO,bYhlguG,6a83b5fb
Thu Jan  1 16:27:57 2026,1937500000,EM_ANDAMENTO,OjZl3Y,ff63ed0b
Thu Jan  1 16:27:59 2026,1938000000,EM_ANDAMENTO,pf9mntL,74251f6d
Thu Jan  1 16:28:01 2026,1938500000,EM_ANDAMENTO,Sp7hemOC,5cc414ee
Thu Jan  1 16:28:03 2026,1939000000,EM_ANDAMENTO,JYJnyB0F,286868fc
Thu Jan  1 16:28:05 2026,1939500000,EM_ANDAMENTO,uATtzZkJAT,fb0fde37
Thu Jan  1 16:28:07 2026,1940000000,EM_ANDAMENTO,tqunP08,eb5d9ad0
Thu Jan  1 16:28:09 2026,1940500000,EM_ANDAMENTO,X,a378c3f6
Thu Jan  1 16:28:11 2026,1941000000,EM_ANDAMENTO,hjT0ifFL5Ksz,d6d1edff
Thu Jan  1 16:28:13 2026,1941500000,EM_ANDAMENTO,w8pA,c0ade121
Thu Jan  1 16:28:14 2026,1942000000,EM_ANDAMENTO,f,2c6c3bcd
Thu Jan  1 16:28:16 2026,1942500000,EM_ANDAMENTO,AwFRbJ,0f1eb459
Thu Jan  1 16:28:18 2026,1943000000,EM_ANDAMENTO,1gmE9QJJ,bc0e18d0
Thu Jan  1 16:28:20 2026,1943500000,EM_ANDAMENTO,WOwdOi1Di,bff3f142
Thu Jan  1 16:28:23 2026,1944000000,EM_ANDAMENTO,ftdczIn4J,517d771d
Thu Jan  1 16:28:25 2026,1944500000,EM_ANDAMENTO,UzluJZzp,000918a8
Thu Jan  1 16:28:27 2026,1945000000,EM_ANDAMENTO,2nkZ1E,6ffaab8a
Thu Jan  1 16:28:29 2026,1945500000,EM_ANDAMENTO,WhNYQAw,f33295c2
Thu Jan  1 16:28:31 2026,1946000000,EM_ANDAMENTO,pMUSgDQZIN,7209dfde
Thu Jan  1 16:28:33 2026,1946500000,EM_ANDAMENTO,mgOFcr,9ed774f4
Thu Jan  1 16:28:35 2026,1947000000,EM_ANDAMENTO,VD7vmX3,574c307d
Thu Jan  1 16:28:37 2026,1947500000,EM_ANDAMENTO,QNQmbD0u,d9d87a79
Thu Jan  1 16:28:39 2026,1948000000,EM_ANDAMENTO,gBlPHglz,a0eb8379
Thu Jan  1 16:28:41 2026,1948500000,EM_ANDAMENTO,3dcogoz6,dafcece4
Thu Jan  1 16:28:43 2026,1949000000,EM_ANDAMENTO,R5,d1fed03f
Thu Jan  1 16:28:44 2026,1949500000,EM_ANDAMENTO,BNasaPSwBF,7ad7a9aa
Thu Jan  1 16:28:46 2026,1950000000,EM_ANDAMENTO,n0fwx90dI1,b5841a60
Thu Jan  1 16:28:48 2026,1950500000,EM_ANDAMENTO,b4HY4fdH,ebbaf401
Thu Jan  1 16:28:50 2026,1951000000,EM_ANDAMENTO,GGtN,2900e2c8
Thu Jan  1 16:28:52 2026,1951500000,EM_ANDAMENTO,w5sX,50aa16a6
Thu Jan  1 16:28:54 2026,1952000000,EM_ANDAMENTO,t12Ta,e6872c40
Thu Jan  1 16:28:56 2026,1952500000,EM_ANDAMENTO,3I6J9hsrKb19,efcc0f97
Thu Jan  1 16:28:58 2026,1953000000,EM_ANDAMENTO,YDur123,b48a7390
Thu Jan  1 16:29:00 2026,1953500000,EM_ANDAMENTO,aUWqML,fefb273b
Thu Jan  1 16:29:02 2026,1954000000,EM_ANDAMENTO,QqrUPz,1d1c87df
Thu Jan  1 16:29:04 2026,1954500000,EM_ANDAMENTO,YA8m1hUjM,f2e83dea
Thu Jan  1 16:29:06 2026,1955000000,EM_ANDAMENTO,NQu51em,d7289bd1
Thu Jan  1 16:29:08 2026,1955500000,EM_ANDAMENTO,PQ327c,622ac20d
Thu Jan  1 16:29:10 2026,1956000000,EM_ANDAMENTO,b,f0ffa343
Thu Jan  1 16:29:12 2026,1956500000,EM_ANDAMENTO,5LFrihKp7L3,0608153e
Thu Jan  1 16:29:14 2026,1957000000,EM_ANDAMENTO,f,2c6c3bcd
Thu Jan  1 16:29:16 2026,1957500000,EM_ANDAMENTO,t0ERV,9f65267f
Thu Jan  1 16:29:18 2026,1958000000,EM_ANDAMENTO,50dk8i5P8,5c1c27c8
Thu Jan  1 16:29:20 2026,1958500000,EM_ANDAMENTO,HlQUs8sx,7e330505
Thu Jan  1 16:29:22 2026,1959000000,EM_ANDAMENTO,8QmRHVxdbAz,5cd515cc
Thu Jan  1 16:29:24 2026,1959500000,EM_ANDAMENTO,cBp,7634d0bb
Thu Jan  1 16:29:26 2026,1960000000,EM_ANDAMENTO,msWazPt8l,32390a09
Thu Jan  1 16:29:28 2026,1960500000,EM_ANDAMENTO,7XjbLddUTI7,d0ae8b94
Thu Jan  1 16:29:30 2026,1961000000,EM_ANDAMENTO,Sfx,a71d9a2b
Thu Jan  1 16:29:32 2026,1961500000,EM_ANDAMENTO,ZkhxiIy88T,ae6b10cb
Thu Jan  1 16:29:34 2026,1962000000,EM_ANDAMENTO,T,9dd7847b
Thu Jan  1 16:29:36 2026,1962500000,EM_ANDAMENTO,T5GKZgTh9N,250408af
Thu Jan  1 16:29:38 2026,1963000000,EM_ANDAMENTO,RY,2b88a33b
Thu Jan  1 16:29:40 2026,1963500000,EM_ANDAMENTO,b,f0ffa343
Thu Jan  1 16:29:42 2026,1964000000,EM_ANDAMENTO,V,55360b71
Thu Jan  1 16:29:44 2026,1964500000,EM_ANDAMENTO,G1zKgj6k,d4c00be5
Thu Jan  1 16:29:46 2026,1965000000,EM_ANDAMENTO,rnQ8lU9,705126af
Thu Jan  1 16:29:48 2026,1965500000,EM_ANDAMENTO,cboGzn,54fc9bbb
Thu Jan  1 16:29:50 2026,1966000000,EM_ANDAMENTO,0hkDE,3e9d38d1
Thu Jan  1 16:29:52 2026,1966500000,EM_ANDAMENTO,PhtPc1dRr2,c0850405
Thu Jan  1 16:29:54 2026,1967000000,EM_ANDAMENTO,hHOk,949cc5eb
Thu Jan  1 16:29:56 2026,1967500000,EM_ANDAMENTO,WldJ1imo,8f0803c6
Thu Jan  1 16:29:58 2026,1968000000,EM_ANDAMENTO,F0BYhr,3870edff
Thu Jan  1 16:30:00 2026,1968500000,EM_ANDAMENTO,KKx6oLDfol,c24ba07f
Thu Jan  1 16:30:02 2026,1969000000,EM_ANDAMENTO,Z2GvY3h,3bf2e907
Thu Jan  1 16:30:04 2026,1969500000,EM_ANDAMENTO,4m6dm6Xv,81b87d6a
Thu Jan  1 16:30:06 2026,1970000000,EM_ANDAMENTO,Pl,df8188c2
Thu Jan  1 16:30:08 2026,1970500000,EM_ANDAMENTO,q,87b8d13b
Thu Jan  1 16:30:10 2026,1971000000,EM_ANDAMENTO,VU,f37678bc
Thu Jan  1 16:30:12 2026,1971500000,EM_ANDAMENTO,e7QgNcdKYnJV,57747b4c
Thu Jan  1 16:30:14 2026,1972000000,EM_ANDAMENTO,MVaBobjSyNUy,7e2cdecb
Thu Jan  1 16:30:16 2026,1972500000,EM_ANDAMENTO,fLsh,281dc688
Thu Jan  1 16:30:18 2026,1973000000,EM_ANDAMENTO,9nD,ee6f29cf
Thu Jan  1 16:30:20 2026,1973500000,EM_ANDAMENTO,LosqMF1y1,cf8859fd
Thu Jan  1 16:30:22 2026,1974000000,EM_ANDAMENTO,TGTxcecUyF,23d532b0
Thu Jan  1 16:30:24 2026,1974500000,EM_ANDAMENTO,R,613edcc8
Thu Jan  1 16:30:26 2026,1975000000,EM_ANDAMENTO,WoTRiw,3e71c395
Thu Jan  1 16:30:28 2026,1975500000,EM_ANDAMENTO,q,87b8d13b
Thu Jan  1 16:30:30 2026,1976000000,EM_ANDAMENTO,867C6ueQ,6b044dce
Thu Jan  1 16:30:32 2026,1976500000,EM_ANDAMENTO,k0bXhKqQFx,0b0fdf9d
Thu Jan  1 16:30:34 2026,1977000000,EM_ANDAMENTO,QWwvj,c6456470
Thu Jan  1 16:30:37 2026,1977500000,EM_ANDAMENTO,boW9,7c45c237
Thu Jan  1 16:30:39 2026,1978000000,EM_ANDAMENTO,xoWYOTZToe,f8a1fb12
Thu Jan  1 16:30:43 2026,1978500000,EM_ANDAMENTO,thFjoqJ,2d890a61
Thu Jan  1 16:30:45 2026,1979000000,EM_ANDAMENTO,v65WMWJOMb,f7c43f8b
Thu Jan  1 16:30:47 2026,1979500000,EM_ANDAMENTO,syvKt6CywaN,3f394dc7
Thu Jan  1 16:30:49 2026,1980000000,EM_ANDAMENTO,7iKp3vj3F,9aa1c79f
Thu Jan  1 16:30:51 2026,1980500000,EM_ANDAMENTO,IUaOvWIKt,32324f40
Thu Jan  1 16:30:53 2026,1981000000,EM_ANDAMENTO,jK,ad38ef14
Thu Jan  1 16:30:55 2026,1981500000,EM_ANDAMENTO,ovSJkJ,cad589ff
Thu Jan  1 16:30:57 2026,1982000000,EM_ANDAMENTO,yTZ4r7We,c58a4a2e
Thu Jan  1 16:30:59 2026,1982500000,EM_ANDAMENTO,3,0a7fddc2
Thu Jan  1 16:31:01 2026,1983000000,EM_ANDAMENTO,d5FjK3hom,2500af32
Thu Jan  1 16:31:03 2026,1983500000,EM_ANDAMENTO,Mhn6AfMN,43a040e7
Thu Jan  1 16:31:05 2026,1984000000,EM_ANDAMENTO,i9c4QGse7,de467d4b
Thu Jan  1 16:31:07 2026,1984500000,EM_ANDAMENTO,XJdmaKQRdk,a2b4c373
Thu Jan  1 16:31:09 2026,1985000000,EM_ANDAMENTO,l,5238d98f
Thu Jan  1 16:31:11 2026,1985500000,EM_ANDAMENTO,96wkQ,82dd4519
Thu Jan  1 16:31:13 2026,1986000000,EM_ANDAMENTO,TX5xUJU,322a58f8
Thu Jan  1 16:31:15 2026,1986500000,EM_ANDAMENTO,QlSj,113d12ba
Thu Jan  1 16:31:17 2026,1987000000,EM_ANDAMENTO,g,7a529e89
Thu Jan  1 16:31:20 2026,1987500000,EM_ANDAMENTO,CIMDsT,b60043b2
Thu Jan  1 16:31:22 2026,1988000000,EM_ANDAMENTO,YoKcvKu,5aa6604c
Thu Jan  1 16:31:24 2026,1988500000,EM_ANDAMENTO,uJd,c0c60b85
Thu Jan  1 16:31:25 2026,1989000000,EM_ANDAMENTO,DIzCbcZm,1db278b5
Thu Jan  1 16:31:27 2026,1989500000,EM_ANDAMENTO,JaLRnOd,319198fc
Thu Jan  1 16:31:29 2026,1990000000,EM_ANDAMENTO,LPJUGjs,1cd76b7b
Thu Jan  1 16:31:31 2026,1990500000,EM_ANDAMENTO,n9evhca1,04380caf
Thu Jan  1 16:31:33 2026,1991000000,EM_ANDAMENTO,QZT27mX2jzn2,248b1dae
Thu Jan  1 16:31:35 2026,1991500000,EM_ANDAMENTO,FQn,ed6c2fa1
Thu Jan  1 16:31:37 2026,1992000000,EM_ANDAMENTO,DOHazQ,f6da6fb8
Thu Jan  1 16:31:39 2026,1992500000,EM_ANDAMENTO,S7K3sHOZ,c83159cc
Thu Jan  1 16:31:41 2026,1993000000,EM_ANDAMENTO,KHZG,890c0205
Thu Jan  1 16:31:43 2026,1993500000,EM_ANDAMENTO,P6,270b46c3
Thu Jan  1 16:31:45 2026,1994000000,EM_ANDAMENTO,a2l,5442ab5c
Thu Jan  1 16:31:47 2026,1994500000,EM_ANDAMENTO,Kjj0Kwd,e3537204
Thu Jan  1 16:31:49 2026,1995000000,EM_ANDAMENTO,l3In8IvHeF,aa19f7c9
Thu Jan  1 16:31:51 2026,1995500000,EM_ANDAMENTO,DJ,7207d541
Thu Jan  1 16:31:53 2026,1996000000,EM_ANDAMENTO,idAYPiNcn,9a9a0707
Thu Jan  1 16:31:55 2026,1996500000,EM_ANDAMENTO,AAPZ1BpgC,fad8f40e
Thu Jan  1 16:31:57 2026,1997000000,EM_ANDAMENTO,j55ET0Myme,c9b046d4
Thu Jan  1 16:31:59 2026,1997500000,EM_ANDAMENTO,rScQXPPb2l,f5be0b20
Thu Jan  1 16:32:01 2026,1998000000,EM_ANDAMENTO,Y0o2,997c66af
Thu Jan  1 16:32:03 2026,1998500000,EM_ANDAMENTO,MSkgltUR,0599c0d7
Thu Jan  1 16:32:05 2026,1999000000,EM_ANDAMENTO,kyWoMbEp,e0f219c5
Thu Jan  1 16:32:07 2026,1999500000,EM_ANDAMENTO,3LC,859a08bf
Thu Jan  1 16:32:09 2026,2000000000,EM_ANDAMENTO,MXFR,60730ac3
Thu Jan  1 16:32:11 2026,2000500000,EM_ANDAMENTO,HBHXmUIODT07,2bc9efd6
Thu Jan  1 16:32:13 2026,2001000000,EM_ANDAMENTO,V4cu,c9de2fa4
Thu Jan  1 16:32:15 2026,2001500000,EM_ANDAMENTO,u0,04d9c35d
Thu Jan  1 16:32:17 2026,2002000000,EM_ANDAMENTO,uG6Dzn,05ab2db8
Thu Jan  1 16:32:19 2026,2002500000,EM_ANDAMENTO,Ofyk0jMQ,c9546ba1
Thu Jan  1 16:32:21 2026,2003000000,EM_ANDAMENTO,C1Sug9TM6W1l,5a727262
Thu Jan  1 16:32:23 2026,2003500000,EM_ANDAMENTO,rhOqDC7r8Zr,5227feff
Thu Jan  1 16:32:25 2026,2004000000,EM_ANDAMENTO,bPjiabJNCSgt,ba6978dd
Thu Jan  1 16:32:27 2026,2004500000,EM_ANDAMENTO,CPu8Dlq44J0i,be8377d1
Thu Jan  1 16:32:29 2026,2005000000,EM_ANDAMENTO,9rfWRoeG,af0df1eb
Thu Jan  1 16:32:31 2026,2005500000,EM_ANDAMENTO,qtTsR0GyzK33,f4697e5a
Thu Jan  1 16:32:33 2026,2006000000,EM_ANDAMENTO,xHpCZ,227af158
Thu Jan  1 16:32:35 2026,2006500000,EM_ANDAMENTO,k8lOUDfsRy,931d2c21
Thu Jan  1 16:32:37 2026,2007000000,EM_ANDAMENTO,VN33TbHD,abec74ae
Thu Jan  1 16:32:39 2026,2007500000,EM_ANDAMENTO,xyv,dfb8d331
Thu Jan  1 16:32:41 2026,2008000000,EM_ANDAMENTO,a,85c8de88
Thu Jan  1 16:32:43 2026,2008500000,EM_ANDAMENTO,qUH9,6b4ef38b
Thu Jan  1 16:32:45 2026,2009000000,EM_ANDAMENTO,NxuIW,03689f04
Thu Jan  1 16:32:47 2026,2009500000,EM_ANDAMENTO,abG82NGDs,46b3d9c4
Thu Jan  1 16:32:49 2026,2010000000,EM_ANDAMENTO,SVKT,c7a74540
Thu Jan  1 16:32:51 2026,2010500000,EM_ANDAMENTO,qAhoYAe850Y,f2d0d2f9
Thu Jan  1 16:32:53 2026,2011000000,EM_ANDAMENTO,8ob,a457e192
Thu Jan  1 16:32:55 2026,2011500000,EM_ANDAMENTO,52dixsk,2063685a
Thu Jan  1 16:32:57 2026,2012000000,EM_ANDAMENTO,LKqFs4m,55e5b50b
Thu Jan  1 16:32:59 2026,2012500000,EM_ANDAMENTO,0sT81TeH,fada56b7
Thu Jan  1 16:33:01 2026,2013000000,EM_ANDAMENTO,cZQG,50b4a9cf
Thu Jan  1 16:33:03 2026,2013500000,EM_ANDAMENTO,OiaOzFq7,62d91b7d
Thu Jan  1 16:33:05 2026,2014000000,EM_ANDAMENTO,LhuZkrjCMip,62b12de8
Thu Jan  1 16:33:07 2026,2014500000,EM_ANDAMENTO,7AFkpPCb85,7f19bf40
Thu Jan  1 16:33:09 2026,2015000000,EM_ANDAMENTO,KKlxjksELWg,150d27ee
Thu Jan  1 16:33:11 2026,2015500000,EM_ANDAMENTO,jyZf,68af6a93
Thu Jan  1 16:33:13 2026,2016000000,EM_ANDAMENTO,xuGtf,cf33fa6a
Thu Jan  1 16:33:15 2026,2016500000,EM_ANDAMENTO,fZ,1e3b086f
Thu Jan  1 16:33:17 2026,2017000000,EM_ANDAMENTO,h1y1CwZZI5,8089e799
Thu Jan  1 16:33:19 2026,2017500000,EM_ANDAMENTO,09hxP1Sgd3J,f9eb64e1
Thu Jan  1 16:33:21 2026,2018000000,EM_ANDAMENTO,ob,7936d56f
Thu Jan  1 16:33:23 2026,2018500000,EM_ANDAMENTO,ju,bcac9aff
Thu Jan  1 16:33:25 2026,2019000000,EM_ANDAMENTO,gheqbtq,b3d2c5b6
Thu Jan  1 16:33:27 2026,2019500000,EM_ANDAMENTO,nyHf,66092506
Thu Jan  1 16:33:29 2026,2020000000,EM_ANDAMENTO,4gNh5,af6835cc
Thu Jan  1 16:33:31 2026,2020500000,EM_ANDAMENTO,7DMI58R,2fc22bd4
Thu Jan  1 16:33:33 2026,2021000000,EM_ANDAMENTO,lIkL,0f88489a
Thu Jan  1 16:33:35 2026,2021500000,EM_ANDAMENTO,bVv1atFK80T,f83661d6
Thu Jan  1 16:33:36 2026,2022000000,EM_ANDAMENTO,whuOpr,7370e1ac
Thu Jan  1 16:33:38 2026,2022500000,EM_ANDAMENTO,fi5pNjHQbXZ,bc1b565a
Thu Jan  1 16:33:40 2026,2023000000,EM_ANDAMENTO,hMe5trtLN,2c67c5d7
Thu Jan  1 16:33:43 2026,2023500000,EM_ANDAMENTO,B9TiMC3A,2b8289e9
Thu Jan  1 16:33:45 2026,2024000000,EM_ANDAMENTO,yDRqhHGjhk0,0bac9a4b
Thu Jan  1 16:33:47 2026,2024500000,EM_ANDAMENTO,hFJXzaxJ9dio,d55b9968
Thu Jan  1 16:33:49 2026,2025000000,EM_ANDAMENTO,HRU,367fc6bd
Thu Jan  1 16:33:51 2026,2025500000,EM_ANDAMENTO,U,286668ef
Thu Jan  1 16:33:53 2026,2026000000,EM_ANDAMENTO,dkEMHguhSthC,662db757
Thu Jan  1 16:33:55 2026,2026500000,EM_ANDAMENTO,O7wchwfcH01,3e3d6a89
Thu Jan  1 16:33:57 2026,2027000000,EM_ANDAMENTO,E6zQh0,95a0274d
Thu Jan  1 16:33:59 2026,2027500000,EM_ANDAMENTO,PV5LnMgDeLD,6d2a2b3e
Thu Jan  1 16:34:01 2026,2028000000,EM_ANDAMENTO,pXalS,8234cf91
Thu Jan  1 16:34:03 2026,2028500000,EM_ANDAMENTO,05yzcbzRkI,e1b46c7f
Thu Jan  1 16:34:05 2026,2029000000,EM_ANDAMENTO,4,f7275a1e
Thu Jan  1 16:34:07 2026,2029500000,EM_ANDAMENTO,i0V7am12LY,528be42b
Thu Jan  1 16:34:09 2026,2030000000,EM_ANDAMENTO,UlFjlqTu,c33beeee
Thu Jan  1 16:34:11 2026,2030500000,EM_ANDAMENTO,EjJlvuJhk,bf80a57a
Thu Jan  1 16:34:13 2026,2031000000,EM_ANDAMENTO,fCwSLaVPo6,6dd74db2
Thu Jan  1 16:34:15 2026,2031500000,EM_ANDAMENTO,pwE69wq,9a6d96bc
Thu Jan  1 16:34:17 2026,2032000000,EM_ANDAMENTO,48IeA,908bfeff
Thu Jan  1 16:34:19 2026,2032500000,EM_ANDAMENTO,UMny8HEnPWE,03b25b18
Thu Jan  1 16:34:21 2026,2033000000,EM_ANDAMENTO,qKSn,b6ff64c4
Thu Jan  1 16:34:23 2026,2033500000,EM_ANDAMENTO,m7QfrlBghCA,181853dc
Thu Jan  1 16:34:25 2026,2034000000,EM_ANDAMENTO,umV,cd849a86
Thu Jan  1 16:34:27 2026,2034500000,EM_ANDAMENTO,Z,dad14f5a
Thu Jan  1 16:34:29 2026,2035000000,EM_ANDAMENTO,YmAldUA,194a52c8
Thu Jan  1 16:34:31 2026,2035500000,EM_ANDAMENTO,Q0nCLr,e4e42a47
Thu Jan  1 16:34:33 2026,2036000000,EM_ANDAMENTO,ES,f43aa251
Thu Jan  1 16:34:35 2026,2036500000,EM_ANDAMENTO,O7HrS,542f2840
Thu Jan  1 16:34:37 2026,2037000000,EM_ANDAMENTO,H8FrVTM2,c9f39bed
Thu Jan  1 16:34:39 2026,2037500000,EM_ANDAMENTO,m5wg10t,0563ad40
Thu Jan  1 16:34:41 2026,2038000000,EM_ANDAMENTO,Lim9ww3,b454a24b
Thu Jan  1 16:34:43 2026,2038500000,EM_ANDAMENTO,4ZZUh,7e6382b1
Thu Jan  1 16:34:45 2026,2039000000,EM_ANDAMENTO,81v3,0c54f468
Thu Jan  1 16:34:47 2026,2039500000,EM_ANDAMENTO,ju,bcac9aff
Thu Jan  1 16:34:49 2026,2040000000,EM_ANDAMENTO,smsBfeZjJ,1add5b5b
Thu Jan  1 16:34:51 2026,2040500000,EM_ANDAMENTO,N9kjXBxPF4tz,cd2aeda8
Thu Jan  1 16:34:53 2026,2041000000,EM_ANDAMENTO,ApdrTqM,888e2092
Thu Jan  1 16:34:55 2026,2041500000,EM_ANDAMENTO,KpZADHq6j4h,bdd6f7ec
Thu Jan  1 16:34:57 2026,2042000000,EM_ANDAMENTO,Kc,2f9f98b9
Thu Jan  1 16:34:59 2026,2042500000,EM_ANDAMENTO,sK8S84CMp1BV,487bb384
Thu Jan  1 16:35:01 2026,2043000000,EM_ANDAMENTO,BB7Z,361845d9
Thu Jan  1 16:35:03 2026,2043500000,EM_ANDAMENTO,ed9jRpV4DvjD,15147ae5
Thu Jan  1 16:35:05 2026,2044000000,EM_ANDAMENTO,Gk8j4T,dd12a959
Thu Jan  1 16:35:07 2026,2044500000,EM_ANDAMENTO,du9jy4Ye96H,898ab0b2
Thu Jan  1 16:35:09 2026,2045000000,EM_ANDAMENTO,DdQhHEuZ,9aef148c
Thu Jan  1 16:35:11 2026,2045500000,EM_ANDAMENTO,Se31Detu1,d049db20
Thu Jan  1 16:35:13 2026,2046000000,EM_ANDAMENTO,EBkhHWjSA1V,51139520
Thu Jan  1 16:35:15 2026,2046500000,EM_ANDAMENTO,usTBFEWbRHB,a7ee3f82
Thu Jan  1 16:35:17 2026,2047000000,EM_ANDAMENTO,TFFbMlUE,f898b277
Thu Jan  1 16:35:19 2026,2047500000,EM_ANDAMENTO,PHt6,64e248ff
Thu Jan  1 16:35:21 2026,2048000000,EM_ANDAMENTO,RA6491Dv,37fd2e91
Thu Jan  1 16:35:23 2026,2048500000,EM_ANDAMENTO,LiTrsT6DnQ,df290279
Thu Jan  1 16:35:25 2026,2049000000,EM_ANDAMENTO,hbgzoQZ,49b05f94
Thu Jan  1 16:35:27 2026,2049500000,EM_ANDAMENTO,c,a5c1009b
Thu Jan  1 16:35:29 2026,2050000000,EM_ANDAMENTO,8T,b8bb7db2
Thu Jan  1 16:35:31 2026,2050500000,EM_ANDAMENTO,leyBUeBBeo,5d54c12c
Thu Jan  1 16:35:33 2026,2051000000,EM_ANDAMENTO,oTrcYOr29,99b23c01
Thu Jan  1 16:35:35 2026,2051500000,EM_ANDAMENTO,anqHC3b9VL7,7336079c
Thu Jan  1 16:35:37 2026,2052000000,EM_ANDAMENTO,CR6opiSEHjA,9f3b5373
Thu Jan  1 16:35:39 2026,2052500000,EM_ANDAMENTO,nngTWk,2523d345
Thu Jan  1 16:35:41 2026,2053000000,EM_ANDAMENTO,rt1TE,1f234f6e
Thu Jan  1 16:35:43 2026,2053500000,EM_ANDAMENTO,kSI4TkJHi,066968aa
Thu Jan  1 16:35:45 2026,2054000000,EM_ANDAMENTO,ICt,eb4fd196
Thu Jan  1 16:35:48 2026,2054500000,EM_ANDAMENTO,ZHOS,1c3b4c7c
Thu Jan  1 16:35:50 2026,2055000000,EM_ANDAMENTO,ecfNUtdMS,dd0f8e14
Thu Jan  1 16:35:52 2026,2055500000,EM_ANDAMENTO,J,5efe2fba
Thu Jan  1 16:35:54 2026,2056000000,EM_ANDAMENTO,kGhKFZ,9eb633b1
Thu Jan  1 16:35:56 2026,2056500000,EM_ANDAMENTO,iMWajlF6,5a240092
Thu Jan  1 16:35:58 2026,2057000000,EM_ANDAMENTO,qCy,45334bcd
Thu Jan  1 16:36:00 2026,2057500000,EM_ANDAMENTO,C9GuBlhOlwK,a598297d
Thu Jan  1 16:36:04 2026,2058000000,EM_ANDAMENTO,2yluJ,6c2477db
Thu Jan  1 16:36:06 2026,2058500000,EM_ANDAMENTO,LJzRx5y6dFb,75b36474
Thu Jan  1 16:36:09 2026,2059000000,EM_ANDAMENTO,9D6LwRs,50f57d3d
Thu Jan  1 16:36:11 2026,2059500000,EM_ANDAMENTO,u9kP,9b15dfb0
Thu Jan  1 16:36:13 2026,2060000000,EM_ANDAMENTO,xCHb2SipFbDc,575d1a9b
Thu Jan  1 16:36:15 2026,2060500000,EM_ANDAMENTO,HQJ,d0df2b7a
Thu Jan  1 16:36:17 2026,2061000000,EM_ANDAMENTO,VK3qV3,392d3ba8
Thu Jan  1 16:36:19 2026,2061500000,EM_ANDAMENTO,lxmif89Vu,90aad52c
Thu Jan  1 16:36:21 2026,2062000000,EM_ANDAMENTO,CF,80ebd8a4
Thu Jan  1 16:36:23 2026,2062500000,EM_ANDAMENTO,uHfB,51f4fd81
Thu Jan  1 16:36:25 2026,2063000000,EM_ANDAMENTO,Vhsdls,bcb7ba88
Thu Jan  1 16:36:28 2026,2063500000,EM_ANDAMENTO,cTEV7KTUViLe,dc7dfbbb
Thu Jan  1 16:36:30 2026,2064000000,EM_ANDAMENTO,06KzF,edad6073
Thu Jan  1 16:36:32 2026,2064500000,EM_ANDAMENTO,h9sZ,a6b11558
Thu Jan  1 16:36:34 2026,2065000000,EM_ANDAMENTO,QgLiBPklh,4772c537
Thu Jan  1 16:36:36 2026,2065500000,EM_ANDAMENTO,RdrlgiyeTxa,90d37826
Thu Jan  1 16:36:38 2026,2066000000,EM_ANDAMENTO,ai0X,94cd3e70
Thu Jan  1 16:36:40 2026,2066500000,EM_ANDAMENTO,vLrTbKXojgVk,032098f2
Thu Jan  1 16:36:42 2026,2067000000,EM_ANDAMENTO,uHVinA0JlRdY,ec067af2
Thu Jan  1 16:36:45 2026,2067500000,EM_ANDAMENTO,bRZx,f3596e8a
Thu Jan  1 16:36:47 2026,2068000000,EM_ANDAMENTO,j4mYYAlUS,8d91f38b
Thu Jan  1 16:36:49 2026,2068500000,EM_ANDAMENTO,boNEQIeFt,2361787a
Thu Jan  1 16:36:51 2026,2069000000,EM_ANDAMENTO,npYhnu4teySN,9fd9d8fb
Thu Jan  1 16:36:53 2026,2069500000,EM_ANDAMENTO,HfXL,1a109058
Thu Jan  1 16:36:55 2026,2070000000,EM_ANDAMENTO,a,85c8de88
Thu Jan  1 16:36:58 2026,2070500000,EM_ANDAMENTO,IgeghXUXUfX,88f4e3e9
Thu Jan  1 16:37:00 2026,2071000000,EM_ANDAMENTO,16sD5pF0EJvc,c405d771
Thu Jan  1 16:37:02 2026,2071500000,EM_ANDAMENTO,K8r48,a9eee609
Thu Jan  1 16:37:04 2026,2072000000,EM_ANDAMENTO,prEDWtNZDJ,51ef96ba
Thu Jan  1 16:37:06 2026,2072500000,EM_ANDAMENTO,XZTJD4Wl0uU,5491fddd
Thu Jan  1 16:37:08 2026,2073000000,EM_ANDAMENTO,xdslQIeGUX5k,bbed3661
Thu Jan  1 16:37:11 2026,2073500000,EM_ANDAMENTO,KZ,38dd80f4
Thu Jan  1 16:37:13 2026,2074000000,EM_ANDAMENTO,ZYoqbyn,f6b6575f
Thu Jan  1 16:37:15 2026,2074500000,EM_ANDAMENTO,qXDFBu,7a7a4d38
Thu Jan  1 16:37:17 2026,2075000000,EM_ANDAMENTO,v,904f2f17
Thu Jan  1 16:37:19 2026,2075500000,EM_ANDAMENTO,rjNmhbcuzf5k,6af79ffc
Thu Jan  1 16:37:21 2026,2076000000,EM_ANDAMENTO,7IDYNbLAJOyY,fe301882
Thu Jan  1 16:37:23 2026,2076500000,EM_ANDAMENTO,itt,81171bff
Thu Jan  1 16:37:25 2026,2077000000,EM_ANDAMENTO,uyq1nRg,4cf24609
Thu Jan  1 16:37:27 2026,2077500000,EM_ANDAMENTO,cT,9b4516d0
Thu Jan  1 16:37:29 2026,2078000000,EM_ANDAMENTO,mInQ,e904ee2c
Thu Jan  1 16:37:31 2026,2078500000,EM_ANDAMENTO,Kc348ME9p,4f70c2e6
Thu Jan  1 16:37:33 2026,2079000000,EM_ANDAMENTO,IlGrhri,db474afd
Thu Jan  1 16:37:35 2026,2079500000,EM_ANDAMENTO,6JfA42Pw6NvF,dcbe17d6
Thu Jan  1 16:37:37 2026,2080000000,EM_ANDAMENTO,OHCRX3SH,e3f6b2f1
Thu Jan  1 16:37:39 2026,2080500000,EM_ANDAMENTO,RJYGDYOtxm,540a6c18
Thu Jan  1 16:37:41 2026,2081000000,EM_ANDAMENTO,6e,75917ec1
Thu Jan  1 16:37:43 2026,2081500000,EM_ANDAMENTO,80S,8346a810
Thu Jan  1 16:37:45 2026,2082000000,EM_ANDAMENTO,t,ef012cb5
Thu Jan  1 16:37:47 2026,2082500000,EM_ANDAMENTO,dK,ece33dd4
Thu Jan  1 16:37:49 2026,2083000000,EM_ANDAMENTO,b,f0ffa343
Thu Jan  1 16:37:51 2026,2083500000,EM_ANDAMENTO,HaIU1vG2IlW,ef66d16c
Thu Jan  1 16:37:53 2026,2084000000,EM_ANDAMENTO,jzLA2c2BQKRs,6f60267d
Thu Jan  1 16:37:55 2026,2084500000,EM_ANDAMENTO,g82kEPoYwP8G,7a9bab6c
Thu Jan  1 16:37:57 2026,2085000000,EM_ANDAMENTO,3MFXdBczMI,daf43d8f
Thu Jan  1 16:37:59 2026,2085500000,EM_ANDAMENTO,g5a8jvrIu,519f711f
Thu Jan  1 16:38:01 2026,2086000000,EM_ANDAMENTO,EKFwuTA35,361c9480
Thu Jan  1 16:38:03 2026,2086500000,EM_ANDAMENTO,a8Q,9bdfff85
Thu Jan  1 16:38:05 2026,2087000000,EM_ANDAMENTO,E1scwVPJt,c543ebba
Thu Jan  1 16:38:07 2026,2087500000,EM_ANDAMENTO,IB,bec5895c
Thu Jan  1 16:38:09 2026,2088000000,EM_ANDAMENTO,by,6f7158f0
Thu Jan  1 16:38:11 2026,2088500000,EM_ANDAMENTO,Sxan8VN5MwF,45a43583
Thu Jan  1 16:38:13 2026,2089000000,EM_ANDAMENTO,IsPDvODQDWx,afcd4a58
Thu Jan  1 16:38:14 2026,2089500000,EM_ANDAMENTO,y7FzJjw9LU,b3b3d8b3
Thu Jan  1 16:38:16 2026,2090000000,EM_ANDAMENTO,mO76oehu,38a36ff8
Thu Jan  1 16:38:18 2026,2090500000,EM_ANDAMENTO,C8BW7D,99193e2e
Thu Jan  1 16:38:20 2026,2091000000,EM_ANDAMENTO,MhgN2xy9K,03923e44
Thu Jan  1 16:38:22 2026,2091500000,EM_ANDAMENTO,D5t,9aa91ab7
Thu Jan  1 16:38:24 2026,2092000000,EM_ANDAMENTO,NVWc,773581f1
Thu Jan  1 16:38:26 2026,2092500000,EM_ANDAMENTO,DLpe,d64586a6
Thu Jan  1 16:38:28 2026,2093000000,EM_ANDAMENTO,pgeoHsEkXQQ,bd48c0e2
Thu Jan  1 16:38:30 2026,2093500000,EM_ANDAMENTO,7p4tdn,d4e48e03
Thu Jan  1 16:38:32 2026,2094000000,EM_ANDAMENTO,3jtBnF,cc3ae62f
Thu Jan  1 16:38:34 2026,2094500000,EM_ANDAMENTO,aJqMTr5Bw6,d7483f03
Thu Jan  1 16:38:36 2026,2095000000,EM_ANDAMENTO,KjKu,d882b28c
Thu Jan  1 16:38:38 2026,2095500000,EM_ANDAMENTO,up,64c07c44
Thu Jan  1 16:38:40 2026,2096000000,EM_ANDAMENTO,weP7,00c5e044
Thu Jan  1 16:38:42 2026,2096500000,EM_ANDAMENTO,CiJ9m5,b3f52199
Thu Jan  1 16:38:44 2026,2097000000,EM_ANDAMENTO,WfoXSYhp9,1648ea65
Thu Jan  1 16:38:45 2026,2097500000,EM_ANDAMENTO,jPw91bud,c879a2f5
Thu Jan  1 16:38:47 2026,2098000000,EM_ANDAMENTO,WibiM2YEw,9dbf4c51
Thu Jan  1 16:38:49 2026,2098500000,EM_ANDAMENTO,zVNIIPaD1C,98bb208f
Thu Jan  1 16:38:51 2026,2099000000,EM_ANDAMENTO,5e0yJZRY9o6,302ad8cf
Thu Jan  1 16:38:53 2026,2099500000,EM_ANDAMENTO,dq,b84be06b
Thu Jan  1 16:38:55 2026,2100000000,EM_ANDAMENTO,Fow6cdLxrxSB,83cfe4ad
Thu Jan  1 16:38:57 2026,2100500000,EM_ANDAMENTO,tzO2,b10f2abe
Thu Jan  1 16:38:59 2026,2101000000,EM_ANDAMENTO,dy1WxpWA,0b242045
Thu Jan  1 16:39:01 2026,2101500000,EM_ANDAMENTO,H0Tc3v,b1043a50
Thu Jan  1 16:39:03 2026,2102000000,EM_ANDAMENTO,HCJIoHO,c4e6589a
Thu Jan  1 16:39:05 2026,2102500000,EM_ANDAMENTO,eUTY,b5e2b68b
Thu Jan  1 16:39:07 2026,2103000000,EM_ANDAMENTO,hayOWAAC,69aaa2b3
Thu Jan  1 16:39:09 2026,2103500000,EM_ANDAMENTO,hYYf1f,cc0b95f5
Thu Jan  1 16:39:11 2026,2104000000,EM_ANDAMENTO,Usf3Z5WYKjf,cd97af4b
Thu Jan  1 16:39:13 2026,2104500000,EM_ANDAMENTO,ms,58d08c4d
Thu Jan  1 16:39:14 2026,2105000000,EM_ANDAMENTO,KSjqnC,0940844e
Thu Jan  1 16:39:17 2026,2105500000,EM_ANDAMENTO,5,b485d77f
Thu Jan  1 16:39:18 2026,2106000000,EM_ANDAMENTO,J0c9,7b0f55a6
Thu Jan  1 16:39:20 2026,2106500000,EM_ANDAMENTO,LnyMZ0Cra3,c0fdc7df
Thu Jan  1 16:39:22 2026,2107000000,EM_ANDAMENTO,3,0a7fddc2
Thu Jan  1 16:39:24 2026,2107500000,EM_ANDAMENTO,GYVtoxRNy,e13c876f
Thu Jan  1 16:39:26 2026,2108000000,EM_ANDAMENTO,zsJ6uScEeZ,5841e767
Thu Jan  1 16:39:28 2026,2108500000,EM_ANDAMENTO,Zca,6a550f1d
Thu Jan  1 16:39:30 2026,2109000000,EM_ANDAMENTO,sNOJMm7Ky8O,4934563a
Thu Jan  1 16:39:32 2026,2109500000,EM_ANDAMENTO,pye6e6ngj,7845f752
Thu Jan  1 16:39:34 2026,2110000000,EM_ANDAMENTO,idiTeom7N74C,b713722d
Thu Jan  1 16:39:36 2026,2110500000,EM_ANDAMENTO,qK,1aa50978
Thu Jan  1 16:39:38 2026,2111000000,EM_ANDAMENTO,JvqWk0,0a895004
Thu Jan  1 16:39:40 2026,2111500000,EM_ANDAMENTO,1w10LNWtb3Dx,5650e6d8
Thu Jan  1 16:39:42 2026,2112000000,EM_ANDAMENTO,0elZOumcpyS,c677835f
Thu Jan  1 16:39:44 2026,2112500000,EM_ANDAMENTO,xSQGC8mdr1v,8e1451c8
Thu Jan  1 16:39:45 2026,2113000000,EM_ANDAMENTO,zD,68dea53b
Thu Jan  1 16:39:47 2026,2113500000,EM_ANDAMENTO,HL7,1e131c0d
Thu Jan  1 16:39:49 2026,2114000000,EM_ANDAMENTO,jMcEYdrYdPS,6c41ac71
Thu Jan  1 16:39:51 2026,2114500000,EM_ANDAMENTO,XOgmewU,aa99f479
Thu Jan  1 16:39:53 2026,2115000000,EM_ANDAMENTO,sKfI,47f1a4c6
Thu Jan  1 16:39:55 2026,2115500000,EM_ANDAMENTO,DBU1K1wbk,9b7fc02d
Thu Jan  1 16:39:57 2026,2116000000,EM_ANDAMENTO,kHuHWZQUY,84716c29
Thu Jan  1 16:39:59 2026,2116500000,EM_ANDAMENTO,7retnArOd90K,2bd122d4
Thu Jan  1 16:40:01 2026,2117000000,EM_ANDAMENTO,T6VX8kx0mlNe,e8c8d018
Thu Jan  1 16:40:03 2026,2117500000,EM_ANDAMENTO,bpCPJQnwiWRE,8c9be70d
Thu Jan  1 16:40:05 2026,2118000000,EM_ANDAMENTO,jou,4f917640
Thu Jan  1 16:40:07 2026,2118500000,EM_ANDAMENTO,0VI8oQxsYxN5,db27caa3
Thu Jan  1 16:40:09 2026,2119000000,EM_ANDAMENTO,pHnAr,857663bd
Thu Jan  1 16:40:11 2026,2119500000,EM_ANDAMENTO,5GReCAbJ,130b5888
Thu Jan  1 16:40:13 2026,2120000000,EM_ANDAMENTO,Mfz,3973fbe1
Thu Jan  1 16:40:15 2026,2120500000,EM_ANDAMENTO,kpJa8tat5,7f15f850
Thu Jan  1 16:40:17 2026,2121000000,EM_ANDAMENTO,WxiKB96tH,d0b25e89
Thu Jan  1 16:40:19 2026,2121500000,EM_ANDAMENTO,n,68f8ea7d
Thu Jan  1 16:40:21 2026,2122000000,EM_ANDAMENTO,jXjlPA7qLxrh,35224bce
Thu Jan  1 16:40:22 2026,2122500000,EM_ANDAMENTO,UON1OvLAQ7O,c8437ac7
Thu Jan  1 16:40:24 2026,2123000000,EM_ANDAMENTO,98MXO48UNCT,87508302
Thu Jan  1 16:40:26 2026,2123500000,EM_ANDAMENTO,xMHuskk4772M,bb405386
Thu Jan  1 16:40:28 2026,2124000000,EM_ANDAMENTO,NDUH,994fc254
Thu Jan  1 16:40:30 2026,2124500000,EM_ANDAMENTO,3vg,8fdb0f0e
Thu Jan  1 16:40:32 2026,2125000000,EM_ANDAMENTO,c,a5c1009b
Thu Jan  1 16:40:34 2026,2125500000,EM_ANDAMENTO,zBsrj,0e382d52
Thu Jan  1 16:40:36 2026,2126000000,EM_ANDAMENTO,n6L,12501932
Thu Jan  1 16:40:38 2026,2126500000,EM_ANDAMENTO,qdUCAxIceJG,146c2f8d
Thu Jan  1 16:40:40 2026,2127000000,EM_ANDAMENTO,PHTOHq4kKa7d,998460af
Thu Jan  1 16:40:42 2026,2127500000,EM_ANDAMENTO,JIR,a9f1d1eb
Thu Jan  1 16:40:44 2026,2128000000,EM_ANDAMENTO,gQxNwknSJXN,aa0319ad
Thu Jan  1 16:40:46 2026,2128500000,EM_ANDAMENTO,B9b,d6ca4a28
Thu Jan  1 16:40:48 2026,2129000000,EM_ANDAMENTO,iN0rR,5c759eae
Thu Jan  1 16:40:49 2026,2129500000,EM_ANDAMENTO,7C561nn,a8deddb9
Thu Jan  1 16:40:52 2026,2130000000,EM_ANDAMENTO,kM8X5,0a737221
Thu Jan  1 16:40:54 2026,2130500000,EM_ANDAMENTO,Vg,8de24647
Thu Jan  1 16:40:56 2026,2131000000,EM_ANDAMENTO,e9OCWGdf,e8bfa67e
Thu Jan  1 16:40:58 2026,2131500000,EM_ANDAMENTO,ZP7k6cVnK,2f82ba9b
Thu Jan  1 16:41:00 2026,2132000000,EM_ANDAMENTO,V6Nrautsf,d3968212
Thu Jan  1 16:41:02 2026,2132500000,EM_ANDAMENTO,BCqFvLZ,1f550f53
Thu Jan  1 16:41:04 2026,2133000000,EM_ANDAMENTO,V,55360b71
Thu Jan  1 16:41:06 2026,2133500000,EM_ANDAMENTO,YdMxB,0963eb67
Thu Jan  1 16:41:07 2026,2134000000,EM_ANDAMENTO,2c,0d3689ad
Thu Jan  1 16:41:09 2026,2134500000,EM_ANDAMENTO,uQvqWW,69c596dd
Thu Jan  1 16:41:11 2026,2135000000,EM_ANDAMENTO,6Oi7,72962c51
Thu Jan  1 16:41:13 2026,2135500000,EM_ANDAMENTO,PXiedsZn,c4e7a893
Thu Jan  1 16:41:15 2026,2136000000,EM_ANDAMENTO,UKnx59vY,bf17c1de
Thu Jan  1 16:41:17 2026,2136500000,EM_ANDAMENTO,HJMRRyXSVb,db30d992
Thu Jan  1 16:41:19 2026,2137000000,EM_ANDAMENTO,EqDpx,fde0f7f6
Thu Jan  1 16:41:21 2026,2137500000,EM_ANDAMENTO,vH5jb,80974fda
Thu Jan  1 16:41:24 2026,2138000000,EM_ANDAMENTO,s,bc5ac4a3
Thu Jan  1 16:41:26 2026,2138500000,EM_ANDAMENTO,Bg,458890de
Thu Jan  1 16:41:28 2026,2139000000,EM_ANDAMENTO,K4isRaiPyeNn,dfa2644f
Thu Jan  1 16:41:30 2026,2139500000,EM_ANDAMENTO,S5RJlJC,57585b33
Thu Jan  1 16:41:32 2026,2140000000,EM_ANDAMENTO,z6WfBLA1Xj,bc7989c7
Thu Jan  1 16:41:34 2026,2140500000,EM_ANDAMENTO,p9Mo,8125108f
Thu Jan  1 16:41:36 2026,2141000000,EM_ANDAMENTO,r6sy,18b9b80a
Thu Jan  1 16:41:39 2026,2141500000,EM_ANDAMENTO,MEF6W4Z,487fb86f
Thu Jan  1 16:41:41 2026,2142000000,EM_ANDAMENTO,rq2f,9f981dc6
Thu Jan  1 16:41:43 2026,2142500000,EM_ANDAMENTO,nTpobK,9d586a80
Thu Jan  1 16:41:45 2026,2143000000,EM_ANDAMENTO,AIKMJF4PVF7,e3d9c3b2
Thu Jan  1 16:41:47 2026,2143500000,EM_ANDAMENTO,LZIg6OYU2,bdab6219
Thu Jan  1 16:41:49 2026,2144000000,EM_ANDAMENTO,Xsw,d252f35b
Thu Jan  1 16:41:51 2026,2144500000,EM_ANDAMENTO,uN,7e646fc4
Thu Jan  1 16:41:53 2026,2145000000,EM_ANDAMENTO,j,60e284f4
Thu Jan  1 16:41:55 2026,2145500000,EM_ANDAMENTO,6jKdWKee,17683abe
Thu Jan  1 16:41:57 2026,2146000000,EM_ANDAMENTO,LrDGUglOA,4206d5bc
Thu Jan  1 16:41:59 2026,2146500000,EM_ANDAMENTO,Wnlnq,50fd3f6b
Thu Jan  1 16:42:01 2026,2147000000,EM_ANDAMENTO,1lI,055e21c9
Thu Jan  1 16:42:03 2026,2147500000,EM_ANDAMENTO,L0Jx4Umx,5b439469
Thu Jan  1 16:42:05 2026,2148000000,EM_ANDAMENTO,pi7n7bJdT,bbf12281
Thu Jan  1 16:42:07 2026,2148500000,EM_ANDAMENTO,12pcAM0Eul0,4adb74e0
Thu Jan  1 16:42:09 2026,2149000000,EM_ANDAMENTO,H9P1s9dg9H,d70afa9a
Thu Jan  1 16:42:11 2026,2149500000,EM_ANDAMENTO,YEwXt,02afbe52
Thu Jan  1 16:42:13 2026,2150000000,EM_ANDAMENTO,gQiu,b565ae15
Thu Jan  1 16:42:15 2026,2150500000,EM_ANDAMENTO,B1,fdf5a7d1
Thu Jan  1 16:42:17 2026,2151000000,EM_ANDAMENTO,Ddc,0637e5e9
Thu Jan  1 16:42:19 2026,2151500000,EM_ANDAMENTO,rj4muv83jXiH,675283cb
Thu Jan  1 16:42:21 2026,2152000000,EM_ANDAMENTO,uZL,ed2b91c0
Thu Jan  1 16:42:23 2026,2152500000,EM_ANDAMENTO,gE5nABN,56ed62e1
Thu Jan  1 16:42:25 2026,2153000000,EM_ANDAMENTO,B,74865dbf
Thu Jan  1 16:42:27 2026,2153500000,EM_ANDAMENTO,zWr,a31e3f35
Thu Jan  1 16:42:29 2026,2154000000,EM_ANDAMENTO,zby3hZXBsn9,995d3163
Thu Jan  1 16:42:31 2026,2154500000,EM_ANDAMENTO,qvtZKgw,7a3ff0df
Thu Jan  1 16:42:33 2026,2155000000,EM_ANDAMENTO,u,4aed0987
Thu Jan  1 16:42:34 2026,2155500000,EM_ANDAMENTO,Fe,4eb985d7
Thu Jan  1 16:42:37 2026,2156000000,EM_ANDAMENTO,Fh,c57df636
Thu Jan  1 16:42:40 2026,2156500000,EM_ANDAMENTO,b2h,b40971fa
Thu Jan  1 16:42:43 2026,2157000000,EM_ANDAMENTO,IO3HQI,c6cc7bbe
Thu Jan  1 16:42:45 2026,2157500000,EM_ANDAMENTO,x8hECmmP,3ab9bf1a
Thu Jan  1 16:42:47 2026,2158000000,EM_ANDAMENTO,jqx,beed8c32
Thu Jan  1 16:42:49 2026,2158500000,EM_ANDAMENTO,fUuN,6e4ac398
Thu Jan  1 16:42:51 2026,2159000000,EM_ANDAMENTO,Jt06LD,89fc5279
Thu Jan  1 16:42:53 2026,2159500000,EM_ANDAMENTO,j0JN,23236047
Thu Jan  1 16:42:55 2026,2160000000,EM_ANDAMENTO,OI4GnA,5afaa304
Thu Jan  1 16:42:57 2026,2160500000,EM_ANDAMENTO,s,bc5ac4a3
Thu Jan  1 16:43:01 2026,2161000000,EM_ANDAMENTO,pZxk,7495dbb9
Thu Jan  1 16:43:03 2026,2161500000,EM_ANDAMENTO,N8BUhuKPJyM,8519c265
Thu Jan  1 16:43:06 2026,2162000000,EM_ANDAMENTO,JGEU2Gw,6997c0bd
Thu Jan  1 16:43:09 2026,2162500000,EM_ANDAMENTO,Uy,3e8c0f7f
Thu Jan  1 16:43:11 2026,2163000000,EM_ANDAMENTO,JWOOAtfcD1,6b19754b
Thu Jan  1 16:43:13 2026,2163500000,EM_ANDAMENTO,lZL1N,24e82802
Thu Jan  1 16:43:15 2026,2164000000,EM_ANDAMENTO,w5y2,13c1f14e
Thu Jan  1 16:43:17 2026,2164500000,EM_ANDAMENTO,cV7Ue,34d92865
Thu Jan  1 16:43:20 2026,2165000000,EM_ANDAMENTO,Vv5u49,7e94d7bb
Thu Jan  1 16:43:22 2026,2165500000,EM_ANDAMENTO,cvCMp8xYCNP1,7beaacc2
Thu Jan  1 16:43:25 2026,2166000000,EM_ANDAMENTO,XW5vq6,dc9bc048
Thu Jan  1 16:43:27 2026,2166500000,EM_ANDAMENTO,zxKQAgpMA,0da2e76d
Thu Jan  1 16:43:29 2026,2167000000,EM_ANDAMENTO,Fe59j60H,c43c16f7
Thu Jan  1 16:43:31 2026,2167500000,EM_ANDAMENTO,4TXB,ae2bd952
Thu Jan  1 16:43:33 2026,2168000000,EM_ANDAMENTO,O,4ac61591
Thu Jan  1 16:43:35 2026,2168500000,EM_ANDAMENTO,ccoZ6Zs,fec607dd
Thu Jan  1 16:43:37 2026,2169000000,EM_ANDAMENTO,tsk8HLCJhlKL,24f63313
Thu Jan  1 16:43:41 2026,2169500000,EM_ANDAMENTO,CAKXjlb,6c9d3b4d
Thu Jan  1 16:43:44 2026,2170000000,EM_ANDAMENTO,zf4GENF59o,2357a852
Thu Jan  1 16:43:47 2026,2170500000,EM_ANDAMENTO,qncdgtg7S2S,6f512f0d
Thu Jan  1 16:43:49 2026,2171000000,EM_ANDAMENTO,FtXbnQ,f9d87e86
Thu Jan  1 16:43:51 2026,2171500000,EM_ANDAMENTO,s9QZHg6D0Ic,a8820dc2
Thu Jan  1 16:43:53 2026,2172000000,EM_ANDAMENTO,fizzoq,d93085dd
Thu Jan  1 16:43:57 2026,2172500000,EM_ANDAMENTO,9E7M,9c39c066
Thu Jan  1 16:43:59 2026,2173000000,EM_ANDAMENTO,trPA,ba9ba6bf
Thu Jan  1 16:44:02 2026,2173500000,EM_ANDAMENTO,AK,153ce7ce
Thu Jan  1 16:44:04 2026,2174000000,EM_ANDAMENTO,tF1h2lwtDxHh,e47b9738
Thu Jan  1 16:44:07 2026,2174500000,EM_ANDAMENTO,PViDpeeB5,303b3a13
Thu Jan  1 16:44:09 2026,2175000000,EM_ANDAMENTO,zBTsEJlcU,60bdb1ed
Thu Jan  1 16:44:14 2026,2175500000,EM_ANDAMENTO,zP,f4b68443
Thu Jan  1 16:44:16 2026,2176000000,EM_ANDAMENTO,H1R,adf681ed
Thu Jan  1 16:44:18 2026,2176500000,EM_ANDAMENTO,jn6BDP7tjc5O,f0078ff6
Thu Jan  1 16:44:21 2026,2177000000,EM_ANDAMENTO,iyCIaY5T,f792c942
Thu Jan  1 16:44:23 2026,2177500000,EM_ANDAMENTO,M2n6QA,ffb13248
Thu Jan  1 16:44:25 2026,2178000000,EM_ANDAMENTO,ua,8f669122
Thu Jan  1 16:44:28 2026,2178500000,EM_ANDAMENTO,FxVgAdE,aeccc998
Thu Jan  1 16:44:30 2026,2179000000,EM_ANDAMENTO,wHuIM,9e614d15
Thu Jan  1 16:44:32 2026,2179500000,EM_ANDAMENTO,mLSB1xzK3VRW,f87c6d2c
Thu Jan  1 16:44:35 2026,2180000000,EM_ANDAMENTO,pKQmg,3d23cb3c
Thu Jan  1 16:44:38 2026,2180500000,EM_ANDAMENTO,JTeGX84ooG,ceba2e9e
Thu Jan  1 16:44:40 2026,2181000000,EM_ANDAMENTO,hy0rIL,6df964d2
Thu Jan  1 16:44:42 2026,2181500000,EM_ANDAMENTO,CQZm5sV,aa5a5aa9
Thu Jan  1 16:44:44 2026,2182000000,EM_ANDAMENTO,Kg9Kcq,38689765
Thu Jan  1 16:44:46 2026,2182500000,EM_ANDAMENTO,g1HnNc2Dk,1940c866
Thu Jan  1 16:44:48 2026,2183000000,EM_ANDAMENTO,FtxsR2,33274c7b
Thu Jan  1 16:44:50 2026,2183500000,EM_ANDAMENTO,r3,8d4abd2c
Thu Jan  1 16:44:52 2026,2184000000,EM_ANDAMENTO,G6I7BEjW,838e15a2
Thu Jan  1 16:44:54 2026,2184500000,EM_ANDAMENTO,aNhPVb,17709724
Thu Jan  1 16:44:56 2026,2185000000,EM_ANDAMENTO,Hr,6120d227
Thu Jan  1 16:44:58 2026,2185500000,EM_ANDAMENTO,t,ef012cb5
Thu Jan  1 16:45:00 2026,2186000000,EM_ANDAMENTO,tbdhH,fb813110
Thu Jan  1 16:45:02 2026,2186500000,EM_ANDAMENTO,3l,cb98eed5
Thu Jan  1 16:45:04 2026,2187000000,EM_ANDAMENTO,XR2Mr4EoeGVL,cf7b8fbe
Thu Jan  1 16:45:06 2026,2187500000,EM_ANDAMENTO,pVI,67d67429
Thu Jan  1 16:45:08 2026,2188000000,EM_ANDAMENTO,XJ,9f945f96
Thu Jan  1 16:45:10 2026,2188500000,EM_ANDAMENTO,p,f884289b
Thu Jan  1 16:45:12 2026,2189000000,EM_ANDAMENTO,OhPAfnV,a0c90242
Thu Jan  1 16:45:14 2026,2189500000,EM_ANDAMENTO,Nzn5Xfi,fb507212
Thu Jan  1 16:45:16 2026,2190000000,EM_ANDAMENTO,U,286668ef
Thu Jan  1 16:45:18 2026,2190500000,EM_ANDAMENTO,pCtOv1L,9fd0aa0c
Thu Jan  1 16:45:20 2026,2191000000,EM_ANDAMENTO,VzB,ff577c26
Thu Jan  1 16:45:22 2026,2191500000,EM_ANDAMENTO,Z6z8RCXwDZ,caa87079
Thu Jan  1 16:45:24 2026,2192000000,EM_ANDAMENTO,Pn,68590d27
Thu Jan  1 16:45:26 2026,2192500000,EM_ANDAMENTO,8lZo0sy3,ae51bfea
Thu Jan  1 16:45:28 2026,2193000000,EM_ANDAMENTO,3wOwhliM0,acd78690
Thu Jan  1 16:45:30 2026,2193500000,EM_ANDAMENTO,lTb4Wuv913,399e01f1
Thu Jan  1 16:45:32 2026,2194000000,EM_ANDAMENTO,wxAMMqDZ,6ed16a38
Thu Jan  1 16:45:34 2026,2194500000,EM_ANDAMENTO,fScWzGk,e684f1fc
Thu Jan  1 16:45:36 2026,2195000000,EM_ANDAMENTO,EXaOYnyD,ffd080c2
Thu Jan  1 16:45:38 2026,2195500000,EM_ANDAMENTO,6rTQBrgwemZ,e82ba1e1
Thu Jan  1 16:45:40 2026,2196000000,EM_ANDAMENTO,nNYLUI,7336b9e2
Thu Jan  1 16:45:43 2026,2196500000,EM_ANDAMENTO,8xex,b9b4909d
Thu Jan  1 16:45:45 2026,2197000000,EM_ANDAMENTO,7Io08UaZ2J,80495c6a
Thu Jan  1 16:45:47 2026,2197500000,EM_ANDAMENTO,ffZxPIcqMlP9,8ae9a174
Thu Jan  1 16:45:50 2026,2198000000,EM_ANDAMENTO,rlp0STfcDBC,7f3a84ac
Thu Jan  1 16:45:52 2026,2198500000,EM_ANDAMENTO,gwVFDRKO00KP,b6938e5e
Thu Jan  1 16:45:54 2026,2199000000,EM_ANDAMENTO,ocyk39g3PFL,4074bf2c
Thu Jan  1 16:45:56 2026,2199500000,EM_ANDAMENTO,sWDhf,00f5ca25
Thu Jan  1 16:45:58 2026,2200000000,EM_ANDAMENTO,JkxhHWx,dc2d1ff8
Thu Jan  1 16:46:00 2026,2200500000,EM_ANDAMENTO,R,613edcc8
Thu Jan  1 16:46:02 2026,2201000000,EM_ANDAMENTO,8XioNn9J4lrk,4afd49b9
Thu Jan  1 16:46:04 2026,2201500000,EM_ANDAMENTO,gBGtWdkM9,d5812207
Thu Jan  1 16:46:06 2026,2202000000,EM_ANDAMENTO,6KJaOs,e434aab5
Thu Jan  1 16:46:08 2026,2202500000,EM_ANDAMENTO,9RVwQgYNR,b705b333
Thu Jan  1 16:46:10 2026,2203000000,EM_ANDAMENTO,mn,ab5d76ed
Thu Jan  1 16:46:12 2026,2203500000,EM_ANDAMENTO,Ji2lKf8kBF1,d54570d5
Thu Jan  1 16:46:14 2026,2204000000,EM_ANDAMENTO,kzYqJ3q9Zpi,b433daa4
Thu Jan  1 16:46:16 2026,2204500000,EM_ANDAMENTO,2F,31cf6516
Thu Jan  1 16:46:18 2026,2205000000,EM_ANDAMENTO,nYQ,c2d605cf
Thu Jan  1 16:46:20 2026,2205500000,EM_ANDAMENTO,g8,101f52df
Thu Jan  1 16:46:22 2026,2206000000,EM_ANDAMENTO,M6xTNQoXO,db424810
Thu Jan  1 16:46:24 2026,2206500000,EM_ANDAMENTO,WmuhYHT,5d9aa2b2
Thu Jan  1 16:46:26 2026,2207000000,EM_ANDAMENTO,AivRXR,6cd4b19a
Thu Jan  1 16:46:27 2026,2207500000,EM_ANDAMENTO,NLoV,665ef156
Thu Jan  1 16:46:29 2026,2208000000,EM_ANDAMENTO,OJJBXLZCx,5567aeb3
Thu Jan  1 16:46:31 2026,2208500000,EM_ANDAMENTO,VxEb83VP,5469f551
Thu Jan  1 16:46:33 2026,2209000000,EM_ANDAMENTO,rUp7pHQB,99f804bb
Thu Jan  1 16:46:35 2026,2209500000,EM_ANDAMENTO,wz,19cc1d48
Thu Jan  1 16:46:37 2026,2210000000,EM_ANDAMENTO,j7hPrG6pSzd,d59f4244
Thu Jan  1 16:46:39 2026,2210500000,EM_ANDAMENTO,nZZ8cKx63bDC,94d60f6e
Thu Jan  1 16:46:41 2026,2211000000,EM_ANDAMENTO,qGpxCAcCFV1,18ea9f19
Thu Jan  1 16:46:43 2026,2211500000,EM_ANDAMENTO,HN05VucQnHt,6c49976c
Thu Jan  1 16:46:45 2026,2212000000,EM_ANDAMENTO,052UNZ7qID,7ac5d1b5
Thu Jan  1 16:46:47 2026,2212500000,EM_ANDAMENTO,GGD,3b31f8b4
Thu Jan  1 16:46:49 2026,2213000000,EM_ANDAMENTO,RI,b5f471ba
Thu Jan  1 16:46:51 2026,2213500000,EM_ANDAMENTO,OwpVaSJubQXo,a8cc1833
Thu Jan  1 16:46:53 2026,2214000000,EM_ANDAMENTO,0g7VxGQghZ,d00a0c62
Thu Jan  1 16:46:55 2026,2214500000,EM_ANDAMENTO,kTsGYgk,16e6f153
Thu Jan  1 16:46:57 2026,2215000000,EM_ANDAMENTO,rzspbo,f23bc608
Thu Jan  1 16:46:58 2026,2215500000,EM_ANDAMENTO,s,bc5ac4a3
Thu Jan  1 16:47:00 2026,2216000000,EM_ANDAMENTO,3uwtkCL1ELU,80eac8b4
Thu Jan  1 16:47:02 2026,2216500000,EM_ANDAMENTO,C,2e9587f4
Thu Jan  1 16:47:05 2026,2217000000,EM_ANDAMENTO,Tl3,a3f739df
Thu Jan  1 16:47:06 2026,2217500000,EM_ANDAMENTO,sPM7VVmZ2,27e43e83
Thu Jan  1 16:47:08 2026,2218000000,EM_ANDAMENTO,1UaEGLzy,ab91f9ff
Thu Jan  1 16:47:10 2026,2218500000,EM_ANDAMENTO,RslQBc4upUs,9467dbfe
Thu Jan  1 16:47:12 2026,2219000000,EM_ANDAMENTO,doyRb,49f0f69c
Thu Jan  1 16:47:14 2026,2219500000,EM_ANDAMENTO,pM1cUwFvfj,dd47a5c1
Thu Jan  1 16:47:16 2026,2220000000,EM_ANDAMENTO,dbeVJ,b8302442
Thu Jan  1 16:47:18 2026,2220500000,EM_ANDAMENTO,AY,aab0d949
Thu Jan  1 16:47:20 2026,2221000000,EM_ANDAMENTO,OIz55aoJgZN,12c2192b
Thu Jan  1 16:47:22 2026,2221500000,EM_ANDAMENTO,5718vYazsWH,08831095
Thu Jan  1 16:47:24 2026,2222000000,EM_ANDAMENTO,0RmbFXj,32831057
Thu Jan  1 16:47:26 2026,2222500000,EM_ANDAMENTO,KfDS,f50b2a69
Thu Jan  1 16:47:28 2026,2223000000,EM_ANDAMENTO,5tbD75Df,1a0e99ca
Thu Jan  1 16:47:30 2026,2223500000,EM_ANDAMENTO,8E467Ev2N,5090c688
Thu Jan  1 16:47:32 2026,2224000000,EM_ANDAMENTO,CBBbHn7IW,d7d03ec8
Thu Jan  1 16:47:34 2026,2224500000,EM_ANDAMENTO,0VzBq3nDJ4qZ,275c6aab
Thu Jan  1 16:47:36 2026,2225000000,EM_ANDAMENTO,Tb70an4p,f69b2290
Thu Jan  1 16:47:38 2026,2225500000,EM_ANDAMENTO,INRz6u,f310f305
Thu Jan  1 16:47:39 2026,2226000000,EM_ANDAMENTO,irHzUNoKtj,73998982
Thu Jan  1 16:47:41 2026,2226500000,EM_ANDAMENTO,5cb,08cd5146
Thu Jan  1 16:47:43 2026,2227000000,EM_ANDAMENTO,c,a5c1009b
Thu Jan  1 16:47:45 2026,2227500000,EM_ANDAMENTO,heROC,8c071835
Thu Jan  1 16:47:47 2026,2228000000,EM_ANDAMENTO,iX5j2A3hPsz,6dcd1aee
Thu Jan  1 16:47:49 2026,2228500000,EM_ANDAMENTO,C13W,8bfbabc7
Thu Jan  1 16:47:51 2026,2229000000,EM_ANDAMENTO,IrpsZpANCzfH,fdb1f6fd
Thu Jan  1 16:47:53 2026,2229500000,EM_ANDAMENTO,ml1SfTLAB16c,661de32f
Thu Jan  1 16:47:55 2026,2230000000,EM_ANDAMENTO,vBjM8K,ba44ef8a
Thu Jan  1 16:47:57 2026,2230500000,EM_ANDAMENTO,oXr6,0b70d9fd
Thu Jan  1 16:48:00 2026,2231000000,EM_ANDAMENTO,TQak,d4118028
Thu Jan  1 16:48:02 2026,2231500000,EM_ANDAMENTO,10bVTq,63b5d7ba
Thu Jan  1 16:48:04 2026,2232000000,EM_ANDAMENTO,qOShW,e9ce9b82
Thu Jan  1 16:48:06 2026,2232500000,EM_ANDAMENTO,R,613edcc8
Thu Jan  1 16:48:08 2026,2233000000,EM_ANDAMENTO,tpnVd,4803d0f9
Thu Jan  1 16:48:10 2026,2233500000,EM_ANDAMENTO,o5Xaz9v,d185a364
Thu Jan  1 16:48:12 2026,2234000000,EM_ANDAMENTO,pQg5brpv,1f3d718e
Thu Jan  1 16:48:14 2026,2234500000,EM_ANDAMENTO,m,c5c95598
Thu Jan  1 16:48:16 2026,2235000000,EM_ANDAMENTO,zQ4NlP,72ff40eb
Thu Jan  1 16:48:18 2026,2235500000,EM_ANDAMENTO,KB,6d3976ef
Thu Jan  1 16:48:20 2026,2236000000,EM_ANDAMENTO,lPUEfW,45692771
Thu Jan  1 16:48:22 2026,2236500000,EM_ANDAMENTO,YAmd,f82a195a
Thu Jan  1 16:48:24 2026,2237000000,EM_ANDAMENTO,ovtQewiIpp,3ae4ec37
Thu Jan  1 16:48:26 2026,2237500000,EM_ANDAMENTO,M,b969a39b
Thu Jan  1 16:48:28 2026,2238000000,EM_ANDAMENTO,GCIahAhb,22736c68
Thu Jan  1 16:48:30 2026,2238500000,EM_ANDAMENTO,P60I3NVe,1510b3c8
Thu Jan  1 16:48:31 2026,2239000000,EM_ANDAMENTO,KNc,e1b293a7
Thu Jan  1 16:48:33 2026,2239500000,EM_ANDAMENTO,1vj9,91fa91e1
Thu Jan  1 16:48:35 2026,2240000000,EM_ANDAMENTO,HVOFqCZaF,108285cd
Thu Jan  1 16:48:37 2026,2240500000,EM_ANDAMENTO,MTbVghn7,a5ea9bb5
Thu Jan  1 16:48:39 2026,2241000000,EM_ANDAMENTO,Iwk,154be347
Thu Jan  1 16:48:41 2026,2241500000,EM_ANDAMENTO,tFjozmPruqhs,7c287502
Thu Jan  1 16:48:43 2026,2242000000,EM_ANDAMENTO,yjidz9XJ,a3da0859
Thu Jan  1 16:48:45 2026,2242500000,EM_ANDAMENTO,JV8QMDw,d1f998f6
Thu Jan  1 16:48:47 2026,2243000000,EM_ANDAMENTO,BkN1Nxi7a5T1,517b9ffa
Thu Jan  1 16:48:49 2026,2243500000,EM_ANDAMENTO,BJI7ypwDS,a270260f
Thu Jan  1 16:48:51 2026,2244000000,EM_ANDAMENTO,stgdubIt,a629cc55
Thu Jan  1 16:48:53 2026,2244500000,EM_ANDAMENTO,uPj6eQfr,1992582c
Thu Jan  1 16:48:55 2026,2245000000,EM_ANDAMENTO,JxCDiZeFBP,caf4c890
Thu Jan  1 16:48:57 2026,2245500000,EM_ANDAMENTO,T,9dd7847b
Thu Jan  1 16:48:59 2026,2246000000,EM_ANDAMENTO,uLVIOFr0i,85f86a87
Thu Jan  1 16:49:01 2026,2246500000,EM_ANDAMENTO,WBj,876898b3
Thu Jan  1 16:49:03 2026,2247000000,EM_ANDAMENTO,IS,aa1d02ec
Thu Jan  1 16:49:05 2026,2247500000,EM_ANDAMENTO,5CVcpxwtBre5,a44f9124
Thu Jan  1 16:49:07 2026,2248000000,EM_ANDAMENTO,grnl6CNkX8,271841d0
Thu Jan  1 16:49:09 2026,2248500000,EM_ANDAMENTO,vqvSI,9c13d871
Thu Jan  1 16:49:11 2026,2249000000,EM_ANDAMENTO,FVHSOWcodjVW,038eb5de
Thu Jan  1 16:49:13 2026,2249500000,EM_ANDAMENTO,yVsFHw,13cf4e9b
Thu Jan  1 16:49:15 2026,2250000000,EM_ANDAMENTO,4ha2rxDif,4b9b9e9d
Thu Jan  1 16:49:17 2026,2250500000,EM_ANDAMENTO,DDS41EcRRW,ac1dc5cd
Thu Jan  1 16:49:19 2026,2251000000,EM_ANDAMENTO,acRnRrAngB,e6abadbb
Thu Jan  1 16:49:21 2026,2251500000,EM_ANDAMENTO,g3NqQyDXAp,a5f7249c
Thu Jan  1 16:49:23 2026,2252000000,EM_ANDAMENTO,aKtb,018e78c7
Thu Jan  1 16:49:25 2026,2252500000,EM_ANDAMENTO,f,2c6c3bcd
Thu Jan  1 16:49:27 2026,2253000000,EM_ANDAMENTO,B,74865dbf
Thu Jan  1 16:49:29 2026,2253500000,EM_ANDAMENTO,N,9e1bfdab
Thu Jan  1 16:49:31 2026,2254000000,EM_ANDAMENTO,04Rz,14dbc116
Thu Jan  1 16:49:33 2026,2254500000,EM_ANDAMENTO,ls0OkT3B4R,5acc6827
Thu Jan  1 16:49:35 2026,2255000000,EM_ANDAMENTO,86,7fcb47d3
Thu Jan  1 16:49:37 2026,2255500000,EM_ANDAMENTO,ke22v,a0aae741
Thu Jan  1 16:49:39 2026,2256000000,EM_ANDAMENTO,kM2Be,5c37e541
Thu Jan  1 16:49:41 2026,2256500000,EM_ANDAMENTO,kZ8RRpx,61c484a4
Thu Jan  1 16:49:43 2026,2257000000,EM_ANDAMENTO,yMRqzy,725c4c3e
Thu Jan  1 16:49:45 2026,2257500000,EM_ANDAMENTO,r9vcKU9bxd8V,71456a1c
Thu Jan  1 16:49:47 2026,2258000000,EM_ANDAMENTO,ih,8f1bce88
Thu Jan  1 16:49:49 2026,2258500000,EM_ANDAMENTO,iNU6BoCOF,fc858eb2
Thu Jan  1 16:49:51 2026,2259000000,EM_ANDAMENTO,bN2c,09e0f4e0
Thu Jan  1 16:49:53 2026,2259500000,EM_ANDAMENTO,BC6,7401fd0c
Thu Jan  1 16:49:55 2026,2260000000,EM_ANDAMENTO,HHJjMf,3d64ad88
Thu Jan  1 16:49:57 2026,2260500000,EM_ANDAMENTO,Jq,76b41d73
Thu Jan  1 16:49:59 2026,2261000000,EM_ANDAMENTO,GWQMEHk1VMZU,df9e66c5
Thu Jan  1 16:50:01 2026,2261500000,EM_ANDAMENTO,yOy,296227be
Thu Jan  1 16:50:03 2026,2262000000,EM_ANDAMENTO,1BI,a10552b4
Thu Jan  1 16:50:05 2026,2262500000,EM_ANDAMENTO,fGd,247e1a07
Thu Jan  1 16:50:07 2026,2263000000,EM_ANDAMENTO,t4H,2ee1fc2c
Thu Jan  1 16:50:09 2026,2263500000,EM_ANDAMENTO,OK3xNbB14,59d08d40
Thu Jan  1 16:50:11 2026,2264000000,EM_ANDAMENTO,RVhFR,10d5968a
Thu Jan  1 16:50:13 2026,2264500000,EM_ANDAMENTO,PymYqI6k,1b51b100
Thu Jan  1 16:50:15 2026,2265000000,EM_ANDAMENTO,RWg,ccc8f07c
Thu Jan  1 16:50:17 2026,2265500000,EM_ANDAMENTO,aeAc6kArVacu,72be6ab5
Thu Jan  1 16:50:19 2026,2266000000,EM_ANDAMENTO,Y,5bf27867
Thu Jan  1 16:50:21 2026,2266500000,EM_ANDAMENTO,6l0yhXtE,459ba4e2
Thu Jan  1 16:50:23 2026,2267000000,EM_ANDAMENTO,6PhL2tqsGUL,720f365c
Thu Jan  1 16:50:25 2026,2267500000,EM_ANDAMENTO,il,792a667d
Thu Jan  1 16:50:27 2026,2268000000,EM_ANDAMENTO,JwzRHf,7dabf776
Thu Jan  1 16:50:29 2026,2268500000,EM_ANDAMENTO,Jfyhte1adFA,a4136d75
Thu Jan  1 16:50:31 2026,2269000000,EM_ANDAMENTO,VopDR5KW,484c041e
Thu Jan  1 16:50:33 2026,2269500000,EM_ANDAMENTO,fiZLGptRt,ea2abc32
Thu Jan  1 16:50:35 2026,2270000000,EM_ANDAMENTO,3eHMN,9bee844e
Thu Jan  1 16:50:37 2026,2270500000,EM_ANDAMENTO,rA,7f5a6269
Thu Jan  1 16:50:40 2026,2271000000,EM_ANDAMENTO,v,904f2f17
Thu Jan  1 16:50:42 2026,2271500000,EM_ANDAMENTO,rfzw,a6cc0ab6
Thu Jan  1 16:50:44 2026,2272000000,EM_ANDAMENTO,k8vENp73iWuv,0173fb95
Thu Jan  1 16:50:46 2026,2272500000,EM_ANDAMENTO,LhW7F2gQPI,062f012c
Thu Jan  1 16:50:48 2026,2273000000,EM_ANDAMENTO,70ZCNazuK2SY,ecf60d71
Thu Jan  1 16:50:50 2026,2273500000,EM_ANDAMENTO,Nv19BKtpNss,8cfe1158
Thu Jan  1 16:50:52 2026,2274000000,EM_ANDAMENTO,lJ,9673396d
Thu Jan  1 16:50:54 2026,2274500000,EM_ANDAMENTO,jyIHDqt30cTs,ee7fe8ef
Thu Jan  1 16:50:56 2026,2275000000,EM_ANDAMENTO,5qhK11q,56ac4649
Thu Jan  1 16:50:58 2026,2275500000,EM_ANDAMENTO,DZ9J2wB,c4c2b4cd
Thu Jan  1 16:51:00 2026,2276000000,EM_ANDAMENTO,txwJ82fO46bK,d4072e2c
Thu Jan  1 16:51:02 2026,2276500000,EM_ANDAMENTO,fCg3Y,cff041ef
Thu Jan  1 16:51:04 2026,2277000000,EM_ANDAMENTO,W831JMFyia,5f73a194
Thu Jan  1 16:51:06 2026,2277500000,EM_ANDAMENTO,XEBdJ4G7,4daeaa77
Thu Jan  1 16:51:08 2026,2278000000,EM_ANDAMENTO,DthE0NJ,b4e6b301
Thu Jan  1 16:51:10 2026,2278500000,EM_ANDAMENTO,wgEC2TLUouq,3dfec79f
Thu Jan  1 16:51:12 2026,2279000000,EM_ANDAMENTO,2HGUr82q,e73502c4
Thu Jan  1 16:51:14 2026,2279500000,EM_ANDAMENTO,duZ1E7MTq,5c5a1d17
Thu Jan  1 16:51:16 2026,2280000000,EM_ANDAMENTO,198nAwUWJPT,febae768
Thu Jan  1 16:51:18 2026,2280500000,EM_ANDAMENTO,8y,7d0d1b5a
Thu Jan  1 16:51:20 2026,2281000000,EM_ANDAMENTO,BohY,b878d52f
Thu Jan  1 16:51:22 2026,2281500000,EM_ANDAMENTO,pv6E,ea6b2b30
Thu Jan  1 16:51:24 2026,2282000000,EM_ANDAMENTO,U7WFVf9V5wb,f4fd4a0d
Thu Jan  1 16:51:26 2026,2282500000,EM_ANDAMENTO,FYh72r3nf1,bb4468f3
Thu Jan  1 16:51:28 2026,2283000000,EM_ANDAMENTO,ul1,4e5bcb18
Thu Jan  1 16:51:30 2026,2283500000,EM_ANDAMENTO,1MQ3cp5,b7b9389c
Thu Jan  1 16:51:32 2026,2284000000,EM_ANDAMENTO,U1,2b2b7c88
Thu Jan  1 16:51:34 2026,2284500000,EM_ANDAMENTO,FkIXj0V,92204b7f
Thu Jan  1 16:51:36 2026,2285000000,EM_ANDAMENTO,S,9934d41d
Thu Jan  1 16:51:38 2026,2285500000,EM_ANDAMENTO,Nc5uO9SQ,51b51a34
Thu Jan  1 16:51:40 2026,2286000000,EM_ANDAMENTO,XrnN2Dv,c28ca27b
Thu Jan  1 16:51:42 2026,2286500000,EM_ANDAMENTO,s8zkztIkKw,b31224a0
Thu Jan  1 16:51:44 2026,2287000000,EM_ANDAMENTO,8NkkiC,0c3b3072
Thu Jan  1 16:51:45 2026,2287500000,EM_ANDAMENTO,vS,c27f47a9
Thu Jan  1 16:51:48 2026,2288000000,EM_ANDAMENTO,IdmER,e4e10e0c
Thu Jan  1 16:51:49 2026,2288500000,EM_ANDAMENTO,l,5238d98f
Thu Jan  1 16:51:51 2026,2289000000,EM_ANDAMENTO,5HYzY7OFsv,0e877298
Thu Jan  1 16:51:53 2026,2289500000,EM_ANDAMENTO,g,7a529e89
Thu Jan  1 16:51:55 2026,2290000000,EM_ANDAMENTO,6qlMFeHUn6zJ,e41a408d
Thu Jan  1 16:51:57 2026,2290500000,EM_ANDAMENTO,mjvEtHrV,efa5bea0
Thu Jan  1 16:51:59 2026,2291000000,EM_ANDAMENTO,f7,fd56424b
Thu Jan  1 16:52:01 2026,2291500000,EM_ANDAMENTO,ld,41293438
Thu Jan  1 16:52:04 2026,2292000000,EM_ANDAMENTO,oUrNqBw,58e0c29f
Thu Jan  1 16:52:07 2026,2292500000,EM_ANDAMENTO,cl5ZhA,eb9ebbe9
Thu Jan  1 16:52:10 2026,2293000000,EM_ANDAMENTO,LwzHgTsC0c9,be4bc6e4
Thu Jan  1 16:52:12 2026,2293500000,EM_ANDAMENTO,lNG,ceada35a
Thu Jan  1 16:52:15 2026,2294000000,EM_ANDAMENTO,Iel3L5dElYkg,b63aeda6
Thu Jan  1 16:52:17 2026,2294500000,EM_ANDAMENTO,KK8IBA,7b7c0662
Thu Jan  1 16:52:20 2026,2295000000,EM_ANDAMENTO,k5Pr4K,401007d2
Thu Jan  1 16:52:23 2026,2295500000,EM_ANDAMENTO,n73ULC,e518e6b5
Thu Jan  1 16:52:26 2026,2296000000,EM_ANDAMENTO,51hrp,2830a8a2
Thu Jan  1 16:52:29 2026,2296500000,EM_ANDAMENTO,iOhdnVo,22e77098
Thu Jan  1 16:52:32 2026,2297000000,EM_ANDAMENTO,eb,421dccdb
Thu Jan  1 16:52:35 2026,2297500000,EM_ANDAMENTO,0pjW64v,dc5a2e1b
Thu Jan  1 16:52:38 2026,2298000000,EM_ANDAMENTO,aVeQB,fc914b80
Thu Jan  1 16:52:40 2026,2298500000,EM_ANDAMENTO,iF4Nby1LO,825d4a7a
Thu Jan  1 16:52:43 2026,2299000000,EM_ANDAMENTO,OxtKnsJVCb,84060993
Thu Jan  1 16:52:46 2026,2299500000,EM_ANDAMENTO,GLPMsA,ec76629f
Thu Jan  1 16:52:49 2026,2300000000,EM_ANDAMENTO,eRUb4,16c6f518
Thu Jan  1 16:52:52 2026,2300500000,EM_ANDAMENTO,RcpZt,15a56ce4
Thu Jan  1 16:52:55 2026,2301000000,EM_ANDAMENTO,PKPTEW,9621a8a8
Thu Jan  1 16:52:57 2026,2301500000,EM_ANDAMENTO,VrXmn,e72d6e55
Thu Jan  1 16:52:59 2026,2302000000,EM_ANDAMENTO,9G74,375f6fe4
Thu Jan  1 16:53:02 2026,2302500000,EM_ANDAMENTO,sRLK,93c0dbe8
Thu Jan  1 16:53:04 2026,2303000000,EM_ANDAMENTO,KcKLh,577eac26
Thu Jan  1 16:53:07 2026,2303500000,EM_ANDAMENTO,mKDd,a41f0961
Thu Jan  1 16:53:10 2026,2304000000,EM_ANDAMENTO,ykrquVSBnY4w,58630060
Thu Jan  1 16:53:13 2026,2304500000,EM_ANDAMENTO,dQrMkpJ,5746712a
Thu Jan  1 16:53:15 2026,2305000000,EM_ANDAMENTO,rlhX58cP,56f14802
Thu Jan  1 16:53:18 2026,2305500000,EM_ANDAMENTO,xGmnr,cc9c6d28
Thu Jan  1 16:53:21 2026,2306000000,EM_ANDAMENTO,DPMd2f,6719c73c
Thu Jan  1 16:53:24 2026,2306500000,EM_ANDAMENTO,K2PtqMF73q,fae36b19
Thu Jan  1 16:53:26 2026,2307000000,EM_ANDAMENTO,hFN3,4bba86b8
Thu Jan  1 16:53:29 2026,2307500000,EM_ANDAMENTO,kTeC2D,5f00efc6
Thu Jan  1 16:53:31 2026,2308000000,EM_ANDAMENTO,t,ef012cb5
Thu Jan  1 16:53:34 2026,2308500000,EM_ANDAMENTO,6boi,00806eb0
Thu Jan  1 16:53:36 2026,2309000000,EM_ANDAMENTO,o,a0b20673
Thu Jan  1 16:53:38 2026,2309500000,EM_ANDAMENTO,GL,2aabd55a
Thu Jan  1 16:53:40 2026,2310000000,EM_ANDAMENTO,Yli,9e4b9813
Thu Jan  1 16:53:42 2026,2310500000,EM_ANDAMENTO,YU4Cs,db7a6f3b
Thu Jan  1 16:53:45 2026,2311000000,EM_ANDAMENTO,Dl06,5cd68da4
Thu Jan  1 16:53:46 2026,2311500000,EM_ANDAMENTO,h9c6eBCzRK,bf8c649b
Thu Jan  1 16:53:48 2026,2312000000,EM_ANDAMENTO,uZ6nFVSXE,f4f7efd9
Thu Jan  1 16:53:50 2026,2312500000,EM_ANDAMENTO,zVs,9600b21c
Thu Jan  1 16:53:53 2026,2313000000,EM_ANDAMENTO,HthuN,b6063d37
Thu Jan  1 16:53:54 2026,2313500000,EM_ANDAMENTO,I,9264d438
Thu Jan  1 16:53:56 2026,2314000000,EM_ANDAMENTO,BZ5XNCozxWm,9d2d3504
Thu Jan  1 16:53:58 2026,2314500000,EM_ANDAMENTO,o,a0b20673
Thu Jan  1 16:54:00 2026,2315000000,EM_ANDAMENTO,p,f884289b
Thu Jan  1 16:54:02 2026,2315500000,EM_ANDAMENTO,jdTpNzDg,af3dac1c
Thu Jan  1 16:54:04 2026,2316000000,EM_ANDAMENTO,pGxX,2f372511
Thu Jan  1 16:54:07 2026,2316500000,EM_ANDAMENTO,BFfYWZmgVCI,efee56e8
Thu Jan  1 16:54:09 2026,2317000000,EM_ANDAMENTO,CRmYGL,5818264d
Thu Jan  1 16:54:11 2026,2317500000,EM_ANDAMENTO,FZ,80bce3b3
Thu Jan  1 16:54:13 2026,2318000000,EM_ANDAMENTO,WaI,a5c96e41
Thu Jan  1 16:54:15 2026,2318500000,EM_ANDAMENTO,aKXxtGTo,b55851b7
Thu Jan  1 16:54:16 2026,2319000000,EM_ANDAMENTO,ItuyGJTcjnhX,c854b80c
Thu Jan  1 16:54:18 2026,2319500000,EM_ANDAMENTO,YFZ1UpW,bf4dbf3f
Thu Jan  1 16:54:20 2026,2320000000,EM_ANDAMENTO,mPkIa3v,f0105f9d
Thu Jan  1 16:54:22 2026,2320500000,EM_ANDAMENTO,jWBbkLWxKRQ,60e161a9
Thu Jan  1 16:54:24 2026,2321000000,EM_ANDAMENTO,VbzOaZVvij70,5e321210
Thu Jan  1 16:54:26 2026,2321500000,EM_ANDAMENTO,m,c5c95598
Thu Jan  1 16:54:28 2026,2322000000,EM_ANDAMENTO,wcYMIcHRkuvD,d6e4bd2c
Thu Jan  1 16:54:30 2026,2322500000,EM_ANDAMENTO,uw2I,4f24dad1
Thu Jan  1 16:54:32 2026,2323000000,EM_ANDAMENTO,nnlN9,672d50db
Thu Jan  1 16:54:34 2026,2323500000,EM_ANDAMENTO,bsh8Ow6nB,5aec134b
Thu Jan  1 16:54:36 2026,2324000000,EM_ANDAMENTO,8E7vxzBiJsUu,c181eb7b
Thu Jan  1 16:54:38 2026,2324500000,EM_ANDAMENTO,YPhyjLf,36c2c509
Thu Jan  1 16:54:40 2026,2325000000,EM_ANDAMENTO,eAwxOuP,73e7bcdf
Thu Jan  1 16:54:42 2026,2325500000,EM_ANDAMENTO,N,9e1bfdab
Thu Jan  1 16:54:44 2026,2326000000,EM_ANDAMENTO,bqbibLAIBE,69bd9238
Thu Jan  1 16:54:46 2026,2326500000,EM_ANDAMENTO,QeY5p7YS,4fb69d1c
Thu Jan  1 16:54:48 2026,2327000000,EM_ANDAMENTO,t,ef012cb5
Thu Jan  1 16:54:50 2026,2327500000,EM_ANDAMENTO,S60foE,afcadfe8
Thu Jan  1 16:54:52 2026,2328000000,EM_ANDAMENTO,9DawD9,fde6a248
Thu Jan  1 16:54:54 2026,2328500000,EM_ANDAMENTO,Z8d3,a850f8ac
Thu Jan  1 16:54:58 2026,2329000000,EM_ANDAMENTO,y4jFLdq5NQW,15b2a34a
Thu Jan  1 16:55:02 2026,2329500000,EM_ANDAMENTO,zErA3Nh0IRc,647fdabf
Thu Jan  1 16:55:04 2026,2330000000,EM_ANDAMENTO,ru,cda7f838
Thu Jan  1 16:55:06 2026,2330500000,EM_ANDAMENTO,y6abhMP,092f21ed
Thu Jan  1 16:55:08 2026,2331000000,EM_ANDAMENTO,6,21d93093
Thu Jan  1 16:55:10 2026,2331500000,EM_ANDAMENTO,DqP4LmEmbsRo,0e015a35
Thu Jan  1 16:55:12 2026,2332000000,EM_ANDAMENTO,I6,c9408989
Thu Jan  1 16:55:14 2026,2332500000,EM_ANDAMENTO,Vp993,28a7fc0f
Thu Jan  1 16:55:16 2026,2333000000,EM_ANDAMENTO,mDZZ,8feab7ee
Thu Jan  1 16:55:18 2026,2333500000,EM_ANDAMENTO,ersvIAUr,7e8e0292
Thu Jan  1 16:55:20 2026,2334000000,EM_ANDAMENTO,yvXcy0,e3068211
Thu Jan  1 16:55:21 2026,2334500000,EM_ANDAMENTO,XRy,198c1dc2
Thu Jan  1 16:55:24 2026,2335000000,EM_ANDAMENTO,zq,160fef26
Thu Jan  1 16:55:26 2026,2335500000,EM_ANDAMENTO,eYatv6,eedfaf66
Thu Jan  1 16:55:28 2026,2336000000,EM_ANDAMENTO,EA1pb,10b4c381
Thu Jan  1 16:55:30 2026,2336500000,EM_ANDAMENTO,zcx,9727be18
Thu Jan  1 16:55:33 2026,2337000000,EM_ANDAMENTO,z1blMTo81,63f2b003
Thu Jan  1 16:55:35 2026,2337500000,EM_ANDAMENTO,N0G8Emj,25297c59
Thu Jan  1 16:55:37 2026,2338000000,EM_ANDAMENTO,lmWnQLXlG,fe0fa2b5
Thu Jan  1 16:55:39 2026,2338500000,EM_ANDAMENTO,2Tgo,8b9e79d2
Thu Jan  1 16:55:41 2026,2339000000,EM_ANDAMENTO,X11LMWoZ,73c7854d
Thu Jan  1 16:55:43 2026,2339500000,EM_ANDAMENTO,nG,ba87ecb4
Thu Jan  1 16:55:45 2026,2340000000,EM_ANDAMENTO,lXfqK,0fe38d9c
Thu Jan  1 16:55:47 2026,2340500000,EM_ANDAMENTO,G5P06d,8bdf6cb4
Thu Jan  1 16:55:49 2026,2341000000,EM_ANDAMENTO,g5T,93c8a207
Thu Jan  1 16:55:51 2026,2341500000,EM_ANDAMENTO,uGjvTc4J9B,38f24c84
Thu Jan  1 16:55:53 2026,2342000000,EM_ANDAMENTO,BeXlX,fa6ae7e5
Thu Jan  1 16:55:55 2026,2342500000,EM_ANDAMENTO,tomA,a39158d5
Thu Jan  1 16:55:58 2026,2343000000,EM_ANDAMENTO,CK9QUdBS,f0e883e8
Thu Jan  1 16:56:00 2026,2343500000,EM_ANDAMENTO,r,95434212
Thu Jan  1 16:56:02 2026,2344000000,EM_ANDAMENTO,NGmc3KSE2,28e1da1e
Thu Jan  1 16:56:05 2026,2344500000,EM_ANDAMENTO,5gZH3RmTI1,5c484b33
Thu Jan  1 16:56:07 2026,2345000000,EM_ANDAMENTO,7luPJMUS,ad8a6d1c
Thu Jan  1 16:56:09 2026,2345500000,EM_ANDAMENTO,w43kK,168b8133
Thu Jan  1 16:56:11 2026,2346000000,EM_ANDAMENTO,cBe1Vqwl,d272bfc6
Thu Jan  1 16:56:13 2026,2346500000,EM_ANDAMENTO,Tr6sIR,727f0e8c
Thu Jan  1 16:56:15 2026,2347000000,EM_ANDAMENTO,hluI5m,84558435
Thu Jan  1 16:56:18 2026,2347500000,EM_ANDAMENTO,Fb,93cebb5e
Thu Jan  1 16:56:20 2026,2348000000,EM_ANDAMENTO,PnRqalf7d5,75cf9903
Thu Jan  1 16:56:22 2026,2348500000,EM_ANDAMENTO,WazI8u,ef01e5ea
Thu Jan  1 16:56:24 2026,2349000000,EM_ANDAMENTO,ybSzdyjxY,137ddafb
Thu Jan  1 16:56:26 2026,2349500000,EM_ANDAMENTO,5NoftBhJSyM3,5923ca56
Thu Jan  1 16:56:28 2026,2350000000,EM_ANDAMENTO,Djz19TVz,9fc23080
Thu Jan  1 16:56:30 2026,2350500000,EM_ANDAMENTO,Upl85I5o,d4e87059
Thu Jan  1 16:56:32 2026,2351000000,EM_ANDAMENTO,ddmlbSQa6SFj,753e414c
Thu Jan  1 16:56:35 2026,2351500000,EM_ANDAMENTO,xx9Y6,a7eb20e7
Thu Jan  1 16:56:37 2026,2352000000,EM_ANDAMENTO,0uy9ST,b16f52d4
Thu Jan  1 16:56:39 2026,2352500000,EM_ANDAMENTO,CR5dlrhSu83,6c4a531a
Thu Jan  1 16:56:41 2026,2353000000,EM_ANDAMENTO,ds3f,bf57110c
Thu Jan  1 16:56:43 2026,2353500000,EM_ANDAMENTO,8cIfq,b07e936e
Thu Jan  1 16:56:45 2026,2354000000,EM_ANDAMENTO,i0Nz68,c8c90347
Thu Jan  1 16:56:47 2026,2354500000,EM_ANDAMENTO,brnzetFyiW,d201a7da
Thu Jan  1 16:56:50 2026,2355000000,EM_ANDAMENTO,jph4PDVkxX,5c3f7f92
Thu Jan  1 16:56:52 2026,2355500000,EM_ANDAMENTO,25UJ7ko2DR,ba7a2831
Thu Jan  1 16:56:54 2026,2356000000,EM_ANDAMENTO,NULisQKe,06653add
Thu Jan  1 16:56:56 2026,2356500000,EM_ANDAMENTO,tw,7ce5d703
Thu Jan  1 16:56:59 2026,2357000000,EM_ANDAMENTO,gW7ejTvcz,31584213
Thu Jan  1 16:57:01 2026,2357500000,EM_ANDAMENTO,0l56isBrtmc,b834a294
Thu Jan  1 16:57:03 2026,2358000000,EM_ANDAMENTO,cuWK,bdb5a6dc
Thu Jan  1 16:57:05 2026,2358500000,EM_ANDAMENTO,T8fqgVwsZwZ,69e6c2de
Thu Jan  1 16:57:07 2026,2359000000,EM_ANDAMENTO,1,ebaf5ccd
Thu Jan  1 16:57:10 2026,2359500000,EM_ANDAMENTO,YWJY1oHcvjy,cc2f9721
Thu Jan  1 16:57:12 2026,2360000000,EM_ANDAMENTO,iEeVtt4fGp0S,ccbd2383
Thu Jan  1 16:57:14 2026,2360500000,EM_ANDAMENTO,gmi5,b6375bdc
Thu Jan  1 16:57:16 2026,2361000000,EM_ANDAMENTO,CerBtut0Q2F5,f20f4091
Thu Jan  1 16:57:18 2026,2361500000,EM_ANDAMENTO,IKSphIe2,78984f83
Thu Jan  1 16:57:20 2026,2362000000,EM_ANDAMENTO,VTJf5CorD51,0da28cbb
Thu Jan  1 16:57:22 2026,2362500000,EM_ANDAMENTO,vRgr9ghOqGP,f4419a0b
Thu Jan  1 16:57:24 2026,2363000000,EM_ANDAMENTO,TbT6yf6P,febd4bbd
Thu Jan  1 16:57:26 2026,2363500000,EM_ANDAMENTO,SZC,599bc0f8
Thu Jan  1 16:57:28 2026,2364000000,EM_ANDAMENTO,zrkBaCuSsPm,09e5f1b6
Thu Jan  1 16:57:30 2026,2364500000,EM_ANDAMENTO,yAKQnIZ9,93cfef6c
Thu Jan  1 16:57:32 2026,2365000000,EM_ANDAMENTO,U2JUeB4PotIR,0f221fa5
Thu Jan  1 16:57:34 2026,2365500000,EM_ANDAMENTO,iqXTjdv,b7ff5da5
Thu Jan  1 16:57:36 2026,2366000000,EM_ANDAMENTO,3pnbQNwqcARe,a06f8a4e
Thu Jan  1 16:57:38 2026,2366500000,EM_ANDAMENTO,IQM7xYPqHazJ,f78ac1af
Thu Jan  1 16:57:40 2026,2367000000,EM_ANDAMENTO,b57j97YGuV,ce2efaaa
Thu Jan  1 16:57:43 2026,2367500000,EM_ANDAMENTO,O4pBuBMZ,60831df9
Thu Jan  1 16:57:45 2026,2368000000,EM_ANDAMENTO,CcinPo,6b9eb53d
Thu Jan  1 16:57:46 2026,2368500000,EM_ANDAMENTO,OnyyXsTcp,5e59e1ff
Thu Jan  1 16:57:48 2026,2369000000,EM_ANDAMENTO,qfDoLLCNm,b63f2f95
Thu Jan  1 16:57:52 2026,2369500000,EM_ANDAMENTO,sHxqDJcuBa,e4a02d71
Thu Jan  1 16:57:56 2026,2370000000,EM_ANDAMENTO,dl,b0339239
Thu Jan  1 16:58:00 2026,2370500000,EM_ANDAMENTO,wETl8sT42A5g,1d8d7416
Thu Jan  1 16:58:04 2026,2371000000,EM_ANDAMENTO,ggRz,5d2b4a59
Thu Jan  1 16:58:07 2026,2371500000,EM_ANDAMENTO,VLyp,cf2c6d1f
Thu Jan  1 16:58:09 2026,2372000000,EM_ANDAMENTO,kkpi,5a6a61df
Thu Jan  1 16:58:10 2026,2372500000,EM_ANDAMENTO,Yo6CjAJxjqv,06b372a2
Thu Jan  1 16:58:12 2026,2373000000,EM_ANDAMENTO,RWFcjYuH,404719ee
Thu Jan  1 16:58:14 2026,2373500000,EM_ANDAMENTO,PfArvCPBdMqc,02bc4aa6
Thu Jan  1 16:58:16 2026,2374000000,EM_ANDAMENTO,a7shVnZLjW,6d8c938a
Thu Jan  1 16:58:18 2026,2374500000,EM_ANDAMENTO,tAPBllQQ,c33647a6
Thu Jan  1 16:58:19 2026,2375000000,EM_ANDAMENTO,HlbNrU5UsL,d583a104
Thu Jan  1 16:58:21 2026,2375500000,EM_ANDAMENTO,kLBmY1gc,9484dc51
Thu Jan  1 16:58:23 2026,2376000000,EM_ANDAMENTO,cwnq6ZRe,05bef6f3
Thu Jan  1 16:58:25 2026,2376500000,EM_ANDAMENTO,1xq,d3407109
Thu Jan  1 16:58:27 2026,2377000000,EM_ANDAMENTO,f4LoI2Y9DKf,0f011e22
Thu Jan  1 16:58:28 2026,2377500000,EM_ANDAMENTO,qZKU4UB8Ki7,a0074d72
Thu Jan  1 16:58:30 2026,2378000000,EM_ANDAMENTO,bQreWu,ff15089c
Thu Jan  1 16:58:32 2026,2378500000,EM_ANDAMENTO,c5,72960a30
Thu Jan  1 16:58:34 2026,2379000000,EM_ANDAMENTO,WIgDW,844a2600
Thu Jan  1 16:58:35 2026,2379500000,EM_ANDAMENTO,ZrTW,3dd0347f
Thu Jan  1 16:58:37 2026,2380000000,EM_ANDAMENTO,1i2At,3ed6c5f1
Thu Jan  1 16:58:39 2026,2380500000,EM_ANDAMENTO,88UrOII,35096963
Thu Jan  1 16:58:55 2026,2381000000,EM_ANDAMENTO,nJPYBTq,ccb2653d
Thu Jan  1 16:59:09 2026,2381500000,EM_ANDAMENTO,sh,8d32f2c7
Thu Jan  1 16:59:17 2026,2382000000,EM_ANDAMENTO,r8lSuXxeRLtK,26d06ccc
Thu Jan  1 16:59:21 2026,2382500000,EM_ANDAMENTO,yY9nZp1C7,26bcca19
Thu Jan  1 16:59:24 2026,2383000000,EM_ANDAMENTO,VpUnZ,a4293d99
Thu Jan  1 16:59:27 2026,2383500000,EM_ANDAMENTO,z,bb66897e
Thu Jan  1 16:59:30 2026,2384000000,EM_ANDAMENTO,ko,89e82ccc
Thu Jan  1 16:59:34 2026,2384500000,EM_ANDAMENTO,mZ1,59410f55
Thu Jan  1 16:59:37 2026,2385000000,EM_ANDAMENTO,MAGrgJH,64e695ca
Thu Jan  1 16:59:40 2026,2385500000,EM_ANDAMENTO,pr,58ad69ad
Thu Jan  1 16:59:43 2026,2386000000,EM_ANDAMENTO,L,73706247
Thu Jan  1 16:59:47 2026,2386500000,EM_ANDAMENTO,E,9e677faf
Thu Jan  1 16:59:50 2026,2387000000,EM_ANDAMENTO,BE6vFR9UP,b8635da8
Thu Jan  1 16:59:53 2026,2387500000,EM_ANDAMENTO,e5rnKWnTQ,ba8cf1e2
Thu Jan  1 16:59:56 2026,2388000000,EM_ANDAMENTO,X,a378c3f6
Thu Jan  1 16:59:59 2026,2388500000,EM_ANDAMENTO,7U2h,49318224
Thu Jan  1 17:00:04 2026,2389000000,EM_ANDAMENTO,mN0ujzl9O1T,dffc0fe7
Thu Jan  1 17:00:07 2026,2389500000,EM_ANDAMENTO,LJc,1a3a41f9
Thu Jan  1 17:00:10 2026,2390000000,EM_ANDAMENTO,7l,fb64a9f2
Thu Jan  1 17:00:14 2026,2390500000,EM_ANDAMENTO,x3hC,3198e8aa
Thu Jan  1 17:00:17 2026,2391000000,EM_ANDAMENTO,NgnuM8Qs,d484be91
Thu Jan  1 17:00:20 2026,2391500000,EM_ANDAMENTO,Trh,05735eed
Thu Jan  1 17:00:23 2026,2392000000,EM_ANDAMENTO,i6myebpVjG0,2179b896
Thu Jan  1 17:00:26 2026,2392500000,EM_ANDAMENTO,4xkg9GDHT05,30449c96
Thu Jan  1 17:00:30 2026,2393000000,EM_ANDAMENTO,E,9e677faf
Thu Jan  1 17:00:33 2026,2393500000,EM_ANDAMENTO,qHQ0,76ebf5a8
Thu Jan  1 17:00:35 2026,2394000000,EM_ANDAMENTO,fMDfRl,ba39bf5c
Thu Jan  1 17:00:36 2026,2394500000,EM_ANDAMENTO,5qkcc,280a78f8
Thu Jan  1 17:00:38 2026,2395000000,EM_ANDAMENTO,5fnS7Fh,a4f2e278
Thu Jan  1 17:00:40 2026,2395500000,EM_ANDAMENTO,80,24f12095
Thu Jan  1 17:00:42 2026,2396000000,EM_ANDAMENTO,AQ4REZ0ND,31e733fb
Thu Jan  1 17:00:43 2026,2396500000,EM_ANDAMENTO,Bg,458890de
Thu Jan  1 17:00:45 2026,2397000000,EM_ANDAMENTO,WQIcnGBYjmeX,0eafdf93
Thu Jan  1 17:00:47 2026,2397500000,EM_ANDAMENTO,OOGyB,9c8a4738
Thu Jan  1 17:00:48 2026,2398000000,EM_ANDAMENTO,HFE60N,c2ef9df7
Thu Jan  1 17:00:50 2026,2398500000,EM_ANDAMENTO,39,074d8362
Thu Jan  1 17:00:52 2026,2399000000,EM_ANDAMENTO,AgwM89RSLFD6,174ad7e6
Thu Jan  1 17:00:54 2026,2399500000,EM_ANDAMENTO,96OJUNHr,d0f23146
Thu Jan  1 17:00:56 2026,2400000000,EM_ANDAMENTO,dV7ZS4w,0b0f386d
Thu Jan  1 17:00:57 2026,2400500000,EM_ANDAMENTO,teXkO,fe6fb51b
Thu Jan  1 17:00:59 2026,2401000000,EM_ANDAMENTO,wI,0be1adf9
Thu Jan  1 17:01:01 2026,2401500000,EM_ANDAMENTO,DIrcVWDQ13Hc,1a335b6c
Thu Jan  1 17:01:02 2026,2402000000,EM_ANDAMENTO,raTz2ZdYPVlG,d9db6a40
Thu Jan  1 17:01:04 2026,2402500000,EM_ANDAMENTO,f2ftaQ4U2vz,025ebccb
Thu Jan  1 17:01:06 2026,2403000000,EM_ANDAMENTO,CHp7,3e06578d
Thu Jan  1 17:01:07 2026,2403500000,EM_ANDAMENTO,zzkcBKRl,a9af1707
Thu Jan  1 17:01:09 2026,2404000000,EM_ANDAMENTO,qZWv9K,62577601
Thu Jan  1 17:01:11 2026,2404500000,EM_ANDAMENTO,0GrDa8Cz9I,02b1d054
Thu Jan  1 17:01:13 2026,2405000000,EM_ANDAMENTO,KlZk9NIdzKKL,eab34d1a
Thu Jan  1 17:01:14 2026,2405500000,EM_ANDAMENTO,vs,d5ec5a93
Thu Jan  1 17:01:16 2026,2406000000,EM_ANDAMENTO,6FmmppHf,b2ff75ac
Thu Jan  1 17:01:18 2026,2406500000,EM_ANDAMENTO,V,55360b71
Thu Jan  1 17:01:19 2026,2407000000,EM_ANDAMENTO,nyNs,f06764e3
Thu Jan  1 17:01:21 2026,2407500000,EM_ANDAMENTO,BEKYOn,b5087177
Thu Jan  1 17:01:23 2026,2408000000,EM_ANDAMENTO,Zzy,5950feb7
Thu Jan  1 17:01:24 2026,2408500000,EM_ANDAMENTO,ICop,94313ffc
Thu Jan  1 17:01:26 2026,2409000000,EM_ANDAMENTO,2l5Mlq2,8d6bd659
Thu Jan  1 17:01:28 2026,2409500000,EM_ANDAMENTO,HrSn,2c576800
Thu Jan  1 17:01:29 2026,2410000000,EM_ANDAMENTO,OZfdecTajPmo,bda2548d
Thu Jan  1 17:01:31 2026,2410500000,EM_ANDAMENTO,lWmjPTZIAPJe,633db178
Thu Jan  1 17:01:33 2026,2411000000,EM_ANDAMENTO,bgxTQ,7ca7be17
Thu Jan  1 17:01:34 2026,2411500000,EM_ANDAMENTO,zHwy,f979977d
Thu Jan  1 17:01:36 2026,2412000000,EM_ANDAMENTO,cErZtJy,42ad05c3
Thu Jan  1 17:01:38 2026,2412500000,EM_ANDAMENTO,IFoq8A,7525ebf7
Thu Jan  1 17:01:39 2026,2413000000,EM_ANDAMENTO,MsyUUw,8b711733
Thu Jan  1 17:01:41 2026,2413500000,EM_ANDAMENTO,C4vD8DBdeBm7,c230f2c1
Thu Jan  1 17:01:43 2026,2414000000,EM_ANDAMENTO,QhB1Kyq,d887f716
Thu Jan  1 17:01:44 2026,2414500000,EM_ANDAMENTO,AMXo,512f4d29
Thu Jan  1 17:01:46 2026,2415000000,EM_ANDAMENTO,Yby,196f098d
Thu Jan  1 17:01:48 2026,2415500000,EM_ANDAMENTO,TprBA8J,44efadfd
Thu Jan  1 17:01:49 2026,2416000000,EM_ANDAMENTO,a9uV36pH0Pv,03119675
Thu Jan  1 17:01:51 2026,2416500000,EM_ANDAMENTO,fELrEPce,89671327
Thu Jan  1 17:01:53 2026,2417000000,EM_ANDAMENTO,oh,bbc5618b
Thu Jan  1 17:01:55 2026,2417500000,EM_ANDAMENTO,E0IuUratMS,a9bd5074
Thu Jan  1 17:01:56 2026,2418000000,EM_ANDAMENTO,IjiLjL,1e60e4bf
Thu Jan  1 17:01:58 2026,2418500000,EM_ANDAMENTO,d5sAuBgm,7aa288b3
Thu Jan  1 17:02:00 2026,2419000000,EM_ANDAMENTO,ozZ5,bbb99eca
Thu Jan  1 17:02:01 2026,2419500000,EM_ANDAMENTO,vFm,2ec475bb
Thu Jan  1 17:02:03 2026,2420000000,EM_ANDAMENTO,2K,0ea48a31
Thu Jan  1 17:02:05 2026,2420500000,EM_ANDAMENTO,o2T,224ad88a
Thu Jan  1 17:02:06 2026,2421000000,EM_ANDAMENTO,m8Z8OH,baab1d4b
Thu Jan  1 17:02:08 2026,2421500000,EM_ANDAMENTO,07E6OgbNDn,7b68e89d
Thu Jan  1 17:02:10 2026,2422000000,EM_ANDAMENTO,dvehNObHeuWs,4933a96c
Thu Jan  1 17:02:12 2026,2422500000,EM_ANDAMENTO,xh,e99e14a8
Thu Jan  1 17:02:13 2026,2423000000,EM_ANDAMENTO,cNbeSbZX0,f6ca8d39
Thu Jan  1 17:02:15 2026,2423500000,EM_ANDAMENTO,j,60e284f4
Thu Jan  1 17:02:17 2026,2424000000,EM_ANDAMENTO,DwQZCpoDQr,6debd325
Thu Jan  1 17:02:18 2026,2424500000,EM_ANDAMENTO,ZvPRMhLIB,7dec3328
Thu Jan  1 17:02:20 2026,2425000000,EM_ANDAMENTO,voXCrJ,5c418e40
Thu Jan  1 17:02:22 2026,2425500000,EM_ANDAMENTO,oArtQt9B,260384c8
Thu Jan  1 17:02:24 2026,2426000000,EM_ANDAMENTO,P,eab44804
Thu Jan  1 17:02:25 2026,2426500000,EM_ANDAMENTO,4ugofijrlq,e851a549
Thu Jan  1 17:02:27 2026,2427000000,EM_ANDAMENTO,nTH,90e88eb6
Thu Jan  1 17:02:29 2026,2427500000,EM_ANDAMENTO,L,73706247
Thu Jan  1 17:02:30 2026,2428000000,EM_ANDAMENTO,bne,5a1387c6
Thu Jan  1 17:02:32 2026,2428500000,EM_ANDAMENTO,oZQMxolJ6,a27d1247
Thu Jan  1 17:02:34 2026,2429000000,EM_ANDAMENTO,VJb88Sg6ya,939dcedb
Thu Jan  1 17:02:35 2026,2429500000,EM_ANDAMENTO,plr,e2c4171f
Thu Jan  1 17:02:37 2026,2430000000,EM_ANDAMENTO,KaWPi7X9,56d2eba9
Thu Jan  1 17:02:39 2026,2430500000,EM_ANDAMENTO,6,21d93093
Thu Jan  1 17:02:40 2026,2431000000,EM_ANDAMENTO,v7pi,a8668542
Thu Jan  1 17:02:42 2026,2431500000,EM_ANDAMENTO,T0,de684706
Thu Jan  1 17:02:44 2026,2432000000,EM_ANDAMENTO,Bp8tqmx0ZjQq,db1ad68a
Thu Jan  1 17:02:46 2026,2432500000,EM_ANDAMENTO,UCvTBrxwiLZO,fb44f31a
Thu Jan  1 17:02:47 2026,2433000000,EM_ANDAMENTO,C7OIcMn9hBS,1bd496ab
Thu Jan  1 17:02:49 2026,2433500000,EM_ANDAMENTO,EmYcjbpccH,76a2aba4
Thu Jan  1 17:02:51 2026,2434000000,EM_ANDAMENTO,LpIx,f3fb2599
Thu Jan  1 17:02:52 2026,2434500000,EM_ANDAMENTO,7C40qq,37f7fcd6
Thu Jan  1 17:02:54 2026,2435000000,EM_ANDAMENTO,uNrYINl,7b723829
Thu Jan  1 17:02:56 2026,2435500000,EM_ANDAMENTO,CRwB6U2,5f1ad928
Thu Jan  1 17:02:57 2026,2436000000,EM_ANDAMENTO,8Z3IcH7,bf5cdaa6
Thu Jan  1 17:02:59 2026,2436500000,EM_ANDAMENTO,t,ef012cb5
Thu Jan  1 17:03:01 2026,2437000000,EM_ANDAMENTO,0cTYLNW,b485ad14
Thu Jan  1 17:03:02 2026,2437500000,EM_ANDAMENTO,RAga2M,2d80e63b
Thu Jan  1 17:03:04 2026,2438000000,EM_ANDAMENTO,hyv,67a31a6c
Thu Jan  1 17:03:06 2026,2438500000,EM_ANDAMENTO,gImM1JjJ,98d25218
Thu Jan  1 17:03:07 2026,2439000000,EM_ANDAMENTO,i,78ac692a
Thu Jan  1 17:03:09 2026,2439500000,EM_ANDAMENTO,MEiE4,50d7e8c6
Thu Jan  1 17:03:11 2026,2440000000,EM_ANDAMENTO,WT5tP2ZC4Zs,6af2341b
Thu Jan  1 17:03:12 2026,2440500000,EM_ANDAMENTO,TPLQHjLo,1cb0a8f0
Thu Jan  1 17:03:14 2026,2441000000,EM_ANDAMENTO,lWydTU608Dk,69f25a32
Thu Jan  1 17:03:18 2026,2441500000,EM_ANDAMENTO,ceQUEB,679245ab
Thu Jan  1 17:03:22 2026,2442000000,EM_ANDAMENTO,O3xQzmuqLs30,9c9faa69
Thu Jan  1 17:03:26 2026,2442500000,EM_ANDAMENTO,mdwu4WUf0U,3f06b28c
Thu Jan  1 17:03:29 2026,2443000000,EM_ANDAMENTO,hFRRArOwT3,cd04ae9b
Thu Jan  1 17:03:33 2026,2443500000,EM_ANDAMENTO,J,5efe2fba
Thu Jan  1 17:03:37 2026,2444000000,EM_ANDAMENTO,1gxxdpGsV,8bb77392
Thu Jan  1 17:03:41 2026,2444500000,EM_ANDAMENTO,Zn8rOo7IQeK,32ea93f9
Thu Jan  1 17:03:45 2026,2445000000,EM_ANDAMENTO,D,f0695584
Thu Jan  1 17:03:49 2026,2445500000,EM_ANDAMENTO,4JPfkeH,fd160a98
Thu Jan  1 17:03:53 2026,2446000000,EM_ANDAMENTO,M0G,cf07b694
Thu Jan  1 17:03:57 2026,2446500000,EM_ANDAMENTO,wxYvTjcWrv,a6dee4f5
Thu Jan  1 17:04:01 2026,2447000000,EM_ANDAMENTO,zPB4Yf7xo,e0f3e3a3
Thu Jan  1 17:04:05 2026,2447500000,EM_ANDAMENTO,3gdQKQb6WCX,6c19f930
Thu Jan  1 17:04:09 2026,2448000000,EM_ANDAMENTO,zBK,b9425cd3
Thu Jan  1 17:04:14 2026,2448500000,EM_ANDAMENTO,whbuy,06d59e23
Thu Jan  1 17:04:18 2026,2449000000,EM_ANDAMENTO,AvPPABUqH2,09d9393e
Thu Jan  1 17:04:22 2026,2449500000,EM_ANDAMENTO,q6TUb5,8ed95b1d
Thu Jan  1 17:04:26 2026,2450000000,EM_ANDAMENTO,F8,af000be6
Thu Jan  1 17:04:30 2026,2450500000,EM_ANDAMENTO,ZIlQV7FLz,e33b0795
Thu Jan  1 17:04:34 2026,2451000000,EM_ANDAMENTO,5cNqdwOZafv2,5b7b689d
Thu Jan  1 17:04:38 2026,2451500000,EM_ANDAMENTO,3YEkCkygU,dad787c3
Thu Jan  1 17:04:43 2026,2452000000,EM_ANDAMENTO,ZfGIOiiTTlhZ,460ff893
Thu Jan  1 17:04:46 2026,2452500000,EM_ANDAMENTO,6lwInr7AQ,d11f5891
Thu Jan  1 17:04:50 2026,2453000000,EM_ANDAMENTO,U6kULqHbujwc,da8d320b
Thu Jan  1 17:04:54 2026,2453500000,EM_ANDAMENTO,LeiiK,fac5aa93
Thu Jan  1 17:04:58 2026,2454000000,EM_ANDAMENTO,SAHm8,71680f06
Thu Jan  1 17:05:02 2026,2454500000,EM_ANDAMENTO,3,0a7fddc2
Thu Jan  1 17:05:07 2026,2455000000,EM_ANDAMENTO,bmjI4ZyuV9bj,3e6b4607
Thu Jan  1 17:05:11 2026,2455500000,EM_ANDAMENTO,bX,62749163
Thu Jan  1 17:05:15 2026,2456000000,EM_ANDAMENTO,20Yhz,9ccf6a69
Thu Jan  1 17:05:19 2026,2456500000,EM_ANDAMENTO,XtCvtb7V,d42603eb
Thu Jan  1 17:05:24 2026,2457000000,EM_ANDAMENTO,gyFI,3850463a
Thu Jan  1 17:05:28 2026,2457500000,EM_ANDAMENTO,Acz6aIbQYwAh,3f0e0fca
Thu Jan  1 17:05:32 2026,2458000000,EM_ANDAMENTO,g,7a529e89
Thu Jan  1 17:05:36 2026,2458500000,EM_ANDAMENTO,9QiAXjp6mc,8a54c52d
Thu Jan  1 17:05:40 2026,2459000000,EM_ANDAMENTO,f,2c6c3bcd
Thu Jan  1 17:05:44 2026,2459500000,EM_ANDAMENTO,cEXt4et9,dc8fac37
Thu Jan  1 17:05:49 2026,2460000000,EM_ANDAMENTO,f3Yo,e501faf1
Thu Jan  1 17:05:53 2026,2460500000,EM_ANDAMENTO,F,a2c949bf
Thu Jan  1 17:05:57 2026,2461000000,EM_ANDAMENTO,tltbueWUMqnu,f5085c49
Thu Jan  1 17:06:02 2026,2461500000,EM_ANDAMENTO,wlQerv,ae9cfd63
Thu Jan  1 17:06:06 2026,2462000000,EM_ANDAMENTO,FXb6s,c592338b
Thu Jan  1 17:06:10 2026,2462500000,EM_ANDAMENTO,S6O9MIF0Oy4,8d2bcba1
Thu Jan  1 17:06:14 2026,2463000000,EM_ANDAMENTO,idLS9Cu,10a0b067
Thu Jan  1 17:06:18 2026,2463500000,EM_ANDAMENTO,MchaYbVZ4h,4bb0fa7b
Thu Jan  1 17:06:23 2026,2464000000,EM_ANDAMENTO,AYIMbp7Vw,8542477c
Thu Jan  1 17:06:27 2026,2464500000,EM_ANDAMENTO,IHxew76tuGd,80475520
Thu Jan  1 17:06:31 2026,2465000000,EM_ANDAMENTO,94,3fcbee34
Thu Jan  1 17:06:35 2026,2465500000,EM_ANDAMENTO,GS1Xazuv5XD,b5ee2370
Thu Jan  1 17:06:39 2026,2466000000,EM_ANDAMENTO,9eXGIwq,52605bd3
Thu Jan  1 17:06:44 2026,2466500000,EM_ANDAMENTO,4Jy2D5l5jp1,c43c65ff
Thu Jan  1 17:06:48 2026,2467000000,EM_ANDAMENTO,RtbiMWEq,c8f52400
Thu Jan  1 17:06:52 2026,2467500000,EM_ANDAMENTO,QJ2Vzbh,68606853
Thu Jan  1 17:06:56 2026,2468000000,EM_ANDAMENTO,xjhTu,4b3bb192
Thu Jan  1 17:07:00 2026,2468500000,EM_ANDAMENTO,uvRd3OpVa,f883816d
Thu Jan  1 17:07:05 2026,2469000000,EM_ANDAMENTO,vPHW7VjE,7bf19094
Thu Jan  1 17:07:09 2026,2469500000,EM_ANDAMENTO,OQMOMPP0R2,40f5653c
Thu Jan  1 17:07:13 2026,2470000000,EM_ANDAMENTO,RXKAg8K,c1c4e54c
Thu Jan  1 17:07:17 2026,2470500000,EM_ANDAMENTO,WXKPdMroIG,739089d9
Thu Jan  1 17:07:21 2026,2471000000,EM_ANDAMENTO,5RO,05c4c3b7
Thu Jan  1 17:07:25 2026,2471500000,EM_ANDAMENTO,ROQl59K,9f42c40f
Thu Jan  1 17:07:30 2026,2472000000,EM_ANDAMENTO,bKh3F6c52rh,85cdfab1
Thu Jan  1 17:07:34 2026,2472500000,EM_ANDAMENTO,1wlU,1c7f4444
Thu Jan  1 17:07:38 2026,2473000000,EM_ANDAMENTO,up,64c07c44
Thu Jan  1 17:07:43 2026,2473500000,EM_ANDAMENTO,ryn,768dbafb
Thu Jan  1 17:07:47 2026,2474000000,EM_ANDAMENTO,dGM7Kk,bdda047d
Thu Jan  1 17:07:51 2026,2474500000,EM_ANDAMENTO,1iIiQSEC7XM,b2d17c82
Thu Jan  1 17:07:55 2026,2475000000,EM_ANDAMENTO,IdiOeKwVR,646615a0
Thu Jan  1 17:07:59 2026,2475500000,EM_ANDAMENTO,J50bbda,d3b826c3
Thu Jan  1 17:08:03 2026,2476000000,EM_ANDAMENTO,S,9934d41d
Thu Jan  1 17:08:07 2026,2476500000,EM_ANDAMENTO,8dI0VZDYx,3e3bc18b
Thu Jan  1 17:08:12 2026,2477000000,EM_ANDAMENTO,QUvBnWOK2,3ff583b3
Thu Jan  1 17:08:16 2026,2477500000,EM_ANDAMENTO,eWsicHl,c5baff63
Thu Jan  1 17:08:20 2026,2478000000,EM_ANDAMENTO,vsv2pCYuYerJ,98ca3190
Thu Jan  1 17:08:24 2026,2478500000,EM_ANDAMENTO,Gj,baeb41f3
Thu Jan  1 17:08:29 2026,2479000000,EM_ANDAMENTO,Hd,e91a3a50
Thu Jan  1 17:08:33 2026,2479500000,EM_ANDAMENTO,YQ,1fcee068
Thu Jan  1 17:08:37 2026,2480000000,EM_ANDAMENTO,tN,05dd2e5f
Thu Jan  1 17:08:41 2026,2480500000,EM_ANDAMENTO,6,21d93093
Thu Jan  1 17:08:45 2026,2481000000,EM_ANDAMENTO,KN,23cefcdc
Thu Jan  1 17:08:49 2026,2481500000,EM_ANDAMENTO,F,a2c949bf
Thu Jan  1 17:08:53 2026,2482000000,EM_ANDAMENTO,sZL8g4vT,3c5047b6
Thu Jan  1 17:08:57 2026,2482500000,EM_ANDAMENTO,eZ0pr,e7bd14cc
Thu Jan  1 17:09:02 2026,2483000000,EM_ANDAMENTO,V96,f33ff889
Thu Jan  1 17:09:06 2026,2483500000,EM_ANDAMENTO,SMCl79GKR,37377c45
Thu Jan  1 17:09:10 2026,2484000000,EM_ANDAMENTO,OUIiWVpfgq,75adfdcb
Thu Jan  1 17:09:14 2026,2484500000,EM_ANDAMENTO,X64Eo8,3377d500
Thu Jan  1 17:09:18 2026,2485000000,EM_ANDAMENTO,qjjr,7b6c40a0
Thu Jan  1 17:09:22 2026,2485500000,EM_ANDAMENTO,0xohJZH,fcb34937
Thu Jan  1 17:09:27 2026,2486000000,EM_ANDAMENTO,5q,87a70772
Thu Jan  1 17:09:31 2026,2486500000,EM_ANDAMENTO,Rg,ae1e0dc0
Thu Jan  1 17:09:35 2026,2487000000,EM_ANDAMENTO,cx88gNEv,8ca965a6
Thu Jan  1 17:09:39 2026,2487500000,EM_ANDAMENTO,vqaIMJyWyfki,e346d785
Thu Jan  1 17:09:43 2026,2488000000,EM_ANDAMENTO,PYudXsMiluKn,d4e0f38e
Thu Jan  1 17:09:47 2026,2488500000,EM_ANDAMENTO,6,21d93093
Thu Jan  1 17:09:51 2026,2489000000,EM_ANDAMENTO,Bm9Ze,e8b29242
Thu Jan  1 17:09:55 2026,2489500000,EM_ANDAMENTO,QXB1H,4960200b
Thu Jan  1 17:09:59 2026,2490000000,EM_ANDAMENTO,r3bRmrnlBhQ,9fb018db
Thu Jan  1 17:10:04 2026,2490500000,EM_ANDAMENTO,p81Vt,59f7e7f6
Thu Jan  1 17:10:08 2026,2491000000,EM_ANDAMENTO,aeDVBBZPq,0ec5b4be
Thu Jan  1 17:10:12 2026,2491500000,EM_ANDAMENTO,W2,9b71aa5f
Thu Jan  1 17:10:17 2026,2492000000,EM_ANDAMENTO,oTATYk44j,f0a0822b
Thu Jan  1 17:10:19 2026,2492500000,EM_ANDAMENTO,RGFFoi7,32eb5aa9
Thu Jan  1 17:10:21 2026,2493000000,EM_ANDAMENTO,lrgN,ba7d2063
Thu Jan  1 17:10:23 2026,2493500000,EM_ANDAMENTO,nmi,f1e9da28
Thu Jan  1 17:10:24 2026,2494000000,EM_ANDAMENTO,yJxdtSNFD,483987a0
Thu Jan  1 17:10:26 2026,2494500000,EM_ANDAMENTO,BFQKWGC8t,19f688c6
Thu Jan  1 17:10:28 2026,2495000000,EM_ANDAMENTO,jGbX7,e31faf75
Thu Jan  1 17:10:30 2026,2495500000,EM_ANDAMENTO,oHmkgruho1Zp,a789db7a
Thu Jan  1 17:10:32 2026,2496000000,EM_ANDAMENTO,YsL,2cd70690
Thu Jan  1 17:10:34 2026,2496500000,EM_ANDAMENTO,CZLlpLZDy,b6fe0df9
Thu Jan  1 17:10:35 2026,2497000000,EM_ANDAMENTO,SEFpis7L53vA,a334abd7
Thu Jan  1 17:10:37 2026,2497500000,EM_ANDAMENTO,YToEeoS0N,a03f5578
Thu Jan  1 17:10:40 2026,2498000000,EM_ANDAMENTO,jh8SEsWslo,c77fc3b9
Thu Jan  1 17:10:42 2026,2498500000,EM_ANDAMENTO,vmjjDeaSeDG9,50596f6e
Thu Jan  1 17:10:44 2026,2499000000,EM_ANDAMENTO,TZH7LW5,50539340
Thu Jan  1 17:10:45 2026,2499500000,EM_ANDAMENTO,tbVz7JR,aac32fd6
Thu Jan  1 17:10:47 2026,2500000000,EM_ANDAMENTO,k,ac20c833
Thu Jan  1 17:10:49 2026,2500500000,EM_ANDAMENTO,UJOUAB,9b0651f8
Thu Jan  1 17:10:51 2026,2501000000,EM_ANDAMENTO,1wkdOkQ,c06cb07e
Thu Jan  1 17:10:53 2026,2501500000,EM_ANDAMENTO,L,73706247
Thu Jan  1 17:10:55 2026,2502000000,EM_ANDAMENTO,8OVan7v,c08b877d
Thu Jan  1 17:10:59 2026,2502500000,EM_ANDAMENTO,es6xDcew,f279dea6
Thu Jan  1 17:11:02 2026,2503000000,EM_ANDAMENTO,pmexlTp,4eab77ba
Thu Jan  1 17:11:06 2026,2503500000,EM_ANDAMENTO,mzmVLDY,5ed95438
Thu Jan  1 17:11:10 2026,2504000000,EM_ANDAMENTO,mdluTbcaweA,146e5758
Thu Jan  1 17:11:14 2026,2504500000,EM_ANDAMENTO,3YDQWzUU9,1c312b11
Thu Jan  1 17:11:18 2026,2505000000,EM_ANDAMENTO,KCNGVI9PHj3,fd24493b
Thu Jan  1 17:11:22 2026,2505500000,EM_ANDAMENTO,I4AcM,5cdf0e04
Thu Jan  1 17:11:26 2026,2506000000,EM_ANDAMENTO,Kw8h2PnC4Xif,cd1aca9f
Thu Jan  1 17:11:30 2026,2506500000,EM_ANDAMENTO,GkAJoGA,71366541
Thu Jan  1 17:11:34 2026,2507000000,EM_ANDAMENTO,3zWU1,5d2b90c1
Thu Jan  1 17:11:38 2026,2507500000,EM_ANDAMENTO,7UbMND,b0335f52
Thu Jan  1 17:11:42 2026,2508000000,EM_ANDAMENTO,IAKBLsv5NziS,772951fc
Thu Jan  1 17:11:46 2026,2508500000,EM_ANDAMENTO,6mnMD,e454db84
Thu Jan  1 17:11:50 2026,2509000000,EM_ANDAMENTO,SDvWvkGczfs,1586699c
Thu Jan  1 17:11:54 2026,2509500000,EM_ANDAMENTO,4BAZuPwfiG6H,737f82cc
Thu Jan  1 17:11:58 2026,2510000000,EM_ANDAMENTO,D2g9,65d68e1c
Thu Jan  1 17:12:02 2026,2510500000,EM_ANDAMENTO,7nv0kH,edee3732
Thu Jan  1 17:12:06 2026,2511000000,EM_ANDAMENTO,2NKrWUiU,5f1e6f0c
Thu Jan  1 17:12:10 2026,2511500000,EM_ANDAMENTO,lqHONvlpI8,8d10a627
Thu Jan  1 17:12:14 2026,2512000000,EM_ANDAMENTO,TnNkAt,c50fd315
Thu Jan  1 17:12:18 2026,2512500000,EM_ANDAMENTO,Z3bF,027d51b2
Thu Jan  1 17:12:22 2026,2513000000,EM_ANDAMENTO,k0EZZ,450a039d
Thu Jan  1 17:12:26 2026,2513500000,EM_ANDAMENTO,SQPZ,0e2061f1
Thu Jan  1 17:12:30 2026,2514000000,EM_ANDAMENTO,AJ6EVtSX1X6,962e7322
Thu Jan  1 17:12:34 2026,2514500000,EM_ANDAMENTO,ltOGky8,8883d110
Thu Jan  1 17:12:38 2026,2515000000,EM_ANDAMENTO,oopcUHPkq,40b0edbf
Thu Jan  1 17:12:42 2026,2515500000,EM_ANDAMENTO,sBJK06SjR,d743c410
Thu Jan  1 17:12:46 2026,2516000000,EM_ANDAMENTO,qR,dd3590bc
Thu Jan  1 17:12:50 2026,2516500000,EM_ANDAMENTO,a,85c8de88
Thu Jan  1 17:12:54 2026,2517000000,EM_ANDAMENTO,o4ZNTMRM3,a71504dc
Thu Jan  1 17:12:58 2026,2517500000,EM_ANDAMENTO,1xLwOv,3de55f91
Thu Jan  1 17:13:02 2026,2518000000,EM_ANDAMENTO,cjnd8X,a746fea8
Thu Jan  1 17:13:06 2026,2518500000,EM_ANDAMENTO,vsdz,87f4fd63
Thu Jan  1 17:13:10 2026,2519000000,EM_ANDAMENTO,DZtJLW5HAn,216745da
Thu Jan  1 17:13:14 2026,2519500000,EM_ANDAMENTO,y,4cccd98d
Thu Jan  1 17:13:18 2026,2520000000,EM_ANDAMENTO,gG2B,fff0261b
Thu Jan  1 17:13:22 2026,2520500000,EM_ANDAMENTO,z7OkkD,277a5cbb
Thu Jan  1 17:13:26 2026,2521000000,EM_ANDAMENTO,IUc8,9cacd78c
Thu Jan  1 17:13:29 2026,2521500000,EM_ANDAMENTO,dr,2c4f6c37
Thu Jan  1 17:13:33 2026,2522000000,EM_ANDAMENTO,vddOurObtM5,838df147
Thu Jan  1 17:13:37 2026,2522500000,EM_ANDAMENTO,qfh1wM,5a612db7
Thu Jan  1 17:13:43 2026,2523000000,EM_ANDAMENTO,jE3J4ZaWHX5,f3a8da97
Thu Jan  1 17:13:48 2026,2523500000,EM_ANDAMENTO,aiDVbNGEXRM,c5d45db2
Thu Jan  1 17:13:52 2026,2524000000,EM_ANDAMENTO,4iCgX6mwY5P,fb73741c
Thu Jan  1 17:13:56 2026,2524500000,EM_ANDAMENTO,y4GwZMtTK7n,7954542d
Thu Jan  1 17:14:00 2026,2525000000,EM_ANDAMENTO,KKpXM,e57cad4e
Thu Jan  1 17:14:04 2026,2525500000,EM_ANDAMENTO,tQFOXzK,89126bd1
Thu Jan  1 17:14:08 2026,2526000000,EM_ANDAMENTO,Ei,55b2182e
Thu Jan  1 17:14:12 2026,2526500000,EM_ANDAMENTO,kq4iYXkJ,b197f21d
Thu Jan  1 17:14:16 2026,2527000000,EM_ANDAMENTO,Jh2xn,56573515
Thu Jan  1 17:14:20 2026,2527500000,EM_ANDAMENTO,Nrpd8,7965dcab
Thu Jan  1 17:14:23 2026,2528000000,EM_ANDAMENTO,IjsAPHk3,683cc23e
Thu Jan  1 17:14:25 2026,2528500000,EM_ANDAMENTO,SDq1ow25,25c5c0a6
Thu Jan  1 17:14:26 2026,2529000000,EM_ANDAMENTO,8z8L,eace6d49
Thu Jan  1 17:14:28 2026,2529500000,EM_ANDAMENTO,X519HyIPrcl,3838a2ec
Thu Jan  1 17:14:30 2026,2530000000,EM_ANDAMENTO,cBhk,97be7915
Thu Jan  1 17:14:31 2026,2530500000,EM_ANDAMENTO,MWfwP,ad92191d
Thu Jan  1 17:14:33 2026,2531000000,EM_ANDAMENTO,c,a5c1009b
Thu Jan  1 17:14:35 2026,2531500000,EM_ANDAMENTO,mwTDkd,617f726e
Thu Jan  1 17:14:36 2026,2532000000,EM_ANDAMENTO,cGGVFhXw5ha,a1236408
Thu Jan  1 17:14:38 2026,2532500000,EM_ANDAMENTO,B,74865dbf
Thu Jan  1 17:14:39 2026,2533000000,EM_ANDAMENTO,tL,89c4b0f2
Thu Jan  1 17:14:41 2026,2533500000,EM_ANDAMENTO,E2,8edf3223
Thu Jan  1 17:14:43 2026,2534000000,EM_ANDAMENTO,XD7aLmcvMsj,29558594
Thu Jan  1 17:14:44 2026,2534500000,EM_ANDAMENTO,Bal,78b01fe3
Thu Jan  1 17:14:46 2026,2535000000,EM_ANDAMENTO,xYtqL,c27eee29
Thu Jan  1 17:14:48 2026,2535500000,EM_ANDAMENTO,E,9e677faf
Thu Jan  1 17:14:49 2026,2536000000,EM_ANDAMENTO,EW,e5a66a44
Thu Jan  1 17:14:51 2026,2536500000,EM_ANDAMENTO,pYST,3ed12ca6
Thu Jan  1 17:14:53 2026,2537000000,EM_ANDAMENTO,uJkzPAW0,33664568
Thu Jan  1 17:14:54 2026,2537500000,EM_ANDAMENTO,yUPzf2r,4967941e
Thu Jan  1 17:14:56 2026,2538000000,EM_ANDAMENTO,SKkbuV,96171892
Thu Jan  1 17:14:58 2026,2538500000,EM_ANDAMENTO,QyUEd4e6X67H,4be60541
Thu Jan  1 17:14:59 2026,2539000000,EM_ANDAMENTO,X,a378c3f6
Thu Jan  1 17:15:01 2026,2539500000,EM_ANDAMENTO,mluCfR4,71eeefe8
Thu Jan  1 17:15:03 2026,2540000000,EM_ANDAMENTO,azZF8FKy9T,4936a06b
Thu Jan  1 17:15:04 2026,2540500000,EM_ANDAMENTO,RgAKRnczw,ca1e9cbc
Thu Jan  1 17:15:06 2026,2541000000,EM_ANDAMENTO,6UuNFKeJEQ,fbdb25c9
Thu Jan  1 17:15:08 2026,2541500000,EM_ANDAMENTO,dg7Hh1nn,0316f8ef
Thu Jan  1 17:15:10 2026,2542000000,EM_ANDAMENTO,VXX,033a7a61
Thu Jan  1 17:15:11 2026,2542500000,EM_ANDAMENTO,T7rgB28o,4e053071
Thu Jan  1 17:15:13 2026,2543000000,EM_ANDAMENTO,z,bb66897e
Thu Jan  1 17:15:15 2026,2543500000,EM_ANDAMENTO,izNVKOy,5ecad5a9
Thu Jan  1 17:15:17 2026,2544000000,EM_ANDAMENTO,X9S3QEP893,becfa2a1
Thu Jan  1 17:15:18 2026,2544500000,EM_ANDAMENTO,pjT3,02545f25
Thu Jan  1 17:15:20 2026,2545000000,EM_ANDAMENTO,6OWd1Zs7,c07a0be0
Thu Jan  1 17:15:22 2026,2545500000,EM_ANDAMENTO,kApVy7dtsj,14465e55
Thu Jan  1 17:15:23 2026,2546000000,EM_ANDAMENTO,HIQKlCDzW,c309dd11
Thu Jan  1 17:15:25 2026,2546500000,EM_ANDAMENTO,WL,77710563
Thu Jan  1 17:15:27 2026,2547000000,EM_ANDAMENTO,HZTltW,cf7eeaa2
Thu Jan  1 17:15:28 2026,2547500000,EM_ANDAMENTO,Q7W1H,aa39ea6f
Thu Jan  1 17:15:30 2026,2548000000,EM_ANDAMENTO,p0,5d02ee56
Thu Jan  1 17:15:32 2026,2548500000,EM_ANDAMENTO,I,9264d438
Thu Jan  1 17:15:33 2026,2549000000,EM_ANDAMENTO,rtejF,1a91c690
Thu Jan  1 17:15:35 2026,2549500000,EM_ANDAMENTO,v4FBe4b,c849251c
Thu Jan  1 17:15:37 2026,2550000000,EM_ANDAMENTO,jv,5aa85a57
Thu Jan  1 17:15:38 2026,2550500000,EM_ANDAMENTO,61otYHghMd,ed68b12a
Thu Jan  1 17:15:40 2026,2551000000,EM_ANDAMENTO,ep3bpOVe,3b297df1
Thu Jan  1 17:15:42 2026,2551500000,EM_ANDAMENTO,Y,5bf27867
Thu Jan  1 17:15:43 2026,2552000000,EM_ANDAMENTO,jeNtv,df003bfc
Thu Jan  1 17:15:45 2026,2552500000,EM_ANDAMENTO,2D,35cd5efa
Thu Jan  1 17:15:47 2026,2553000000,EM_ANDAMENTO,ircxbRIoQKP,1a0c499c
Thu Jan  1 17:15:48 2026,2553500000,EM_ANDAMENTO,OfF,9f605542
Thu Jan  1 17:15:50 2026,2554000000,EM_ANDAMENTO,ee6,6a8669e0
Thu Jan  1 17:15:51 2026,2554500000,EM_ANDAMENTO,mj0V4M2,78be4a75
Thu Jan  1 17:15:53 2026,2555000000,EM_ANDAMENTO,1UtmJJgMjv,62095e8d
Thu Jan  1 17:15:55 2026,2555500000,EM_ANDAMENTO,DghEU,34a976bb
Thu Jan  1 17:15:56 2026,2556000000,EM_ANDAMENTO,01Y091RZ,f4967a7f
Thu Jan  1 17:15:58 2026,2556500000,EM_ANDAMENTO,1,ebaf5ccd
Thu Jan  1 17:16:00 2026,2557000000,EM_ANDAMENTO,bHdr,271ab5c4
Thu Jan  1 17:16:01 2026,2557500000,EM_ANDAMENTO,C5xqspRgQwnS,cea8751c
Thu Jan  1 17:16:03 2026,2558000000,EM_ANDAMENTO,jJq5wKDCc,06d00210
Thu Jan  1 17:16:05 2026,2558500000,EM_ANDAMENTO,dE4ndVoHSrK,a9c1c9c0
Thu Jan  1 17:16:06 2026,2559000000,EM_ANDAMENTO,DZGopWr9ZEZ,0673f8ef
Thu Jan  1 17:16:08 2026,2559500000,EM_ANDAMENTO,8Ie4mV3L,e92e33eb
Thu Jan  1 17:16:10 2026,2560000000,EM_ANDAMENTO,n9,dfed874c
Thu Jan  1 17:16:11 2026,2560500000,EM_ANDAMENTO,6aL6DzQXaK,5f005bd3
Thu Jan  1 17:16:13 2026,2561000000,EM_ANDAMENTO,x,e472c5e3
Thu Jan  1 17:16:15 2026,2561500000,EM_ANDAMENTO,5,b485d77f
Thu Jan  1 17:16:16 2026,2562000000,EM_ANDAMENTO,L8ekg,819fc4b2
Thu Jan  1 17:16:18 2026,2562500000,EM_ANDAMENTO,RCb6J,8c77de7e
Thu Jan  1 17:16:20 2026,2563000000,EM_ANDAMENTO,9lyjUV,9539300a
Thu Jan  1 17:16:21 2026,2563500000,EM_ANDAMENTO,Rgj,3198a9d8
Thu Jan  1 17:16:23 2026,2564000000,EM_ANDAMENTO,BHfryw8sgZLI,5da5f38f
Thu Jan  1 17:16:25 2026,2564500000,EM_ANDAMENTO,bNHpU5,e331023b
Thu Jan  1 17:16:26 2026,2565000000,EM_ANDAMENTO,b,f0ffa343
Thu Jan  1 17:16:28 2026,2565500000,EM_ANDAMENTO,BouGy,3dc633c7
Thu Jan  1 17:16:29 2026,2566000000,EM_ANDAMENTO,bhdBz,0494def9
Thu Jan  1 17:16:31 2026,2566500000,EM_ANDAMENTO,IarcHF,3db05555
Thu Jan  1 17:16:33 2026,2567000000,EM_ANDAMENTO,YC9nRtqz,c2631bb0
Thu Jan  1 17:16:34 2026,2567500000,EM_ANDAMENTO,VudeDSMbNqpE,d6cee9af
Thu Jan  1 17:16:36 2026,2568000000,EM_ANDAMENTO,C,2e9587f4
Thu Jan  1 17:16:38 2026,2568500000,EM_ANDAMENTO,ZDcW9,9c700e83
Thu Jan  1 17:16:40 2026,2569000000,EM_ANDAMENTO,E5nRu,dbdbab80
Thu Jan  1 17:16:42 2026,2569500000,EM_ANDAMENTO,vdkQoh,fe72218f
Thu Jan  1 17:16:43 2026,2570000000,EM_ANDAMENTO,DnX0k,e52d0010
Thu Jan  1 17:16:45 2026,2570500000,EM_ANDAMENTO,OoSTUycJcpC,5b6ced5d
Thu Jan  1 17:16:47 2026,2571000000,EM_ANDAMENTO,I,9264d438
Thu Jan  1 17:16:48 2026,2571500000,EM_ANDAMENTO,1fj,a9230e31
Thu Jan  1 17:16:50 2026,2572000000,EM_ANDAMENTO,5RvxZ446,f423c72a
Thu Jan  1 17:16:51 2026,2572500000,EM_ANDAMENTO,jj5rw,97c75340
Thu Jan  1 17:16:53 2026,2573000000,EM_ANDAMENTO,EqF5,cd61d967
Thu Jan  1 17:16:55 2026,2573500000,EM_ANDAMENTO,FncSrX1G8QYx,21313718
Thu Jan  1 17:16:56 2026,2574000000,EM_ANDAMENTO,2,4e9e3870
Thu Jan  1 17:16:58 2026,2574500000,EM_ANDAMENTO,Q609FrhqUZ,ae44c090
Thu Jan  1 17:17:00 2026,2575000000,EM_ANDAMENTO,aKuw70i6i,dc6cb15f
Thu Jan  1 17:17:01 2026,2575500000,EM_ANDAMENTO,p,f884289b
Thu Jan  1 17:17:03 2026,2576000000,EM_ANDAMENTO,rosfDaoWgp,3f1952c1
Thu Jan  1 17:17:05 2026,2576500000,EM_ANDAMENTO,44fZvEDEJlj,bcce9668
Thu Jan  1 17:17:06 2026,2577000000,EM_ANDAMENTO,UEFIGMYE,e40ee036
Thu Jan  1 17:17:08 2026,2577500000,EM_ANDAMENTO,WYQIBbp1mx,6596d2d1
Thu Jan  1 17:17:10 2026,2578000000,EM_ANDAMENTO,vxEzD,80f1c3ef
Thu Jan  1 17:17:11 2026,2578500000,EM_ANDAMENTO,qL,01f5f983
Thu Jan  1 17:17:13 2026,2579000000,EM_ANDAMENTO,KS8Z,09976b73
Thu Jan  1 17:17:15 2026,2579500000,EM_ANDAMENTO,MASe,40dd6b1a
Thu Jan  1 17:17:16 2026,2580000000,EM_ANDAMENTO,1q2C3q1VR,3ec372b6
Thu Jan  1 17:17:18 2026,2580500000,EM_ANDAMENTO,Mct7l0R3IQK,1ca87ee5
Thu Jan  1 17:17:20 2026,2581000000,EM_ANDAMENTO,YFAR3eE,eca394ca
Thu Jan  1 17:17:21 2026,2581500000,EM_ANDAMENTO,DDIF,aa7c2a66
Thu Jan  1 17:17:23 2026,2582000000,EM_ANDAMENTO,HYP,a5ea7f87
Thu Jan  1 17:17:25 2026,2582500000,EM_ANDAMENTO,3pQlRR,d533cfdf
Thu Jan  1 17:17:26 2026,2583000000,EM_ANDAMENTO,0kPA21QvDJB,a33b4618
Thu Jan  1 17:17:28 2026,2583500000,EM_ANDAMENTO,H,db72f8cc
Thu Jan  1 17:17:30 2026,2584000000,EM_ANDAMENTO,t55scyS4z,15553598
Thu Jan  1 17:17:32 2026,2584500000,EM_ANDAMENTO,yzSi,9bb20a80
Thu Jan  1 17:17:33 2026,2585000000,EM_ANDAMENTO,P,eab44804
Thu Jan  1 17:17:35 2026,2585500000,EM_ANDAMENTO,Op,8d7fc553
Thu Jan  1 17:17:37 2026,2586000000,EM_ANDAMENTO,2xTAJylq,9e89e06f
Thu Jan  1 17:17:38 2026,2586500000,EM_ANDAMENTO,f7XXyyAqv,1fb786cc
Thu Jan  1 17:17:40 2026,2587000000,EM_ANDAMENTO,tOb8PO,cb52c26e
Thu Jan  1 17:17:42 2026,2587500000,EM_ANDAMENTO,8,cac75ec7
Thu Jan  1 17:17:43 2026,2588000000,EM_ANDAMENTO,BxZYkM,4b644276
Thu Jan  1 17:17:45 2026,2588500000,EM_ANDAMENTO,lG,c6f8bde8
Thu Jan  1 17:17:47 2026,2589000000,EM_ANDAMENTO,e,bb2b536f
Thu Jan  1 17:17:49 2026,2589500000,EM_ANDAMENTO,Elgl,dcbc3f4b
Thu Jan  1 17:17:50 2026,2590000000,EM_ANDAMENTO,lp2IJYhV9Pyi,979b2549
Thu Jan  1 17:17:52 2026,2590500000,EM_ANDAMENTO,vx6sJU8,0a865896
Thu Jan  1 17:17:54 2026,2591000000,EM_ANDAMENTO,OkLmuR3Kcvv4,afa537f8
Thu Jan  1 17:17:55 2026,2591500000,EM_ANDAMENTO,WS1m,df3b8f2c
Thu Jan  1 17:17:57 2026,2592000000,EM_ANDAMENTO,8Y6cC,34677fb8
Thu Jan  1 17:17:59 2026,2592500000,EM_ANDAMENTO,0jJz1B2jbYZ,5e445c10
Thu Jan  1 17:18:00 2026,2593000000,EM_ANDAMENTO,G1,5e21b2ea
Thu Jan  1 17:18:02 2026,2593500000,EM_ANDAMENTO,dT3rWw1xJSYG,12e16537
Thu Jan  1 17:18:04 2026,2594000000,EM_ANDAMENTO,UWoATA,389cb02c
Thu Jan  1 17:18:05 2026,2594500000,EM_ANDAMENTO,n,68f8ea7d
Thu Jan  1 17:18:07 2026,2595000000,EM_ANDAMENTO,puFKArdN30s,c33810e1
Thu Jan  1 17:18:09 2026,2595500000,EM_ANDAMENTO,H0,0984e501
Thu Jan  1 17:18:11 2026,2596000000,EM_ANDAMENTO,D1O2xyFwyjt,10dc2cd2
Thu Jan  1 17:18:12 2026,2596500000,EM_ANDAMENTO,mmxh4EW2o,e7d7a7e0
Thu Jan  1 17:18:14 2026,2597000000,EM_ANDAMENTO,i,78ac692a
Thu Jan  1 17:18:16 2026,2597500000,EM_ANDAMENTO,fD5zr4zTbvv,fc40c482
Thu Jan  1 17:18:17 2026,2598000000,EM_ANDAMENTO,DPcTfWg,ece67cd3
Thu Jan  1 17:18:19 2026,2598500000,EM_ANDAMENTO,XN57b7T0A,35c9472e
Thu Jan  1 17:18:21 2026,2599000000,EM_ANDAMENTO,iRv5PzP2GCq,66eaa600
Thu Jan  1 17:18:22 2026,2599500000,EM_ANDAMENTO,Gm6oPTpRgM,a241eb82
Thu Jan  1 17:18:24 2026,2600000000,EM_ANDAMENTO,CkiaD8LlMKaD,53f7b250
Thu Jan  1 17:18:26 2026,2600500000,EM_ANDAMENTO,TO3,ef121fdb
Thu Jan  1 17:18:27 2026,2601000000,EM_ANDAMENTO,Bz6wzq62Jc,3dd5f7f3
Thu Jan  1 17:18:29 2026,2601500000,EM_ANDAMENTO,lGZFb,6bf02644
Thu Jan  1 17:18:31 2026,2602000000,EM_ANDAMENTO,GZ1QKQ3ou,e3bfee63
Thu Jan  1 17:18:32 2026,2602500000,EM_ANDAMENTO,mvzCQ7yS,0781ec07
Thu Jan  1 17:18:34 2026,2603000000,EM_ANDAMENTO,e6Ecr,cca1b6fb
Thu Jan  1 17:18:36 2026,2603500000,EM_ANDAMENTO,BRPd5GZUU,f98bfb28
Thu Jan  1 17:18:38 2026,2604000000,EM_ANDAMENTO,kY3,cf02f852
Thu Jan  1 17:18:39 2026,2604500000,EM_ANDAMENTO,bq,f2146e2b
Thu Jan  1 17:18:41 2026,2605000000,EM_ANDAMENTO,wZn23FXEH,d193b069
Thu Jan  1 17:18:43 2026,2605500000,EM_ANDAMENTO,kGp8H2a8,3cc922ae
Thu Jan  1 17:18:45 2026,2606000000,EM_ANDAMENTO,x8G19ZP,1d868a44
Thu Jan  1 17:18:46 2026,2606500000,EM_ANDAMENTO,n1Un,518c3030
Thu Jan  1 17:18:48 2026,2607000000,EM_ANDAMENTO,VR,3089248a
Thu Jan  1 17:18:50 2026,2607500000,EM_ANDAMENTO,K,58a8694c
Thu Jan  1 17:18:52 2026,2608000000,EM_ANDAMENTO,n7T2IfZ,dbb5c3d6
Thu Jan  1 17:18:53 2026,2608500000,EM_ANDAMENTO,P1gLFMjXI,99251622
Thu Jan  1 17:18:55 2026,2609000000,EM_ANDAMENTO,F,a2c949bf
Thu Jan  1 17:18:57 2026,2609500000,EM_ANDAMENTO,dEu,a4f45c2a
Thu Jan  1 17:18:58 2026,2610000000,EM_ANDAMENTO,mho,a1f7a958
Thu Jan  1 17:19:00 2026,2610500000,EM_ANDAMENTO,BhqhtV2G,d2925d23
Thu Jan  1 17:19:02 2026,2611000000,EM_ANDAMENTO,fNdO,8cad2fec
Thu Jan  1 17:19:03 2026,2611500000,EM_ANDAMENTO,7QpTk5Dhi,c80b3707
Thu Jan  1 17:19:05 2026,2612000000,EM_ANDAMENTO,2oH,7c75dc4f
Thu Jan  1 17:19:07 2026,2612500000,EM_ANDAMENTO,MG3U,726da9ed
Thu Jan  1 17:19:09 2026,2613000000,EM_ANDAMENTO,jf,4be02ea7
Thu Jan  1 17:19:10 2026,2613500000,EM_ANDAMENTO,WzxgRpzc,c1fa0cf2
Thu Jan  1 17:19:12 2026,2614000000,EM_ANDAMENTO,O,4ac61591
Thu Jan  1 17:19:14 2026,2614500000,EM_ANDAMENTO,Js9n7Fff48F,73f401e7
Thu Jan  1 17:19:15 2026,2615000000,EM_ANDAMENTO,qw3zLKm,1205b093
Thu Jan  1 17:19:17 2026,2615500000,EM_ANDAMENTO,5kI,e834fa87
Thu Jan  1 17:19:19 2026,2616000000,EM_ANDAMENTO,T803PXj,6134a352
Thu Jan  1 17:19:20 2026,2616500000,EM_ANDAMENTO,X,a378c3f6
Thu Jan  1 17:19:22 2026,2617000000,EM_ANDAMENTO,Y2EHy9shU,48a630a5
Thu Jan  1 17:19:24 2026,2617500000,EM_ANDAMENTO,x6n,49c06099
Thu Jan  1 17:19:26 2026,2618000000,EM_ANDAMENTO,NEbA,2425d908
Thu Jan  1 17:19:28 2026,2618500000,EM_ANDAMENTO,AMcpIT0El2b,8e21105b
Thu Jan  1 17:19:30 2026,2619000000,EM_ANDAMENTO,C5OLY3y,c7717fb2
Thu Jan  1 17:19:31 2026,2619500000,EM_ANDAMENTO,YkiW,869db496
Thu Jan  1 17:19:33 2026,2620000000,EM_ANDAMENTO,Aa5,6efea8f2
Thu Jan  1 17:19:35 2026,2620500000,EM_ANDAMENTO,1CiyRL7fwcv,94c77e3a
Thu Jan  1 17:19:36 2026,2621000000,EM_ANDAMENTO,DRiHz6YS,80c4d9f7
Thu Jan  1 17:19:38 2026,2621500000,EM_ANDAMENTO,8db2M,32e54544
Thu Jan  1 17:19:40 2026,2622000000,EM_ANDAMENTO,Itq,a0351222
Thu Jan  1 17:19:41 2026,2622500000,EM_ANDAMENTO,5FbCWXZ7Gayw,711b3106
Thu Jan  1 17:19:43 2026,2623000000,EM_ANDAMENTO,K0eqCr,2d950f6b
Thu Jan  1 17:19:45 2026,2623500000,EM_ANDAMENTO,q,87b8d13b
Thu Jan  1 17:19:46 2026,2624000000,EM_ANDAMENTO,lCYK5Emi,db818a9a
Thu Jan  1 17:19:48 2026,2624500000,EM_ANDAMENTO,3LuSqZQDB4eS,de44310d
Thu Jan  1 17:19:50 2026,2625000000,EM_ANDAMENTO,G,81ca32e5
Thu Jan  1 17:19:51 2026,2625500000,EM_ANDAMENTO,dzQ6RBUa,b95356a2
Thu Jan  1 17:19:53 2026,2626000000,EM_ANDAMENTO,3Q,c48ea6fd
Thu Jan  1 17:19:55 2026,2626500000,EM_ANDAMENTO,i7DJqgw,02065bb6
Thu Jan  1 17:19:56 2026,2627000000,EM_ANDAMENTO,sLt,a71ef3e2
Thu Jan  1 17:19:58 2026,2627500000,EM_ANDAMENTO,9r55,f22316f2
Thu Jan  1 17:20:00 2026,2628000000,EM_ANDAMENTO,5N,6db31ad4
Thu Jan  1 17:20:02 2026,2628500000,EM_ANDAMENTO,0,628e79cf
Thu Jan  1 17:20:04 2026,2629000000,EM_ANDAMENTO,zouTWpLY,0b11b59e
Thu Jan  1 17:20:08 2026,2629500000,EM_ANDAMENTO,laOWyyQZkVQ,150f9af7
Thu Jan  1 17:20:12 2026,2630000000,EM_ANDAMENTO,v1pWTXhea,a884ffd7
Thu Jan  1 17:20:14 2026,2630500000,EM_ANDAMENTO,loWNWlpf,2236ed90
Thu Jan  1 17:20:18 2026,2631000000,EM_ANDAMENTO,7qWVJUAn,eb2c7947
Thu Jan  1 17:20:23 2026,2631500000,EM_ANDAMENTO,Fi2di,23030ac1
Thu Jan  1 17:20:28 2026,2632000000,EM_ANDAMENTO,YnAIa770PS,8236491d
Thu Jan  1 17:20:34 2026,2632500000,EM_ANDAMENTO,Z9p9T,c654265f
Thu Jan  1 17:20:39 2026,2633000000,EM_ANDAMENTO,uuexxQuju,35a063b3
Thu Jan  1 17:20:44 2026,2633500000,EM_ANDAMENTO,h3,9e50b012
Thu Jan  1 17:20:49 2026,2634000000,EM_ANDAMENTO,1,ebaf5ccd
Thu Jan  1 17:20:54 2026,2634500000,EM_ANDAMENTO,HvTCrmkOJ5,c50c7aa1
Thu Jan  1 17:20:59 2026,2635000000,EM_ANDAMENTO,t19RzZ0MQk6,97641f5d
Thu Jan  1 17:21:04 2026,2635500000,EM_ANDAMENTO,jX7PozqR2,08ba4db4
Thu Jan  1 17:21:09 2026,2636000000,EM_ANDAMENTO,GYUXoEEzen5X,cf178d50
Thu Jan  1 17:21:15 2026,2636500000,EM_ANDAMENTO,4Gkr4WZ6Bo,567aefb0
Thu Jan  1 17:21:20 2026,2637000000,EM_ANDAMENTO,Qf,93cf43f9
Thu Jan  1 17:21:25 2026,2637500000,EM_ANDAMENTO,6h,814cd1b8
Thu Jan  1 17:21:31 2026,2638000000,EM_ANDAMENTO,w,1e332829
Thu Jan  1 17:21:36 2026,2638500000,EM_ANDAMENTO,5c5RNL0TnRV1,e11ecdb1
Thu Jan  1 17:21:41 2026,2639000000,EM_ANDAMENTO,7vbIHQ,53b017ad
Thu Jan  1 17:21:46 2026,2639500000,EM_ANDAMENTO,1C8,d6f8921d
Thu Jan  1 17:21:51 2026,2640000000,EM_ANDAMENTO,sy5lahx2OlP,3344d1dd
Thu Jan  1 17:21:56 2026,2640500000,EM_ANDAMENTO,dcYRT0Sr5t3,806c5c77
Thu Jan  1 17:22:02 2026,2641000000,EM_ANDAMENTO,NDmGPf,c40db065
Thu Jan  1 17:22:07 2026,2641500000,EM_ANDAMENTO,2Fp7lCq0,36d5decf
Thu Jan  1 17:22:12 2026,2642000000,EM_ANDAMENTO,jZeWuz,3a1e3036
Thu Jan  1 17:22:17 2026,2642500000,EM_ANDAMENTO,DzCH34KSXqI,f034f56e
Thu Jan  1 17:22:22 2026,2643000000,EM_ANDAMENTO,tzlWr,d42b5bbb
Thu Jan  1 17:22:27 2026,2643500000,EM_ANDAMENTO,llae4Ey,de20e11c
Thu Jan  1 17:22:32 2026,2644000000,EM_ANDAMENTO,9JSbEj0R,0933c213
Thu Jan  1 17:22:37 2026,2644500000,EM_ANDAMENTO,Wu,631649c1
Thu Jan  1 17:22:43 2026,2645000000,EM_ANDAMENTO,NR,22283f58
Thu Jan  1 17:22:48 2026,2645500000,EM_ANDAMENTO,LfBVc,c3bfa831
Thu Jan  1 17:22:53 2026,2646000000,EM_ANDAMENTO,y4qc90,84bf4cf8
Thu Jan  1 17:22:58 2026,2646500000,EM_ANDAMENTO,zO1L02MR1,3d43c953
Thu Jan  1 17:23:04 2026,2647000000,EM_ANDAMENTO,LzdaETdf5,d2ce13a6
Thu Jan  1 17:23:09 2026,2647500000,EM_ANDAMENTO,7nIc,f45b5fe7
Thu Jan  1 17:23:14 2026,2648000000,EM_ANDAMENTO,rxmMMn6YBTsT,dcfe1a58
Thu Jan  1 17:23:19 2026,2648500000,EM_ANDAMENTO,zx,302aaa5b
Thu Jan  1 17:23:24 2026,2649000000,EM_ANDAMENTO,MJ3ivLFLDO,f180bbb9
Thu Jan  1 17:23:29 2026,2649500000,EM_ANDAMENTO,dqfSbr5ZzY,6214511a
Thu Jan  1 17:23:34 2026,2650000000,EM_ANDAMENTO,3jgTA,d38d19cf
Thu Jan  1 17:23:40 2026,2650500000,EM_ANDAMENTO,ScK1,bda5da2b
Thu Jan  1 17:23:45 2026,2651000000,EM_ANDAMENTO,Pn8uXkdG2,693d0c5d
Thu Jan  1 17:23:50 2026,2651500000,EM_ANDAMENTO,HSHRL,4599536f
Thu Jan  1 17:23:55 2026,2652000000,EM_ANDAMENTO,dNr,99c9c6d6
Thu Jan  1 17:24:00 2026,2652500000,EM_ANDAMENTO,K,58a8694c
Thu Jan  1 17:24:05 2026,2653000000,EM_ANDAMENTO,L,73706247
Thu Jan  1 17:24:10 2026,2653500000,EM_ANDAMENTO,4y0O,98b2d5f7
Thu Jan  1 17:24:15 2026,2654000000,EM_ANDAMENTO,u0,04d9c35d
Thu Jan  1 17:24:19 2026,2654500000,EM_ANDAMENTO,U0Q2Co5JF,03f31491
Thu Jan  1 17:24:25 2026,2655000000,EM_ANDAMENTO,OElheFy9ZA,631c16ee
Thu Jan  1 17:24:30 2026,2655500000,EM_ANDAMENTO,9lQe,4948a20d
Thu Jan  1 17:24:35 2026,2656000000,EM_ANDAMENTO,K389dAjOXRm,d81b7ad6
Thu Jan  1 17:24:40 2026,2656500000,EM_ANDAMENTO,KKw,939faae8
Thu Jan  1 17:24:45 2026,2657000000,EM_ANDAMENTO,cFohVz,89ff5045
Thu Jan  1 17:24:50 2026,2657500000,EM_ANDAMENTO,Oy6VjNOXX2L,99466fff
Thu Jan  1 17:24:56 2026,2658000000,EM_ANDAMENTO,N239jURFwx,f4bf5de0
Thu Jan  1 17:25:01 2026,2658500000,EM_ANDAMENTO,R7sYhQ6C4X,4ab5a31c
Thu Jan  1 17:25:07 2026,2659000000,EM_ANDAMENTO,6D9,e3dd5b72
Thu Jan  1 17:25:12 2026,2659500000,EM_ANDAMENTO,RFVRgXv5pBY,2dc058fd
Thu Jan  1 17:25:17 2026,2660000000,EM_ANDAMENTO,qqj,15aa17dc
Thu Jan  1 17:25:22 2026,2660500000,EM_ANDAMENTO,PA,fe7b0476
Thu Jan  1 17:25:28 2026,2661000000,EM_ANDAMENTO,Cq7hI49lMSv,854e9771
Thu Jan  1 17:25:33 2026,2661500000,EM_ANDAMENTO,zPkDutPiJ,fb5abd22
Thu Jan  1 17:25:38 2026,2662000000,EM_ANDAMENTO,5zZXarh,754cc1bc
Thu Jan  1 17:25:43 2026,2662500000,EM_ANDAMENTO,Fy71FgZ,6f7bb3e5
Thu Jan  1 17:25:48 2026,2663000000,EM_ANDAMENTO,LS,d3eb8973
Thu Jan  1 17:25:53 2026,2663500000,EM_ANDAMENTO,RzkritrNnw,1d6f1ba4
Thu Jan  1 17:25:59 2026,2664000000,EM_ANDAMENTO,ULF,152edddc
Thu Jan  1 17:26:04 2026,2664500000,EM_ANDAMENTO,37wh,76da6d7b
Thu Jan  1 17:26:10 2026,2665000000,EM_ANDAMENTO,kU1Aq,66f0395e
Thu Jan  1 17:26:15 2026,2665500000,EM_ANDAMENTO,tebp5KLwXRx,8ca623fe
Thu Jan  1 17:26:20 2026,2666000000,EM_ANDAMENTO,O2uuJjTWf,3d141487
Thu Jan  1 17:26:26 2026,2666500000,EM_ANDAMENTO,UZ,c323d721
Thu Jan  1 17:26:31 2026,2667000000,EM_ANDAMENTO,yX6POz8WnDCg,4958b1f5
Thu Jan  1 17:26:36 2026,2667500000,EM_ANDAMENTO,JcO2VrDq,2c30ad94
Thu Jan  1 17:26:41 2026,2668000000,EM_ANDAMENTO,p9j7,134f73ab
Thu Jan  1 17:26:47 2026,2668500000,EM_ANDAMENTO,i6dxeCPajZ,c15ed594
Thu Jan  1 17:26:52 2026,2669000000,EM_ANDAMENTO,0x2,99238cad
Thu Jan  1 17:26:57 2026,2669500000,EM_ANDAMENTO,ng71fFZ08G,91e6d842
Thu Jan  1 17:27:02 2026,2670000000,EM_ANDAMENTO,V3bpfkjK,744ebd6e
Thu Jan  1 17:27:07 2026,2670500000,EM_ANDAMENTO,pKN6gSdACCP,42659fb9
Thu Jan  1 17:27:13 2026,2671000000,EM_ANDAMENTO,DE,4af99203
Thu Jan  1 17:27:17 2026,2671500000,EM_ANDAMENTO,qQBYBe6W,ba115d57
Thu Jan  1 17:27:22 2026,2672000000,EM_ANDAMENTO,eIgFjq9wHa8,cfe0aa21
Thu Jan  1 17:27:28 2026,2672500000,EM_ANDAMENTO,J5GA7z,ad73b69d
Thu Jan  1 17:27:33 2026,2673000000,EM_ANDAMENTO,Gw6cXzcXFXa,757ed57f
Thu Jan  1 17:27:38 2026,2673500000,EM_ANDAMENTO,pcNPBUZ7,e5992d4b
Thu Jan  1 17:27:43 2026,2674000000,EM_ANDAMENTO,vK,cf7c16ba
Thu Jan  1 17:27:48 2026,2674500000,EM_ANDAMENTO,L,73706247
Thu Jan  1 17:27:54 2026,2675000000,EM_ANDAMENTO,FDUX4NyYsoPn,7a4dcb28
Thu Jan  1 17:27:59 2026,2675500000,EM_ANDAMENTO,QnU3gPw,1ee1bd84
Thu Jan  1 17:28:04 2026,2676000000,EM_ANDAMENTO,8,cac75ec7
Thu Jan  1 17:28:09 2026,2676500000,EM_ANDAMENTO,FT8wfBX,3890e470
Thu Jan  1 17:28:14 2026,2677000000,EM_ANDAMENTO,Q89HAv,00fe6101
Thu Jan  1 17:28:20 2026,2677500000,EM_ANDAMENTO,4q,beaddbac
Thu Jan  1 17:28:25 2026,2678000000,EM_ANDAMENTO,J3DNGWBBra,1d2a2929
Thu Jan  1 17:28:30 2026,2678500000,EM_ANDAMENTO,a8KakzJvX8VB,8b5facd6
Thu Jan  1 17:28:35 2026,2679000000,EM_ANDAMENTO,YcNE1MHeV2Dm,029219f5
Thu Jan  1 17:28:40 2026,2679500000,EM_ANDAMENTO,Gq4n5ZYl3UlU,3bc32754
Thu Jan  1 17:28:46 2026,2680000000,EM_ANDAMENTO,5x3bka,fbff9b5a
Thu Jan  1 17:28:51 2026,2680500000,EM_ANDAMENTO,EuLeDY,f09408a1
Thu Jan  1 17:28:56 2026,2681000000,EM_ANDAMENTO,6L,18f2f906
Thu Jan  1 17:29:01 2026,2681500000,EM_ANDAMENTO,jXs5ATaoPw,759911f8
Thu Jan  1 17:29:07 2026,2682000000,EM_ANDAMENTO,RTv8,488ce3cb
Thu Jan  1 17:29:12 2026,2682500000,EM_ANDAMENTO,mSLivrAhNa5B,36bc9eb7
Thu Jan  1 17:29:17 2026,2683000000,EM_ANDAMENTO,gwzUChc8prW,6f7739f4
Thu Jan  1 17:29:22 2026,2683500000,EM_ANDAMENTO,a5D7,17e20b96
Thu Jan  1 17:29:27 2026,2684000000,EM_ANDAMENTO,FOTkj,8d7eba6c
Thu Jan  1 17:29:32 2026,2684500000,EM_ANDAMENTO,9Im5tJpe,c19894e6
Thu Jan  1 17:29:37 2026,2685000000,EM_ANDAMENTO,zZx,31f89c56
Thu Jan  1 17:29:42 2026,2685500000,EM_ANDAMENTO,m7LlcFL,5db2842e
Thu Jan  1 17:29:47 2026,2686000000,EM_ANDAMENTO,oeBvWvVWsL,461d10ae
Thu Jan  1 17:29:53 2026,2686500000,EM_ANDAMENTO,CmictXSWTf,0a424c3c
Thu Jan  1 17:29:58 2026,2687000000,EM_ANDAMENTO,1DuXzlyElJp,9c31c52e
Thu Jan  1 17:30:02 2026,2687500000,EM_ANDAMENTO,hz,f7998ced
Thu Jan  1 17:30:05 2026,2688000000,EM_ANDAMENTO,YS0vL5Qq,5ea1aa27
Thu Jan  1 17:30:06 2026,2688500000,EM_ANDAMENTO,CZ,a8a793b5
Thu Jan  1 17:30:09 2026,2689000000,EM_ANDAMENTO,7o8EcXVGh,3620ebd1
Thu Jan  1 17:30:11 2026,2689500000,EM_ANDAMENTO,JwSx,8efd565b
Thu Jan  1 17:30:13 2026,2690000000,EM_ANDAMENTO,hHtOy1zdCDd,02ba4265
Thu Jan  1 17:30:15 2026,2690500000,EM_ANDAMENTO,EugTqXgOUcW,84533045
Thu Jan  1 17:30:17 2026,2691000000,EM_ANDAMENTO,RgJ2Mu,ace35f4d
Thu Jan  1 17:30:19 2026,2691500000,EM_ANDAMENTO,5WUv,1b8d013b
Thu Jan  1 17:30:21 2026,2692000000,EM_ANDAMENTO,ezGCYvCx,f383196d
Thu Jan  1 17:30:22 2026,2692500000,EM_ANDAMENTO,uhXjffE,9c607e89
Thu Jan  1 17:30:24 2026,2693000000,EM_ANDAMENTO,JbXPBPcg5VRM,3585cdad
Thu Jan  1 17:30:26 2026,2693500000,EM_ANDAMENTO,TpiyPNEYG,f99b8374
Thu Jan  1 17:30:28 2026,2694000000,EM_ANDAMENTO,jKWa,c2224510
Thu Jan  1 17:30:29 2026,2694500000,EM_ANDAMENTO,xs,741a97bb
Thu Jan  1 17:30:31 2026,2695000000,EM_ANDAMENTO,oDsLBrRQiX,9f1c2bda
Thu Jan  1 17:30:33 2026,2695500000,EM_ANDAMENTO,uuhpL,3cec18ad
Thu Jan  1 17:30:35 2026,2696000000,EM_ANDAMENTO,mq1j1,8f08eeac
Thu Jan  1 17:30:37 2026,2696500000,EM_ANDAMENTO,3,0a7fddc2
Thu Jan  1 17:30:41 2026,2697000000,EM_ANDAMENTO,h,ed6dba4b
Thu Jan  1 17:30:43 2026,2697500000,EM_ANDAMENTO,WbUdIoOzNSgZ,10a969b7
Thu Jan  1 17:30:45 2026,2698000000,EM_ANDAMENTO,j2DjO9wR,1b359524
Thu Jan  1 17:30:46 2026,2698500000,EM_ANDAMENTO,U,286668ef
Thu Jan  1 17:30:48 2026,2699000000,EM_ANDAMENTO,1nY,72e7ff82
Thu Jan  1 17:30:50 2026,2699500000,EM_ANDAMENTO,90kHRj6WSQSL,78d908d2
Thu Jan  1 17:30:52 2026,2700000000,EM_ANDAMENTO,QQQbC,b8ba4964
Thu Jan  1 17:30:53 2026,2700500000,EM_ANDAMENTO,eNoeNqB,1e48a4fa
Thu Jan  1 17:30:55 2026,2701000000,EM_ANDAMENTO,1xOcvwAhL,2e3b510f
Thu Jan  1 17:30:57 2026,2701500000,EM_ANDAMENTO,Tvu,03ac1376
Thu Jan  1 17:30:59 2026,2702000000,EM_ANDAMENTO,XGuhO0V,86d852d2
Thu Jan  1 17:31:01 2026,2702500000,EM_ANDAMENTO,mewINy0A,9877218b
Thu Jan  1 17:31:03 2026,2703000000,EM_ANDAMENTO,2,4e9e3870
Thu Jan  1 17:31:06 2026,2703500000,EM_ANDAMENTO,mrZy0EDrOU,33a0a1e4
Thu Jan  1 17:31:09 2026,2704000000,EM_ANDAMENTO,Lcy86YkuK,48a4a050
Thu Jan  1 17:31:12 2026,2704500000,EM_ANDAMENTO,OHzAA9YE4pb,d9740ec2
Thu Jan  1 17:31:17 2026,2705000000,EM_ANDAMENTO,Bn2GlC62,f23a1aed
Thu Jan  1 17:31:21 2026,2705500000,EM_ANDAMENTO,D1n9skn,67c0ea89
Thu Jan  1 17:31:25 2026,2706000000,EM_ANDAMENTO,jPZgWh0Gs,2b2b7e26
Thu Jan  1 17:31:28 2026,2706500000,EM_ANDAMENTO,ATn,f100034c
Thu Jan  1 17:31:30 2026,2707000000,EM_ANDAMENTO,DQLWgS,68f855d7
Thu Jan  1 17:31:35 2026,2707500000,EM_ANDAMENTO,DUeXFQ7pc,0456c4fd
Thu Jan  1 17:31:40 2026,2708000000,EM_ANDAMENTO,yvUNNTlHKc8,1982a4da
Thu Jan  1 17:31:45 2026,2708500000,EM_ANDAMENTO,x0i,ca06f95a
Thu Jan  1 17:31:50 2026,2709000000,EM_ANDAMENTO,RUvOH8G,5bd63626
Thu Jan  1 17:31:55 2026,2709500000,EM_ANDAMENTO,cV,f33a97fb
Thu Jan  1 17:32:00 2026,2710000000,EM_ANDAMENTO,GihQebqZ5a,e8e6f409
Thu Jan  1 17:32:05 2026,2710500000,EM_ANDAMENTO,Hzt,83f3cea9
Thu Jan  1 17:32:10 2026,2711000000,EM_ANDAMENTO,m8AfQiQNppR,361f1499
Thu Jan  1 17:32:15 2026,2711500000,EM_ANDAMENTO,ewX,2652b424
Thu Jan  1 17:32:20 2026,2712000000,EM_ANDAMENTO,sRRJS,51184846
Thu Jan  1 17:32:25 2026,2712500000,EM_ANDAMENTO,lsaY2qnJhlvB,b6aa4032
Thu Jan  1 17:32:31 2026,2713000000,EM_ANDAMENTO,svWA,6b77e1cc
Thu Jan  1 17:32:36 2026,2713500000,EM_ANDAMENTO,1aUdv9RgOPJ,c2fc616e
Thu Jan  1 17:32:41 2026,2714000000,EM_ANDAMENTO,mghOaq,c27f32e8
Thu Jan  1 17:32:46 2026,2714500000,EM_ANDAMENTO,fS9P,9fd3479c
Thu Jan  1 17:32:51 2026,2715000000,EM_ANDAMENTO,y,4cccd98d
Thu Jan  1 17:32:56 2026,2715500000,EM_ANDAMENTO,6OD,e76beb1e
Thu Jan  1 17:33:01 2026,2716000000,EM_ANDAMENTO,RPRrxx,2bd8a277
Thu Jan  1 17:33:06 2026,2716500000,EM_ANDAMENTO,UaOTkOQc,7617a1be
Thu Jan  1 17:33:11 2026,2717000000,EM_ANDAMENTO,1cy8c45xr,fbc7ada6
Thu Jan  1 17:33:17 2026,2717500000,EM_ANDAMENTO,diAarWP0bUE8,fddab1f4
Thu Jan  1 17:33:22 2026,2718000000,EM_ANDAMENTO,oZOSSbKH,a9a86a0a
Thu Jan  1 17:33:27 2026,2718500000,EM_ANDAMENTO,1gNXYw,5e33412e
Thu Jan  1 17:33:32 2026,2719000000,EM_ANDAMENTO,MzJmFvX,fc70cf02
Thu Jan  1 17:33:38 2026,2719500000,EM_ANDAMENTO,ErA,aec5e475
Thu Jan  1 17:33:45 2026,2720000000,EM_ANDAMENTO,zj0IcLC,0efb07b8
Thu Jan  1 17:33:52 2026,2720500000,EM_ANDAMENTO,nF2Qwpo1QLB,fead9c46
Thu Jan  1 17:33:59 2026,2721000000,EM_ANDAMENTO,TWzHf,11605f67
Thu Jan  1 17:34:07 2026,2721500000,EM_ANDAMENTO,6oixOjH,6a13266d
Thu Jan  1 17:34:14 2026,2722000000,EM_ANDAMENTO,RacUv81,56ac83cc
Thu Jan  1 17:34:22 2026,2722500000,EM_ANDAMENTO,JTiDpFzY,795d67b9
Thu Jan  1 17:34:29 2026,2723000000,EM_ANDAMENTO,OhFmwq6hsJ,c65b302b
Thu Jan  1 17:34:36 2026,2723500000,EM_ANDAMENTO,gx,f6b3634f
Thu Jan  1 17:34:43 2026,2724000000,EM_ANDAMENTO,0ElqXQAdg7,002f1147
Thu Jan  1 17:34:49 2026,2724500000,EM_ANDAMENTO,kpko1RUhbP6,90a69edc
Thu Jan  1 17:34:56 2026,2725000000,EM_ANDAMENTO,tR,b21ec6f4
Thu Jan  1 17:35:04 2026,2725500000,EM_ANDAMENTO,T9g2,c5037758
Thu Jan  1 17:35:12 2026,2726000000,EM_ANDAMENTO,bl3W8Mmgj6,24014c63
Thu Jan  1 17:35:19 2026,2726500000,EM_ANDAMENTO,7skoz8H,36206411
Thu Jan  1 17:35:25 2026,2727000000,EM_ANDAMENTO,gASnbsIgUs5v,6d05dbed
Thu Jan  1 17:35:32 2026,2727500000,EM_ANDAMENTO,pouwlex6G,70ae243a
Thu Jan  1 17:35:41 2026,2728000000,EM_ANDAMENTO,fa,1a175ffe
Thu Jan  1 17:35:48 2026,2728500000,EM_ANDAMENTO,RnAz6nkN1,a2440669
Thu Jan  1 17:35:58 2026,2729000000,EM_ANDAMENTO,5knG4yg,65a14d07
Thu Jan  1 17:36:04 2026,2729500000,EM_ANDAMENTO,F,a2c949bf
Thu Jan  1 17:36:11 2026,2730000000,EM_ANDAMENTO,eZ,78d36a5f
Thu Jan  1 17:36:18 2026,2730500000,EM_ANDAMENTO,e,bb2b536f
Thu Jan  1 17:36:25 2026,2731000000,EM_ANDAMENTO,bkb8aDmOekcX,9e5fb2a8
Thu Jan  1 17:36:32 2026,2731500000,EM_ANDAMENTO,Lj4,c7b982dc
Thu Jan  1 17:36:39 2026,2732000000,EM_ANDAMENTO,lBZpC,4cb5a3e9
Thu Jan  1 17:36:47 2026,2732500000,EM_ANDAMENTO,6fUcywbQOHTR,d9b4972e
Thu Jan  1 17:36:53 2026,2733000000,EM_ANDAMENTO,AnMJusrEc,cd14c186
Thu Jan  1 17:37:00 2026,2733500000,EM_ANDAMENTO,v5vC,950861d5
Thu Jan  1 17:37:07 2026,2734000000,EM_ANDAMENTO,B1,fdf5a7d1
Thu Jan  1 17:37:14 2026,2734500000,EM_ANDAMENTO,EBySHHBhoPi,e610b141
Thu Jan  1 17:37:21 2026,2735000000,EM_ANDAMENTO,0M7,202a92ed
Thu Jan  1 17:37:28 2026,2735500000,EM_ANDAMENTO,m93eNg8nVX,46963f7b
Thu Jan  1 17:37:35 2026,2736000000,EM_ANDAMENTO,lfF3s,6cc00d62
Thu Jan  1 17:37:42 2026,2736500000,EM_ANDAMENTO,pAcK,0aea6e46
Thu Jan  1 17:37:49 2026,2737000000,EM_ANDAMENTO,hd,f666f2eb
Thu Jan  1 17:37:56 2026,2737500000,EM_ANDAMENTO,XSyPUZm6ZQoC,e6ade06d
Thu Jan  1 17:38:03 2026,2738000000,EM_ANDAMENTO,cfyia8m6,193dbdb8
Thu Jan  1 17:38:09 2026,2738500000,EM_ANDAMENTO,tDz0qdmSqI,ed036eef
Thu Jan  1 17:38:17 2026,2739000000,EM_ANDAMENTO,b4A,c1e9abd0
Thu Jan  1 17:38:24 2026,2739500000,EM_ANDAMENTO,Cwmii9BKB,6af5ad03
Thu Jan  1 17:38:35 2026,2740000000,EM_ANDAMENTO,l0AurW0r5,fea9763c
Thu Jan  1 17:38:42 2026,2740500000,EM_ANDAMENTO,Qg,d509a937
Thu Jan  1 17:38:49 2026,2741000000,EM_ANDAMENTO,pW,9bafe39a
Thu Jan  1 17:38:56 2026,2741500000,EM_ANDAMENTO,1dN12ZL,c95a547e
Thu Jan  1 17:39:04 2026,2742000000,EM_ANDAMENTO,R,613edcc8
Thu Jan  1 17:39:11 2026,2742500000,EM_ANDAMENTO,rLZBVqetk,6b73813a
Thu Jan  1 17:39:17 2026,2743000000,EM_ANDAMENTO,pbjtHvBNKu,b785bafd
Thu Jan  1 17:39:25 2026,2743500000,EM_ANDAMENTO,66V2jm,d0edd56d
Thu Jan  1 17:39:32 2026,2744000000,EM_ANDAMENTO,j,60e284f4
Thu Jan  1 17:39:38 2026,2744500000,EM_ANDAMENTO,BF56,4cd54b0d
Thu Jan  1 17:39:45 2026,2745000000,EM_ANDAMENTO,NjnkU9,315dce5b
Thu Jan  1 17:39:51 2026,2745500000,EM_ANDAMENTO,AhO7fvJtw,1cea6d87
Thu Jan  1 17:39:58 2026,2746000000,EM_ANDAMENTO,mtpMonG,805cc200
Thu Jan  1 17:40:05 2026,2746500000,EM_ANDAMENTO,X1qR9BuAYb1,68d6d7b4
Thu Jan  1 17:40:12 2026,2747000000,EM_ANDAMENTO,9xQ29r13F4,07ae69aa
Thu Jan  1 17:40:19 2026,2747500000,EM_ANDAMENTO,EpdHKc,a48f8b57
Thu Jan  1 17:40:25 2026,2748000000,EM_ANDAMENTO,bIu,9e333625
Thu Jan  1 17:40:32 2026,2748500000,EM_ANDAMENTO,xT2CW,d6c4307c
Thu Jan  1 17:40:39 2026,2749000000,EM_ANDAMENTO,nKQ25,dcb5ea5e
Thu Jan  1 17:40:45 2026,2749500000,EM_ANDAMENTO,FCEkj,f8f1a9d3
Thu Jan  1 17:40:52 2026,2750000000,EM_ANDAMENTO,BDnocRjh,612b4120
Thu Jan  1 17:40:59 2026,2750500000,EM_ANDAMENTO,0EgrgFeic,be8b2df0
Thu Jan  1 17:41:05 2026,2751000000,EM_ANDAMENTO,zn,da2933e6
Thu Jan  1 17:41:12 2026,2751500000,EM_ANDAMENTO,XirPbbCUXld,d46e5e30
Thu Jan  1 17:41:19 2026,2752000000,EM_ANDAMENTO,Ly7DANLeMRz,e7ec4bee
Thu Jan  1 17:41:26 2026,2752500000,EM_ANDAMENTO,uBUK,2d328c5a
Thu Jan  1 17:41:32 2026,2753000000,EM_ANDAMENTO,EsoZXWzRALC,5929042d
Thu Jan  1 17:41:39 2026,2753500000,EM_ANDAMENTO,j9X,75db20db
Thu Jan  1 17:41:46 2026,2754000000,EM_ANDAMENTO,zk,392da2cb
Thu Jan  1 17:41:53 2026,2754500000,EM_ANDAMENTO,OyDgR3aOG,ed1b28f5
Thu Jan  1 17:42:00 2026,2755000000,EM_ANDAMENTO,lYIg,5c875496
Thu Jan  1 17:42:07 2026,2755500000,EM_ANDAMENTO,Jni6Cr,431863b4
Thu Jan  1 17:42:14 2026,2756000000,EM_ANDAMENTO,ej,15842486
Thu Jan  1 17:42:20 2026,2756500000,EM_ANDAMENTO,6,21d93093
Thu Jan  1 17:42:27 2026,2757000000,EM_ANDAMENTO,k0,5accc479
Thu Jan  1 17:42:34 2026,2757500000,EM_ANDAMENTO,t1GxY,6f75bee4
Thu Jan  1 17:42:41 2026,2758000000,EM_ANDAMENTO,Kd9PE,2b270933
Thu Jan  1 17:42:49 2026,2758500000,EM_ANDAMENTO,pFOI5K,eb7f75bd
Thu Jan  1 17:42:56 2026,2759000000,EM_ANDAMENTO,d11HI0N8eC,9a5381ce
Thu Jan  1 17:43:04 2026,2759500000,EM_ANDAMENTO,et,e7029fb4
Thu Jan  1 17:43:11 2026,2760000000,EM_ANDAMENTO,cb9trcsn,0362fda1
Thu Jan  1 17:43:17 2026,2760500000,EM_ANDAMENTO,LQvXHJoN92qb,b0365aa4
Thu Jan  1 17:43:25 2026,2761000000,EM_ANDAMENTO,GsH9,3bc32de5
Thu Jan  1 17:43:32 2026,2761500000,EM_ANDAMENTO,bX9dAHMnW1WX,e807fede
Thu Jan  1 17:43:38 2026,2762000000,EM_ANDAMENTO,bAE7A,b78df096
Thu Jan  1 17:43:45 2026,2762500000,EM_ANDAMENTO,u,4aed0987
Thu Jan  1 17:43:52 2026,2763000000,EM_ANDAMENTO,rCy4c55,8285113c
Thu Jan  1 17:43:57 2026,2763500000,EM_ANDAMENTO,FAF4yOJVdac3,f20efec2
Thu Jan  1 17:44:01 2026,2764000000,EM_ANDAMENTO,lCG2NK2,4910655d
Thu Jan  1 17:44:04 2026,2764500000,EM_ANDAMENTO,Rtn03vm,ba93544b
Thu Jan  1 17:44:07 2026,2765000000,EM_ANDAMENTO,H,db72f8cc
Thu Jan  1 17:44:11 2026,2765500000,EM_ANDAMENTO,1JKGh4M1AfG,96aa290a
Thu Jan  1 17:44:14 2026,2766000000,EM_ANDAMENTO,WlXLNLn310b,88a77d47
Thu Jan  1 17:44:17 2026,2766500000,EM_ANDAMENTO,E,9e677faf
Thu Jan  1 17:44:20 2026,2767000000,EM_ANDAMENTO,7gKI,ba418dcc
Thu Jan  1 17:44:23 2026,2767500000,EM_ANDAMENTO,1aD8kK,77e08dad
Thu Jan  1 17:44:28 2026,2768000000,EM_ANDAMENTO,R1dcqsnR,9380763e
Thu Jan  1 17:44:35 2026,2768500000,EM_ANDAMENTO,0bR,fd6179f2
Thu Jan  1 17:44:41 2026,2769000000,EM_ANDAMENTO,yP6ER84,4e517a80
Thu Jan  1 17:44:49 2026,2769500000,EM_ANDAMENTO,j9KyxUTFv,b06c6dd0
Thu Jan  1 17:44:55 2026,2770000000,EM_ANDAMENTO,VHhVFW4AG,023d0582
Thu Jan  1 17:45:02 2026,2770500000,EM_ANDAMENTO,X7vNldpCZ4,809f04af
Thu Jan  1 17:45:10 2026,2771000000,EM_ANDAMENTO,MCMq,34b89bbb
Thu Jan  1 17:45:17 2026,2771500000,EM_ANDAMENTO,SB,fbcc5603
Thu Jan  1 17:45:24 2026,2772000000,EM_ANDAMENTO,5RUsU3hd,6a7b9207
Thu Jan  1 17:45:31 2026,2772500000,EM_ANDAMENTO,ixp1,10345bab
Thu Jan  1 17:45:37 2026,2773000000,EM_ANDAMENTO,V,55360b71
Thu Jan  1 17:45:44 2026,2773500000,EM_ANDAMENTO,aZ5,0fb26c2c
Thu Jan  1 17:45:52 2026,2774000000,EM_ANDAMENTO,QwBJGih6z0B2,84d44e64
Thu Jan  1 17:45:58 2026,2774500000,EM_ANDAMENTO,Fb,93cebb5e
Thu Jan  1 17:46:03 2026,2775000000,EM_ANDAMENTO,odJw,a13db5bb
Thu Jan  1 17:46:07 2026,2775500000,EM_ANDAMENTO,s0UdpVj,936e2b96
Thu Jan  1 17:46:11 2026,2776000000,EM_ANDAMENTO,iraUpsLLuoRY,9d52d2d2
Thu Jan  1 17:46:15 2026,2776500000,EM_ANDAMENTO,p0YxAwD,6180cd28
Thu Jan  1 17:46:18 2026,2777000000,EM_ANDAMENTO,8qRp,76314f52
Thu Jan  1 17:46:21 2026,2777500000,EM_ANDAMENTO,bsDuQa4uKG,9237004a
Thu Jan  1 17:46:25 2026,2778000000,EM_ANDAMENTO,2fTc,7dc9d139
Thu Jan  1 17:46:28 2026,2778500000,EM_ANDAMENTO,Q6gzQ8uxirjq,e8085a9e
Thu Jan  1 17:46:31 2026,2779000000,EM_ANDAMENTO,fPy,e7c30fb0
Thu Jan  1 17:46:35 2026,2779500000,EM_ANDAMENTO,VUn,fdbff1b4
Thu Jan  1 17:46:38 2026,2780000000,EM_ANDAMENTO,jY2aHtNDC8,6344bfa6
Thu Jan  1 17:46:40 2026,2780500000,EM_ANDAMENTO,fp6Qq44gGDj,4fc9f9f1
Thu Jan  1 17:46:42 2026,2781000000,EM_ANDAMENTO,Dh,19edea77
Thu Jan  1 17:46:43 2026,2781500000,EM_ANDAMENTO,pSFEMSW,42243102
Thu Jan  1 17:46:45 2026,2782000000,EM_ANDAMENTO,RNEz9WvQ46pA,d078c643
Thu Jan  1 17:46:47 2026,2782500000,EM_ANDAMENTO,Qdq7O,568d549f
Thu Jan  1 17:46:48 2026,2783000000,EM_ANDAMENTO,U9aK89,f838d4bb
Thu Jan  1 17:46:50 2026,2783500000,EM_ANDAMENTO,6Cyy,7749b029
Thu Jan  1 17:46:52 2026,2784000000,EM_ANDAMENTO,KH3O3o,bafa3b99
Thu Jan  1 17:46:54 2026,2784500000,EM_ANDAMENTO,0uV1u,7ff76ef2
Thu Jan  1 17:46:55 2026,2785000000,EM_ANDAMENTO,a,85c8de88
Thu Jan  1 17:46:57 2026,2785500000,EM_ANDAMENTO,HxDPptouqQ,d6d40b23
Thu Jan  1 17:46:59 2026,2786000000,EM_ANDAMENTO,TeKJHTu5L,8759d405
Thu Jan  1 17:47:00 2026,2786500000,EM_ANDAMENTO,yaJrzTkHMkmb,b4b92a70
Thu Jan  1 17:47:02 2026,2787000000,EM_ANDAMENTO,pbL9T,69a4dd12
Thu Jan  1 17:47:04 2026,2787500000,EM_ANDAMENTO,Gjx4rV91s,83a494c6
Thu Jan  1 17:47:05 2026,2788000000,EM_ANDAMENTO,kG,c6f3a787
Thu Jan  1 17:47:07 2026,2788500000,EM_ANDAMENTO,OFdxrWk,432c25d5
Thu Jan  1 17:47:08 2026,2789000000,EM_ANDAMENTO,HyVRWpP1i4v,c17a7502
Thu Jan  1 17:47:10 2026,2789500000,EM_ANDAMENTO,3p7v,00a8bdf3
Thu Jan  1 17:47:12 2026,2790000000,EM_ANDAMENTO,Z,dad14f5a
Thu Jan  1 17:47:13 2026,2790500000,EM_ANDAMENTO,aJ0o,c8f19f8a
Thu Jan  1 17:47:15 2026,2791000000,EM_ANDAMENTO,UNiFlpU2,e4626567
Thu Jan  1 17:47:17 2026,2791500000,EM_ANDAMENTO,fzw,4f713182
Thu Jan  1 17:47:18 2026,2792000000,EM_ANDAMENTO,5,b485d77f
Thu Jan  1 17:47:20 2026,2792500000,EM_ANDAMENTO,O1FFHvs,f6a64f05
Thu Jan  1 17:47:22 2026,2793000000,EM_ANDAMENTO,WLGum1zTSYH,497a794c
Thu Jan  1 17:47:23 2026,2793500000,EM_ANDAMENTO,aB7D,d33b288f
Thu Jan  1 17:47:25 2026,2794000000,EM_ANDAMENTO,Rao5h1zl,6342be06
Thu Jan  1 17:47:27 2026,2794500000,EM_ANDAMENTO,SCz3y,15295b22
Thu Jan  1 17:47:28 2026,2795000000,EM_ANDAMENTO,2SRI6dCG89k,b76f1d3d
Thu Jan  1 17:47:30 2026,2795500000,EM_ANDAMENTO,bwgFZx,edefd997
Thu Jan  1 17:47:32 2026,2796000000,EM_ANDAMENTO,v9,c78ab4d8
Thu Jan  1 17:47:33 2026,2796500000,EM_ANDAMENTO,Wva,c2f1a4ad
Thu Jan  1 17:47:35 2026,2797000000,EM_ANDAMENTO,VTZFwMBYH,62b83dcc
Thu Jan  1 17:47:37 2026,2797500000,EM_ANDAMENTO,15bCFRFtA3xZ,61a1bcfc
Thu Jan  1 17:47:38 2026,2798000000,EM_ANDAMENTO,Xxc,bb189fda
Thu Jan  1 17:47:40 2026,2798500000,EM_ANDAMENTO,6BJv1nf,426e7dba
Thu Jan  1 17:47:42 2026,2799000000,EM_ANDAMENTO,Q9rSfgs8I,1a429555
Thu Jan  1 17:47:43 2026,2799500000,EM_ANDAMENTO,bAjjVE0b,f5bfb9da
Thu Jan  1 17:47:45 2026,2800000000,EM_ANDAMENTO,k,ac20c833
Thu Jan  1 17:47:47 2026,2800500000,EM_ANDAMENTO,UDdeNHMpJoR,27f5d877
Thu Jan  1 17:47:48 2026,2801000000,EM_ANDAMENTO,h77AtqhqWo,6239ed77
Thu Jan  1 17:47:50 2026,2801500000,EM_ANDAMENTO,i2qLMoOHCiL,0017c93d
Thu Jan  1 17:47:52 2026,2802000000,EM_ANDAMENTO,QS,6f896c43
Thu Jan  1 17:47:53 2026,2802500000,EM_ANDAMENTO,OSCUQvlL,23b97952
Thu Jan  1 17:47:55 2026,2803000000,EM_ANDAMENTO,jX8u9Fw,ff5957d5
Thu Jan  1 17:47:57 2026,2803500000,EM_ANDAMENTO,X959h,ef70b828
Thu Jan  1 17:47:58 2026,2804000000,EM_ANDAMENTO,Y2KTS7c,29c7da7f
Thu Jan  1 17:48:00 2026,2804500000,EM_ANDAMENTO,t248M,597e798c
Thu Jan  1 17:48:02 2026,2805000000,EM_ANDAMENTO,UN,d9c65921
Thu Jan  1 17:48:03 2026,2805500000,EM_ANDAMENTO,LunMA2OLm8p,35d2c8fe
Thu Jan  1 17:48:05 2026,2806000000,EM_ANDAMENTO,MlINprCefx,5a11e0d0
Thu Jan  1 17:48:06 2026,2806500000,EM_ANDAMENTO,CtFH3SvC0,7c0faaca
Thu Jan  1 17:48:08 2026,2807000000,EM_ANDAMENTO,F06PKcUGX,d4214cd9
Thu Jan  1 17:48:10 2026,2807500000,EM_ANDAMENTO,6,21d93093
Thu Jan  1 17:48:11 2026,2808000000,EM_ANDAMENTO,8N,e047055b
Thu Jan  1 17:48:13 2026,2808500000,EM_ANDAMENTO,v,904f2f17
Thu Jan  1 17:48:15 2026,2809000000,EM_ANDAMENTO,u7,95c31218
Thu Jan  1 17:48:16 2026,2809500000,EM_ANDAMENTO,HFlq1,4d3878e8
Thu Jan  1 17:48:18 2026,2810000000,EM_ANDAMENTO,W,c4abaca1
Thu Jan  1 17:48:20 2026,2810500000,EM_ANDAMENTO,x6X0tKDRYAX7,8c21e09a
Thu Jan  1 17:48:21 2026,2811000000,EM_ANDAMENTO,Q,bd3d67b5
Thu Jan  1 17:48:23 2026,2811500000,EM_ANDAMENTO,qUK2YUH,81dc7221
Thu Jan  1 17:48:25 2026,2812000000,EM_ANDAMENTO,hhPqptAeII7c,2fa2405f
Thu Jan  1 17:48:27 2026,2812500000,EM_ANDAMENTO,AeJ,58e5d214
Thu Jan  1 17:48:28 2026,2813000000,EM_ANDAMENTO,JjdH3Uvl,5a084181
Thu Jan  1 17:48:30 2026,2813500000,EM_ANDAMENTO,1uu6eGK4d,d882bf68
Thu Jan  1 17:48:32 2026,2814000000,EM_ANDAMENTO,DMMuJFRfAY,0b1640fb
Thu Jan  1 17:48:33 2026,2814500000,EM_ANDAMENTO,ueQtxIXbymNt,881f876a
Thu Jan  1 17:48:35 2026,2815000000,EM_ANDAMENTO,resERQhqr,ee0daf7c
Thu Jan  1 17:48:37 2026,2815500000,EM_ANDAMENTO,wfW,18d63154
Thu Jan  1 17:48:38 2026,2816000000,EM_ANDAMENTO,y0gegPC7Rdo,886ed8f2
Thu Jan  1 17:48:40 2026,2816500000,EM_ANDAMENTO,HYQagz4ZR6e0,004d4f2d
Thu Jan  1 17:48:42 2026,2817000000,EM_ANDAMENTO,U5brZsiXK,ca7ccaab
Thu Jan  1 17:48:43 2026,2817500000,EM_ANDAMENTO,o7AtnECDgsD,04bc113b
Thu Jan  1 17:48:45 2026,2818000000,EM_ANDAMENTO,dsXN,bfe40f7f
Thu Jan  1 17:48:47 2026,2818500000,EM_ANDAMENTO,Nfl2,eceb5f12
Thu Jan  1 17:48:48 2026,2819000000,EM_ANDAMENTO,urvAg5o,5bc16356
Thu Jan  1 17:48:50 2026,2819500000,EM_ANDAMENTO,Z32ATR6P,cc9c4d37
Thu Jan  1 17:48:52 2026,2820000000,EM_ANDAMENTO,VLqiFBAJ,f911a665
Thu Jan  1 17:48:53 2026,2820500000,EM_ANDAMENTO,osL1a,a197b0de
Thu Jan  1 17:48:55 2026,2821000000,EM_ANDAMENTO,SYj36,8111c6fe
Thu Jan  1 17:48:57 2026,2821500000,EM_ANDAMENTO,yM38fawjp,9ea9ec8b
Thu Jan  1 17:48:58 2026,2822000000,EM_ANDAMENTO,F0I4hmj,213f0a82
Thu Jan  1 17:49:00 2026,2822500000,EM_ANDAMENTO,8JZ9kiP4gpx,585aa633
Thu Jan  1 17:49:02 2026,2823000000,EM_ANDAMENTO,Xn5rXWN,0c187ca2
Thu Jan  1 17:49:03 2026,2823500000,EM_ANDAMENTO,1MZGJkkOCv,9a2e56e9
Thu Jan  1 17:49:05 2026,2824000000,EM_ANDAMENTO,3,0a7fddc2
Thu Jan  1 17:49:07 2026,2824500000,EM_ANDAMENTO,2HNMUUWbA,c7d8fcb7
Thu Jan  1 17:49:08 2026,2825000000,EM_ANDAMENTO,whzEubGuF,58813002
Thu Jan  1 17:49:10 2026,2825500000,EM_ANDAMENTO,A9,574522ec
Thu Jan  1 17:49:11 2026,2826000000,EM_ANDAMENTO,DqwH1b,589cbda4
Thu Jan  1 17:49:13 2026,2826500000,EM_ANDAMENTO,mFWDnM3hp,672a247e
Thu Jan  1 17:49:15 2026,2827000000,EM_ANDAMENTO,r0UjFaJxPtWH,17831905
Thu Jan  1 17:49:16 2026,2827500000,EM_ANDAMENTO,5ZadQS,fa46047c
Thu Jan  1 17:49:18 2026,2828000000,EM_ANDAMENTO,AMiWKqp,a2dd3ce2
Thu Jan  1 17:49:20 2026,2828500000,EM_ANDAMENTO,ruqp8,a28e16ea
Thu Jan  1 17:49:21 2026,2829000000,EM_ANDAMENTO,yy6UijrvB,2d27a346
Thu Jan  1 17:49:23 2026,2829500000,EM_ANDAMENTO,6B5EnvU94mE,e09f19bf
Thu Jan  1 17:49:25 2026,2830000000,EM_ANDAMENTO,ef,9edbd049
Thu Jan  1 17:49:26 2026,2830500000,EM_ANDAMENTO,i8lNgOUSA4,ff40b51e
Thu Jan  1 17:49:28 2026,2831000000,EM_ANDAMENTO,JJjm5X,0e051a82
Thu Jan  1 17:49:30 2026,2831500000,EM_ANDAMENTO,jgo3MdUG2YdW,ef51fab7
Thu Jan  1 17:49:31 2026,2832000000,EM_ANDAMENTO,Xzsi0fkR,cd530157
Thu Jan  1 17:49:33 2026,2832500000,EM_ANDAMENTO,WYzug3yfT,3da63fdd
Thu Jan  1 17:49:35 2026,2833000000,EM_ANDAMENTO,SnZj6,e68c3cc4
Thu Jan  1 17:49:36 2026,2833500000,EM_ANDAMENTO,nxZXHqRr,b778b7c1
Thu Jan  1 17:49:38 2026,2834000000,EM_ANDAMENTO,R,613edcc8
Thu Jan  1 17:49:40 2026,2834500000,EM_ANDAMENTO,owI,01b8410a
Thu Jan  1 17:49:42 2026,2835000000,EM_ANDAMENTO,Voo2GPjmsTrQ,38a19ce8
Thu Jan  1 17:49:43 2026,2835500000,EM_ANDAMENTO,ml,cff8234e
Thu Jan  1 17:49:45 2026,2836000000,EM_ANDAMENTO,CP7,e0e1f359
Thu Jan  1 17:49:46 2026,2836500000,EM_ANDAMENTO,JKhoN,cb3728d7
Thu Jan  1 17:49:48 2026,2837000000,EM_ANDAMENTO,1,ebaf5ccd
Thu Jan  1 17:49:50 2026,2837500000,EM_ANDAMENTO,WYkvpZv,6e074def
Thu Jan  1 17:49:51 2026,2838000000,EM_ANDAMENTO,xvrHC1up2rP,1d4327ad
Thu Jan  1 17:49:53 2026,2838500000,EM_ANDAMENTO,IkZS5vPQnm,d5425136
Thu Jan  1 17:49:55 2026,2839000000,EM_ANDAMENTO,y2C,255136cc
Thu Jan  1 17:49:56 2026,2839500000,EM_ANDAMENTO,xd1kGTXRc,79621f9f
Thu Jan  1 17:49:58 2026,2840000000,EM_ANDAMENTO,Soe,051bf83a
Thu Jan  1 17:50:00 2026,2840500000,EM_ANDAMENTO,b1nlQFMRqmJd,69927a1d
Thu Jan  1 17:50:02 2026,2841000000,EM_ANDAMENTO,Ajb,89376874
Thu Jan  1 17:50:04 2026,2841500000,EM_ANDAMENTO,pksgV2MR,aa5ce1d9
Thu Jan  1 17:50:06 2026,2842000000,EM_ANDAMENTO,44Xxfb9dG,d73f52cd
Thu Jan  1 17:50:07 2026,2842500000,EM_ANDAMENTO,Yq1xT0hU9n,ca529b22
Thu Jan  1 17:50:09 2026,2843000000,EM_ANDAMENTO,eQIJCL,f7decb7e
Thu Jan  1 17:50:11 2026,2843500000,EM_ANDAMENTO,z,bb66897e
Thu Jan  1 17:50:12 2026,2844000000,EM_ANDAMENTO,WCYVIRGs7FZ,14e28a26
Thu Jan  1 17:50:15 2026,2844500000,EM_ANDAMENTO,LjxWWeUlP,fc34b958
Thu Jan  1 17:50:17 2026,2845000000,EM_ANDAMENTO,R3CAcUV,158ef678
Thu Jan  1 17:50:19 2026,2845500000,EM_ANDAMENTO,Q7guzFTkoHz4,0edb2fc8
Thu Jan  1 17:50:21 2026,2846000000,EM_ANDAMENTO,fOaI9CWfP6,84302f34
Thu Jan  1 17:50:22 2026,2846500000,EM_ANDAMENTO,Krj,e1eedcb9
Thu Jan  1 17:50:24 2026,2847000000,EM_ANDAMENTO,SdQK0nN3,168a74c9
Thu Jan  1 17:50:26 2026,2847500000,EM_ANDAMENTO,v,904f2f17
Thu Jan  1 17:50:28 2026,2848000000,EM_ANDAMENTO,RCO,dfe4f69f
Thu Jan  1 17:50:29 2026,2848500000,EM_ANDAMENTO,5,b485d77f
Thu Jan  1 17:50:31 2026,2849000000,EM_ANDAMENTO,5BKg,a339428c
Thu Jan  1 17:50:33 2026,2849500000,EM_ANDAMENTO,kOxB,1a443eec
Thu Jan  1 17:50:34 2026,2850000000,EM_ANDAMENTO,Jv,a4f93464
Thu Jan  1 17:50:36 2026,2850500000,EM_ANDAMENTO,yM,3fa2a7a4
Thu Jan  1 17:50:38 2026,2851000000,EM_ANDAMENTO,cQA,9522728b
Thu Jan  1 17:50:39 2026,2851500000,EM_ANDAMENTO,3741AHa7I6,7ddb7454
Thu Jan  1 17:50:41 2026,2852000000,EM_ANDAMENTO,OIfTM1D6QM,3bf6341e
Thu Jan  1 17:50:43 2026,2852500000,EM_ANDAMENTO,jT,44deb8a8
Thu Jan  1 17:50:44 2026,2853000000,EM_ANDAMENTO,jRIJ,e15b29f0
Thu Jan  1 17:50:46 2026,2853500000,EM_ANDAMENTO,RjVQuo,1d7f5b7f
Thu Jan  1 17:50:48 2026,2854000000,EM_ANDAMENTO,B,74865dbf
Thu Jan  1 17:50:49 2026,2854500000,EM_ANDAMENTO,75UYpCqwoA,e870aa56
Thu Jan  1 17:50:51 2026,2855000000,EM_ANDAMENTO,W3q,53685e57
Thu Jan  1 17:50:53 2026,2855500000,EM_ANDAMENTO,4ZAUtPAsB6RW,def279ed
Thu Jan  1 17:50:54 2026,2856000000,EM_ANDAMENTO,aAksdq,86636bdc
Thu Jan  1 17:50:56 2026,2856500000,EM_ANDAMENTO,gejZWS5sV,185b4c6c
Thu Jan  1 17:50:58 2026,2857000000,EM_ANDAMENTO,s8Jcp1E,4cf399aa
Thu Jan  1 17:50:59 2026,2857500000,EM_ANDAMENTO,2vP9alE,752fcee1
Thu Jan  1 17:51:01 2026,2858000000,EM_ANDAMENTO,L,73706247
Thu Jan  1 17:51:03 2026,2858500000,EM_ANDAMENTO,UzFsvTDw,6c9cbaba
Thu Jan  1 17:51:04 2026,2859000000,EM_ANDAMENTO,fQMbxi5JyD7,cd8d185f
Thu Jan  1 17:51:06 2026,2859500000,EM_ANDAMENTO,VP1,1c086047
Thu Jan  1 17:51:07 2026,2860000000,EM_ANDAMENTO,abCnnaVmElR,30646635
Thu Jan  1 17:51:09 2026,2860500000,EM_ANDAMENTO,XF1v,cac30208
Thu Jan  1 17:51:11 2026,2861000000,EM_ANDAMENTO,CJ4jtc8,3c06c659
Thu Jan  1 17:51:12 2026,2861500000,EM_ANDAMENTO,r1,2979961b
Thu Jan  1 17:51:14 2026,2862000000,EM_ANDAMENTO,S,9934d41d
Thu Jan  1 17:51:16 2026,2862500000,EM_ANDAMENTO,Fxx9P3n6b,97c7b559
Thu Jan  1 17:51:17 2026,2863000000,EM_ANDAMENTO,hr8DCQ,aa467a84
Thu Jan  1 17:51:19 2026,2863500000,EM_ANDAMENTO,JzSEV,71d06fd1
Thu Jan  1 17:51:21 2026,2864000000,EM_ANDAMENTO,ANjF3sSv,217d2f52
Thu Jan  1 17:51:22 2026,2864500000,EM_ANDAMENTO,HMkHD9jRDrt3,7ca50a4e
Thu Jan  1 17:51:24 2026,2865000000,EM_ANDAMENTO,DOIs,67657065
Thu Jan  1 17:51:26 2026,2865500000,EM_ANDAMENTO,30jP3qxc,0d9c79e1
Thu Jan  1 17:51:27 2026,2866000000,EM_ANDAMENTO,d54l,80f4e25d
Thu Jan  1 17:51:29 2026,2866500000,EM_ANDAMENTO,jM3We,3d99e5be
Thu Jan  1 17:51:31 2026,2867000000,EM_ANDAMENTO,qkQXBGa,3e33e5fe
Thu Jan  1 17:51:33 2026,2867500000,EM_ANDAMENTO,eZk3ez2fqM,644b5734
Thu Jan  1 17:51:35 2026,2868000000,EM_ANDAMENTO,xailouiU,c777753c
Thu Jan  1 17:51:38 2026,2868500000,EM_ANDAMENTO,AAzSqYN,14c18426
Thu Jan  1 17:51:41 2026,2869000000,EM_ANDAMENTO,3wxij,5d80cd89
Thu Jan  1 17:51:43 2026,2869500000,EM_ANDAMENTO,Q7TclT,a2f07ed3
Thu Jan  1 17:51:46 2026,2870000000,EM_ANDAMENTO,6,21d93093
Thu Jan  1 17:51:48 2026,2870500000,EM_ANDAMENTO,xf,9a8ad547
Thu Jan  1 17:51:51 2026,2871000000,EM_ANDAMENTO,DaqGZNP6D,39a3d8d0
Thu Jan  1 17:51:53 2026,2871500000,EM_ANDAMENTO,EY5FkATlE,ef0cf256
Thu Jan  1 17:51:56 2026,2872000000,EM_ANDAMENTO,vohdEwL,411f0733
Thu Jan  1 17:51:58 2026,2872500000,EM_ANDAMENTO,Flp3,35133b64
Thu Jan  1 17:52:01 2026,2873000000,EM_ANDAMENTO,jqxAv574kXk,b416e677
Thu Jan  1 17:52:03 2026,2873500000,EM_ANDAMENTO,AFU,1fc8cc32
Thu Jan  1 17:52:06 2026,2874000000,EM_ANDAMENTO,MMvgf63L,fd9257b3
Thu Jan  1 17:52:08 2026,2874500000,EM_ANDAMENTO,fj,0b15e207
Thu Jan  1 17:52:11 2026,2875000000,EM_ANDAMENTO,9sRIup1V8ya2,bedae503
Thu Jan  1 17:52:14 2026,2875500000,EM_ANDAMENTO,OBdIWz7,d30a5788
Thu Jan  1 17:52:16 2026,2876000000,EM_ANDAMENTO,9jnDm59,62557be5
Thu Jan  1 17:52:19 2026,2876500000,EM_ANDAMENTO,dkD2kEvFj,9392def1
Thu Jan  1 17:52:21 2026,2877000000,EM_ANDAMENTO,Zl,9f024317
Thu Jan  1 17:52:24 2026,2877500000,EM_ANDAMENTO,I5cXxvWJl,bed3be75
Thu Jan  1 17:52:27 2026,2878000000,EM_ANDAMENTO,bAE06DnL,8de6eac2
Thu Jan  1 17:52:30 2026,2878500000,EM_ANDAMENTO,GZxM3DJaqI,5299abb3
Thu Jan  1 17:52:32 2026,2879000000,EM_ANDAMENTO,Q9Q2Qf820l5R,b34c622a
Thu Jan  1 17:52:35 2026,2879500000,EM_ANDAMENTO,XD,16eb735e
Thu Jan  1 17:52:37 2026,2880000000,EM_ANDAMENTO,o7,2818e47e
Thu Jan  1 17:52:40 2026,2880500000,EM_ANDAMENTO,zOm0I,b008bbbd
Thu Jan  1 17:52:42 2026,2881000000,EM_ANDAMENTO,WO3QHOW,abb36b90
Thu Jan  1 17:52:45 2026,2881500000,EM_ANDAMENTO,CYRQGlB7e6pd,d52c5b48
Thu Jan  1 17:52:47 2026,2882000000,EM_ANDAMENTO,7HS,a7909754
Thu Jan  1 17:52:50 2026,2882500000,EM_ANDAMENTO,CEjsCS,86a17ef8
Thu Jan  1 17:52:53 2026,2883000000,EM_ANDAMENTO,X6CkVR4Lp,8ecef14d
Thu Jan  1 17:52:55 2026,2883500000,EM_ANDAMENTO,uWdsu8,9f9361c4
Thu Jan  1 17:52:58 2026,2884000000,EM_ANDAMENTO,Oa6b0eS1i,4a5395ee
Thu Jan  1 17:53:01 2026,2884500000,EM_ANDAMENTO,8SKnzD2,5936cec4
Thu Jan  1 17:53:03 2026,2885000000,EM_ANDAMENTO,CIRST,d5c93a0f
Thu Jan  1 17:53:06 2026,2885500000,EM_ANDAMENTO,iiFuSmkK6K,1ce2cb55
Thu Jan  1 17:53:08 2026,2886000000,EM_ANDAMENTO,7,f99079a8
Thu Jan  1 17:53:11 2026,2886500000,EM_ANDAMENTO,N,9e1bfdab
Thu Jan  1 17:53:13 2026,2887000000,EM_ANDAMENTO,Jw,a5917d80
Thu Jan  1 17:53:16 2026,2887500000,EM_ANDAMENTO,LvxUeRDZ,db6f991e
Thu Jan  1 17:53:18 2026,2888000000,EM_ANDAMENTO,19ovisD83M,368ab082
Thu Jan  1 17:53:21 2026,2888500000,EM_ANDAMENTO,013B96x7,e7c8c2e6
Thu Jan  1 17:53:24 2026,2889000000,EM_ANDAMENTO,au1,434b7f4e
Thu Jan  1 17:53:27 2026,2889500000,EM_ANDAMENTO,zQWdv8fyCiHo,29c553b3
Thu Jan  1 17:53:29 2026,2890000000,EM_ANDAMENTO,Z0voNf,586bfb5b
Thu Jan  1 17:53:32 2026,2890500000,EM_ANDAMENTO,iWZHdT,7d62c9a1
Thu Jan  1 17:53:34 2026,2891000000,EM_ANDAMENTO,RkX,36934155
Thu Jan  1 17:53:37 2026,2891500000,EM_ANDAMENTO,nXLU7Nw,14ada574
Thu Jan  1 17:53:39 2026,2892000000,EM_ANDAMENTO,Wdv,2a3171f2
Thu Jan  1 17:53:42 2026,2892500000,EM_ANDAMENTO,Mbp32,1c3b6d8c
Thu Jan  1 17:53:44 2026,2893000000,EM_ANDAMENTO,YCzmSL7LNp,dfcfb92e
Thu Jan  1 17:53:47 2026,2893500000,EM_ANDAMENTO,O3QU3Lihz,f856456e
Thu Jan  1 17:53:49 2026,2894000000,EM_ANDAMENTO,kF5QVX3G,d936147e
Thu Jan  1 17:53:52 2026,2894500000,EM_ANDAMENTO,By,7c0ca407
Thu Jan  1 17:53:54 2026,2895000000,EM_ANDAMENTO,brdmDMT,6858b3a8
Thu Jan  1 17:53:57 2026,2895500000,EM_ANDAMENTO,KI,b226e239
Thu Jan  1 17:53:59 2026,2896000000,EM_ANDAMENTO,gUIzorBHE,6836a992
Thu Jan  1 17:54:01 2026,2896500000,EM_ANDAMENTO,fIOuLayZ9,f0a0c6c9
Thu Jan  1 17:54:04 2026,2897000000,EM_ANDAMENTO,vtzulxqt3,0a9ab9b6
Thu Jan  1 17:54:07 2026,2897500000,EM_ANDAMENTO,p2w,49ed981b
Thu Jan  1 17:54:09 2026,2898000000,EM_ANDAMENTO,0Hi7Y,bc9208e1
Thu Jan  1 17:54:12 2026,2898500000,EM_ANDAMENTO,7caKxcAP8ZLk,611fff66
Thu Jan  1 17:54:14 2026,2899000000,EM_ANDAMENTO,I8X,9601a356
Thu Jan  1 17:54:17 2026,2899500000,EM_ANDAMENTO,2RAWWTC7Fk1H,6846fa55
Thu Jan  1 17:54:19 2026,2900000000,EM_ANDAMENTO,j9Ui5Elus,a523279e
Thu Jan  1 17:54:22 2026,2900500000,EM_ANDAMENTO,WG8oBFq,d4f27b9d
Thu Jan  1 17:54:25 2026,2901000000,EM_ANDAMENTO,4n8NMYbm,0a5d2d8e
Thu Jan  1 17:54:28 2026,2901500000,EM_ANDAMENTO,p,f884289b
Thu Jan  1 17:54:30 2026,2902000000,EM_ANDAMENTO,N,9e1bfdab
Thu Jan  1 17:54:33 2026,2902500000,EM_ANDAMENTO,O5FoCS9f,7ee945f7
Thu Jan  1 17:54:35 2026,2903000000,EM_ANDAMENTO,53lm9b,7f7fc2bb
Thu Jan  1 17:54:38 2026,2903500000,EM_ANDAMENTO,MwvmDxe,61501af7
Thu Jan  1 17:54:41 2026,2904000000,EM_ANDAMENTO,b8m,17a9bc14
Thu Jan  1 17:54:43 2026,2904500000,EM_ANDAMENTO,2,4e9e3870
Thu Jan  1 17:54:46 2026,2905000000,EM_ANDAMENTO,3295MYovd,e07b126e
Thu Jan  1 17:54:48 2026,2905500000,EM_ANDAMENTO,2ELJCjn4wKfV,92228221
Thu Jan  1 17:54:50 2026,2906000000,EM_ANDAMENTO,zsvu6H,ab2ff6c3
Thu Jan  1 17:54:53 2026,2906500000,EM_ANDAMENTO,I,9264d438
Thu Jan  1 17:54:56 2026,2907000000,EM_ANDAMENTO,gmfFLpKM,30eb0438
Thu Jan  1 17:54:58 2026,2907500000,EM_ANDAMENTO,40,2eb35db8
Thu Jan  1 17:55:01 2026,2908000000,EM_ANDAMENTO,0W8Bo4T,108688d9
Thu Jan  1 17:55:04 2026,2908500000,EM_ANDAMENTO,CTmoH89micgU,567996db
Thu Jan  1 17:55:08 2026,2909000000,EM_ANDAMENTO,x,e472c5e3
Thu Jan  1 17:55:10 2026,2909500000,EM_ANDAMENTO,9gjG,13f15f39
Thu Jan  1 17:55:13 2026,2910000000,EM_ANDAMENTO,SgpVJY4WjD,4465d8fe
Thu Jan  1 17:55:16 2026,2910500000,EM_ANDAMENTO,STgsG6fcV,7eab764f
Thu Jan  1 17:55:19 2026,2911000000,EM_ANDAMENTO,b1dwX8rU,9f7784f9
Thu Jan  1 17:55:21 2026,2911500000,EM_ANDAMENTO,Dq4rF,5ff89593
Thu Jan  1 17:55:24 2026,2912000000,EM_ANDAMENTO,gCt5utgnd0sT,0d2c1562
Thu Jan  1 17:55:26 2026,2912500000,EM_ANDAMENTO,lEDIDjQfU,52fd2642
Thu Jan  1 17:55:29 2026,2913000000,EM_ANDAMENTO,K0R8f2,f65bb1f4
Thu Jan  1 17:55:31 2026,2913500000,EM_ANDAMENTO,EL,8bae8308
Thu Jan  1 17:55:34 2026,2914000000,EM_ANDAMENTO,6mvIiFA,2d760ff0
Thu Jan  1 17:55:37 2026,2914500000,EM_ANDAMENTO,FPjA7VCYHdzL,5310612c
Thu Jan  1 17:55:39 2026,2915000000,EM_ANDAMENTO,HkCErK,c9912692
Thu Jan  1 17:55:42 2026,2915500000,EM_ANDAMENTO,03Bk,88ae57b8
Thu Jan  1 17:55:44 2026,2916000000,EM_ANDAMENTO,GX83kF6,f7a243a8
Thu Jan  1 17:55:47 2026,2916500000,EM_ANDAMENTO,o5CwxuBFo,57cc98c4
Thu Jan  1 17:55:49 2026,2917000000,EM_ANDAMENTO,enO7rrB2fhm3,71218da2
Thu Jan  1 17:55:51 2026,2917500000,EM_ANDAMENTO,tXf,21b82a55
Thu Jan  1 17:55:54 2026,2918000000,EM_ANDAMENTO,qaPYrkdVMi7w,c9a50712
Thu Jan  1 17:55:57 2026,2918500000,EM_ANDAMENTO,XNM,bd1b0a7f
Thu Jan  1 17:55:59 2026,2919000000,EM_ANDAMENTO,Hv,63a8b69f
Thu Jan  1 17:56:02 2026,2919500000,EM_ANDAMENTO,0,628e79cf
Thu Jan  1 17:56:04 2026,2920000000,EM_ANDAMENTO,jQ09XaV9Ow,ffbcbd8c
Thu Jan  1 17:56:06 2026,2920500000,EM_ANDAMENTO,QGyMieJn0,b16c832b
Thu Jan  1 17:56:09 2026,2921000000,EM_ANDAMENTO,RN,c2387fab
Thu Jan  1 17:56:11 2026,2921500000,EM_ANDAMENTO,B,74865dbf
Thu Jan  1 17:56:14 2026,2922000000,EM_ANDAMENTO,luAGfmVvpcb,742c1a5b
Thu Jan  1 17:56:16 2026,2922500000,EM_ANDAMENTO,DsVou,f71b75d5
Thu Jan  1 17:56:19 2026,2923000000,EM_ANDAMENTO,ob,7936d56f
Thu Jan  1 17:56:21 2026,2923500000,EM_ANDAMENTO,wuFgnbys,e4d34e0b
Thu Jan  1 17:56:24 2026,2924000000,EM_ANDAMENTO,tRgsoFl0FQ3,922e924f
Thu Jan  1 17:56:27 2026,2924500000,EM_ANDAMENTO,G3RDCgyDr,66b80c58
Thu Jan  1 17:56:29 2026,2925000000,EM_ANDAMENTO,kZ,f34092a6
Thu Jan  1 17:56:32 2026,2925500000,EM_ANDAMENTO,ExFl,a8f45079
Thu Jan  1 17:56:34 2026,2926000000,EM_ANDAMENTO,kAOKqm0aL,8b98cab4
Thu Jan  1 17:56:37 2026,2926500000,EM_ANDAMENTO,oVQ74T7,352e514d
Thu Jan  1 17:56:39 2026,2927000000,EM_ANDAMENTO,IUHM1cBa8Y,7a275427
Thu Jan  1 17:56:41 2026,2927500000,EM_ANDAMENTO,tf9zm,610f85b2
Thu Jan  1 17:56:44 2026,2928000000,EM_ANDAMENTO,2QNqnNIbPgIy,dad6eb32
Thu Jan  1 17:56:47 2026,2928500000,EM_ANDAMENTO,26,9f6ff30c
Thu Jan  1 17:56:49 2026,2929000000,EM_ANDAMENTO,9mrvF7L2Mf,8465ceb2
Thu Jan  1 17:56:52 2026,2929500000,EM_ANDAMENTO,3MyLuG,1f2ea81a
Thu Jan  1 17:56:54 2026,2930000000,EM_ANDAMENTO,8WW,6498f809
Thu Jan  1 17:56:57 2026,2930500000,EM_ANDAMENTO,zs4C1,799fd7db
Thu Jan  1 17:56:59 2026,2931000000,EM_ANDAMENTO,pVwJfhv,44c93173
Thu Jan  1 17:57:02 2026,2931500000,EM_ANDAMENTO,eswjlf0D5FKO,6bdbcf14
Thu Jan  1 17:57:04 2026,2932000000,EM_ANDAMENTO,rtMiXTrNNy,6c53710b
Thu Jan  1 17:57:07 2026,2932500000,EM_ANDAMENTO,AY,aab0d949
Thu Jan  1 17:57:09 2026,2933000000,EM_ANDAMENTO,W1lIhGEmn,9ee257c8
Thu Jan  1 17:57:12 2026,2933500000,EM_ANDAMENTO,R02IybWK,fd9e9c11
Thu Jan  1 17:57:14 2026,2934000000,EM_ANDAMENTO,qrX4s,239acda3
Thu Jan  1 17:57:17 2026,2934500000,EM_ANDAMENTO,xd,4cbebbc0
Thu Jan  1 17:57:19 2026,2935000000,EM_ANDAMENTO,qLyYt1dAC,0e276ed7
Thu Jan  1 17:57:22 2026,2935500000,EM_ANDAMENTO,hqfUzb7UV8,90ec6efc
Thu Jan  1 17:57:25 2026,2936000000,EM_ANDAMENTO,hLffDISNqGAA,25d942f2
Thu Jan  1 17:57:27 2026,2936500000,EM_ANDAMENTO,7FvOIJRdcqa,dc31e4b9
Thu Jan  1 17:57:30 2026,2937000000,EM_ANDAMENTO,a8Jhv,26ec1f3b
Thu Jan  1 17:57:32 2026,2937500000,EM_ANDAMENTO,ZpPFuDxM,5ec8499a
Thu Jan  1 17:57:35 2026,2938000000,EM_ANDAMENTO,ppV,2702fcfc
Thu Jan  1 17:57:37 2026,2938500000,EM_ANDAMENTO,OUj,e69eac7b
Thu Jan  1 17:57:40 2026,2939000000,EM_ANDAMENTO,sru1uCM9uk,44831474
Thu Jan  1 17:57:43 2026,2939500000,EM_ANDAMENTO,nGHtlFU,43283c62
Thu Jan  1 17:57:45 2026,2940000000,EM_ANDAMENTO,aaq0vRmx7Y,364a369c
Thu Jan  1 17:57:48 2026,2940500000,EM_ANDAMENTO,VMP3N7,f2fa73a5
Thu Jan  1 17:57:50 2026,2941000000,EM_ANDAMENTO,4a,92783ebd
Thu Jan  1 17:57:53 2026,2941500000,EM_ANDAMENTO,RUz,0447b26f
Thu Jan  1 17:57:56 2026,2942000000,EM_ANDAMENTO,tWNiXg2,f2df7dcd
Thu Jan  1 17:57:58 2026,2942500000,EM_ANDAMENTO,jA7NrOr6cCcE,f07224d6
Thu Jan  1 17:58:00 2026,2943000000,EM_ANDAMENTO,TKm,e6b86b8c
Thu Jan  1 17:58:03 2026,2943500000,EM_ANDAMENTO,sXlX3nPBW18,1a46ea38
Thu Jan  1 17:58:06 2026,2944000000,EM_ANDAMENTO,7E9,e7bd9096
Thu Jan  1 17:58:08 2026,2944500000,EM_ANDAMENTO,hRB7A6,2185e9c7
Thu Jan  1 17:58:10 2026,2945000000,EM_ANDAMENTO,wgcOljH97Rp,20dad5ba
Thu Jan  1 17:58:13 2026,2945500000,EM_ANDAMENTO,bRG,de2dda1d
Thu Jan  1 17:58:15 2026,2946000000,EM_ANDAMENTO,Xe,3601d99b
Thu Jan  1 17:58:18 2026,2946500000,EM_ANDAMENTO,D0w6efF,465f4763
Thu Jan  1 17:58:20 2026,2947000000,EM_ANDAMENTO,t,ef012cb5
Thu Jan  1 17:58:23 2026,2947500000,EM_ANDAMENTO,xlyjbSw6,4484b98b
Thu Jan  1 17:58:26 2026,2948000000,EM_ANDAMENTO,gG9y,cb3506dc
Thu Jan  1 17:58:28 2026,2948500000,EM_ANDAMENTO,E2JRs,1e629f43
Thu Jan  1 17:58:31 2026,2949000000,EM_ANDAMENTO,uygQ0zw,b7ac1540
Thu Jan  1 17:58:33 2026,2949500000,EM_ANDAMENTO,hO5Qo0QOi,d8d396cd
Thu Jan  1 17:58:36 2026,2950000000,EM_ANDAMENTO,9KGnyXNS7L,ea723e3c
Thu Jan  1 17:58:38 2026,2950500000,EM_ANDAMENTO,1no,434c61ac
Thu Jan  1 17:58:41 2026,2951000000,EM_ANDAMENTO,SiP3SeU,d8ccba37
Thu Jan  1 17:58:43 2026,2951500000,EM_ANDAMENTO,jN,674e85f7
Thu Jan  1 17:58:46 2026,2952000000,EM_ANDAMENTO,zxalzCg,63540902
Thu Jan  1 17:58:48 2026,2952500000,EM_ANDAMENTO,CO,13d69fcb
Thu Jan  1 17:58:51 2026,2953000000,EM_ANDAMENTO,N5T6QAJJ,0ebee396
Thu Jan  1 17:58:54 2026,2953500000,EM_ANDAMENTO,D,f0695584
Thu Jan  1 17:58:56 2026,2954000000,EM_ANDAMENTO,pvi5oa,2f5c5cef
Thu Jan  1 17:58:59 2026,2954500000,EM_ANDAMENTO,ilcwsz9Gs,34a600b9
Thu Jan  1 17:59:01 2026,2955000000,EM_ANDAMENTO,fus2PGsh4,26e63a11
Thu Jan  1 17:59:04 2026,2955500000,EM_ANDAMENTO,yl,23cdc1a9
Thu Jan  1 17:59:07 2026,2956000000,EM_ANDAMENTO,yy,2e707a5b
Thu Jan  1 17:59:09 2026,2956500000,EM_ANDAMENTO,VuRcobVCS,697189a6
Thu Jan  1 17:59:11 2026,2957000000,EM_ANDAMENTO,CBTL2zxuJKD,2cfa93ea
Thu Jan  1 17:59:14 2026,2957500000,EM_ANDAMENTO,H7ar,58e80ab1
Thu Jan  1 17:59:16 2026,2958000000,EM_ANDAMENTO,rQHJ,534b7a67
Thu Jan  1 17:59:19 2026,2958500000,EM_ANDAMENTO,sRPz,f1223d70
Thu Jan  1 17:59:22 2026,2959000000,EM_ANDAMENTO,LdE5,dd1c69b3
Thu Jan  1 17:59:24 2026,2959500000,EM_ANDAMENTO,S6,e033dc9e
Thu Jan  1 17:59:27 2026,2960000000,EM_ANDAMENTO,IGp3Jh4t,1f6609cb
Thu Jan  1 17:59:29 2026,2960500000,EM_ANDAMENTO,tuRzBBQZst9,e1f070c0
Thu Jan  1 17:59:32 2026,2961000000,EM_ANDAMENTO,ojvMPK,89d55009
Thu Jan  1 17:59:34 2026,2961500000,EM_ANDAMENTO,jJvlBy1BV5Q,1f0b2b91
Thu Jan  1 17:59:37 2026,2962000000,EM_ANDAMENTO,u1z4kcuU,2fa7509e
Thu Jan  1 17:59:39 2026,2962500000,EM_ANDAMENTO,67bJ,735db738
Thu Jan  1 17:59:42 2026,2963000000,EM_ANDAMENTO,t3ZIODReM,d1dd8feb
Thu Jan  1 17:59:44 2026,2963500000,EM_ANDAMENTO,JLFUfYZLvqW,597dc50e
Thu Jan  1 17:59:47 2026,2964000000,EM_ANDAMENTO,u727hoc04,3f456909
Thu Jan  1 17:59:49 2026,2964500000,EM_ANDAMENTO,RY81E6djW8rU,ee7ab1ef
Thu Jan  1 17:59:52 2026,2965000000,EM_ANDAMENTO,DfHtYXXR1m,45695759
Thu Jan  1 17:59:54 2026,2965500000,EM_ANDAMENTO,aP,c8eea753
Thu Jan  1 17:59:57 2026,2966000000,EM_ANDAMENTO,Te6j2kDVIhav,f5f79cd2
Thu Jan  1 17:59:59 2026,2966500000,EM_ANDAMENTO,8CYm3D6RzY,1a90edc8
Thu Jan  1 18:00:03 2026,2967000000,EM_ANDAMENTO,wa,e6853afb
Thu Jan  1 18:00:06 2026,2967500000,EM_ANDAMENTO,yzh9Ct,8d5e1a6b
Thu Jan  1 18:00:08 2026,2968000000,EM_ANDAMENTO,Ga8T365,052bd4a4
Thu Jan  1 18:00:11 2026,2968500000,EM_ANDAMENTO,6YLZ,d9504858
Thu Jan  1 18:00:13 2026,2969000000,EM_ANDAMENTO,WQoc0EP9,18bd666a
Thu Jan  1 18:00:16 2026,2969500000,EM_ANDAMENTO,Ir29sj,d21bf838
Thu Jan  1 18:00:19 2026,2970000000,EM_ANDAMENTO,Y0RMRvQKEeNp,b37777ff
Thu Jan  1 18:00:21 2026,2970500000,EM_ANDAMENTO,C46RvaGA6dCI,e9a614f1
Thu Jan  1 18:00:24 2026,2971000000,EM_ANDAMENTO,4bzSga,21c22c61
Thu Jan  1 18:00:26 2026,2971500000,EM_ANDAMENTO,4z592YPIhK,b169d0f8
Thu Jan  1 18:00:29 2026,2972000000,EM_ANDAMENTO,xeVa6jf,b9893be6
Thu Jan  1 18:00:31 2026,2972500000,EM_ANDAMENTO,1jft,30322fad
Thu Jan  1 18:00:34 2026,2973000000,EM_ANDAMENTO,nJzLg,999c1db4
Thu Jan  1 18:00:37 2026,2973500000,EM_ANDAMENTO,9k0ieSUl7F,da54fbd1
Thu Jan  1 18:00:39 2026,2974000000,EM_ANDAMENTO,L,73706247
Thu Jan  1 18:00:41 2026,2974500000,EM_ANDAMENTO,vP9hCRFT,cb8ff5bc
Thu Jan  1 18:00:44 2026,2975000000,EM_ANDAMENTO,LP,b2ee28d7
Thu Jan  1 18:00:46 2026,2975500000,EM_ANDAMENTO,xHZ0OPGvwS,24b1e963
Thu Jan  1 18:00:49 2026,2976000000,EM_ANDAMENTO,1PJBTT,96ee71ee
Thu Jan  1 18:00:51 2026,2976500000,EM_ANDAMENTO,nR00,4cae2717
Thu Jan  1 18:00:54 2026,2977000000,EM_ANDAMENTO,Nn8QVpUndqa,d486a33b
Thu Jan  1 18:00:56 2026,2977500000,EM_ANDAMENTO,9qp3b3Ml,9ded9844
Thu Jan  1 18:00:59 2026,2978000000,EM_ANDAMENTO,dvLb5Ofwlf,c21ee1b0
Thu Jan  1 18:01:01 2026,2978500000,EM_ANDAMENTO,M,b969a39b
Thu Jan  1 18:01:04 2026,2979000000,EM_ANDAMENTO,ZTN0I,bd9dda5d
Thu Jan  1 18:01:06 2026,2979500000,EM_ANDAMENTO,leBFb,f6e9d020
Thu Jan  1 18:01:09 2026,2980000000,EM_ANDAMENTO,IhzO0VW5ky9,964ffd44
Thu Jan  1 18:01:11 2026,2980500000,EM_ANDAMENTO,auuYysMS,9a796934
Thu Jan  1 18:01:14 2026,2981000000,EM_ANDAMENTO,Uu,39bd9a94
Thu Jan  1 18:01:16 2026,2981500000,EM_ANDAMENTO,jIC3jQ76KP,86cf706e
Thu Jan  1 18:01:19 2026,2982000000,EM_ANDAMENTO,nGLnmxVTG9n,405f5789
Thu Jan  1 18:01:21 2026,2982500000,EM_ANDAMENTO,9KJG13r,b7360572
Thu Jan  1 18:01:24 2026,2983000000,EM_ANDAMENTO,qA8iWLuKjd7,a4399b8d
Thu Jan  1 18:01:27 2026,2983500000,EM_ANDAMENTO,UyimB,eea88252
Thu Jan  1 18:01:29 2026,2984000000,EM_ANDAMENTO,BQVP7QEw9,29829b9a
Thu Jan  1 18:01:32 2026,2984500000,EM_ANDAMENTO,uaXR9kJ,4e4b389d
Thu Jan  1 18:01:34 2026,2985000000,EM_ANDAMENTO,iOmXP8,2718872f
Thu Jan  1 18:01:37 2026,2985500000,EM_ANDAMENTO,51,326c3fd7
Thu Jan  1 18:01:39 2026,2986000000,EM_ANDAMENTO,hiQaq,2c923c69
Thu Jan  1 18:01:42 2026,2986500000,EM_ANDAMENTO,nueWq,cd493568
Thu Jan  1 18:01:44 2026,2987000000,EM_ANDAMENTO,cq0J,dcb3babb
Thu Jan  1 18:01:47 2026,2987500000,EM_ANDAMENTO,TnPpj2ogB,cb10f4db
Thu Jan  1 18:01:49 2026,2988000000,EM_ANDAMENTO,9,d8ef0690
Thu Jan  1 18:01:52 2026,2988500000,EM_ANDAMENTO,eZqO,e0d04eb1
Thu Jan  1 18:01:55 2026,2989000000,EM_ANDAMENTO,7qjna68Kfvx,ae3ab186
Thu Jan  1 18:01:57 2026,2989500000,EM_ANDAMENTO,W30Kwj7EnW9,56d8a3b7
Thu Jan  1 18:02:00 2026,2990000000,EM_ANDAMENTO,l3vGL43RwmV,282e35ee
Thu Jan  1 18:02:02 2026,2990500000,EM_ANDAMENTO,Gy0r2F20UQ,74f4c2ec
Thu Jan  1 18:02:04 2026,2991000000,EM_ANDAMENTO,POfc0qsYpIRH,c24ea37f
Thu Jan  1 18:02:07 2026,2991500000,EM_ANDAMENTO,BLvLcFG,409835f4
Thu Jan  1 18:02:09 2026,2992000000,EM_ANDAMENTO,Q7ITB34LTNx,682ac480
Thu Jan  1 18:02:12 2026,2992500000,EM_ANDAMENTO,otg1kjhFN,fac02dd3
Thu Jan  1 18:02:15 2026,2993000000,EM_ANDAMENTO,KKtJty,c886c94b
Thu Jan  1 18:02:17 2026,2993500000,EM_ANDAMENTO,2W,b7df480f
Thu Jan  1 18:02:20 2026,2994000000,EM_ANDAMENTO,mc4nWYxE,a43fb285
Thu Jan  1 18:02:22 2026,2994500000,EM_ANDAMENTO,8,cac75ec7
Thu Jan  1 18:02:25 2026,2995000000,EM_ANDAMENTO,S7gppRUkT,e6f5e04f
Thu Jan  1 18:02:28 2026,2995500000,EM_ANDAMENTO,7I,4fe8af24
Thu Jan  1 18:02:31 2026,2996000000,EM_ANDAMENTO,onLuZo1gKv,437bf880
Thu Jan  1 18:02:34 2026,2996500000,EM_ANDAMENTO,v4zBv9zFwd,b192189f
Thu Jan  1 18:02:36 2026,2997000000,EM_ANDAMENTO,A,a5ba3aee
Thu Jan  1 18:02:39 2026,2997500000,EM_ANDAMENTO,A5M1,4c9d1bee
Thu Jan  1 18:02:41 2026,2998000000,EM_ANDAMENTO,lplwYgNvC,f3fab39d
Thu Jan  1 18:02:44 2026,2998500000,EM_ANDAMENTO,xEi,c76d1d0b
Thu Jan  1 18:02:46 2026,2999000000,EM_ANDAMENTO,0XIqY36bAx5,0f0cefa5
Thu Jan  1 18:02:49 2026,2999500000,EM_ANDAMENTO,vWk0Rwkm,7f8d313f
Thu Jan  1 18:02:52 2026,3000000000,EM_ANDAMENTO,uHuI,84ee5441
Thu Jan  1 18:02:55 2026,3000500000,EM_ANDAMENTO,WOzRD,0e37dd98
Thu Jan  1 18:02:57 2026,3001000000,EM_ANDAMENTO,XRPky7b2Qkm,2a93e955
Thu Jan  1 18:03:00 2026,3001500000,EM_ANDAMENTO,RKW9th885,da2ace25
Thu Jan  1 18:03:02 2026,3002000000,EM_ANDAMENTO,x2,a4570bfc
Thu Jan  1 18:03:05 2026,3002500000,EM_ANDAMENTO,8DkcG4QF,a777789b
Thu Jan  1 18:03:07 2026,3003000000,EM_ANDAMENTO,KpyzFplkn1,4dc96b52
Thu Jan  1 18:03:10 2026,3003500000,EM_ANDAMENTO,wHcl,1a1ac035
Thu Jan  1 18:03:13 2026,3004000000,EM_ANDAMENTO,BDE8rTRUv3qH,dcec1f8e
Thu Jan  1 18:03:15 2026,3004500000,EM_ANDAMENTO,3s4MT,e465dc3d
Thu Jan  1 18:03:18 2026,3005000000,EM_ANDAMENTO,Ceo3rlwc,0e2c6d17
Thu Jan  1 18:03:20 2026,3005500000,EM_ANDAMENTO,dl3,12f2dba5
Thu Jan  1 18:03:23 2026,3006000000,EM_ANDAMENTO,fJJS,932f24eb
Thu Jan  1 18:03:27 2026,3006500000,EM_ANDAMENTO,AbF,b9312371
Thu Jan  1 18:03:29 2026,3007000000,EM_ANDAMENTO,VtcrNpGG3L,e905c26f
Thu Jan  1 18:03:32 2026,3007500000,EM_ANDAMENTO,NHTIk,848bf2b7
Thu Jan  1 18:03:34 2026,3008000000,EM_ANDAMENTO,a6J,cf765c3e
Thu Jan  1 18:03:37 2026,3008500000,EM_ANDAMENTO,W7vj52y8w,9d63ba02
Thu Jan  1 18:03:40 2026,3009000000,EM_ANDAMENTO,UI,d8b70591
Thu Jan  1 18:03:42 2026,3009500000,EM_ANDAMENTO,rFR6hgeP1VI,0e34193b
Thu Jan  1 18:03:45 2026,3010000000,EM_ANDAMENTO,FcCHs8R,690c3e62
Thu Jan  1 18:03:47 2026,3010500000,EM_ANDAMENTO,oFRFgBzWLYe,3b6dd1e4
Thu Jan  1 18:03:50 2026,3011000000,EM_ANDAMENTO,MOflqkH,93313b11
Thu Jan  1 18:03:52 2026,3011500000,EM_ANDAMENTO,gNfuSOrqyXC,fa1f9253
Thu Jan  1 18:03:55 2026,3012000000,EM_ANDAMENTO,juHaloVaJmj,adf73f4f
Thu Jan  1 18:03:57 2026,3012500000,EM_ANDAMENTO,sR9DUsPs,ebe099ca
Thu Jan  1 18:04:00 2026,3013000000,EM_ANDAMENTO,2wiTv5ZT,738edd5b
Thu Jan  1 18:04:02 2026,3013500000,EM_ANDAMENTO,GS,d9e4638f
Thu Jan  1 18:04:05 2026,3014000000,EM_ANDAMENTO,N,9e1bfdab
Thu Jan  1 18:04:08 2026,3014500000,EM_ANDAMENTO,7,f99079a8
Thu Jan  1 18:04:10 2026,3015000000,EM_ANDAMENTO,2GPKvszkQYwB,60222e0a
Thu Jan  1 18:04:13 2026,3015500000,EM_ANDAMENTO,J6TuqhaSi,cea721d8
Thu Jan  1 18:04:15 2026,3016000000,EM_ANDAMENTO,ewGpuIXt,56a2192c
Thu Jan  1 18:04:18 2026,3016500000,EM_ANDAMENTO,O,4ac61591
Thu Jan  1 18:04:20 2026,3017000000,EM_ANDAMENTO,ptfMTlz,ea4593cf
Thu Jan  1 18:04:23 2026,3017500000,EM_ANDAMENTO,0g,66489b35
Thu Jan  1 18:04:26 2026,3018000000,EM_ANDAMENTO,VU7SYt,e48589ca
Thu Jan  1 18:04:28 2026,3018500000,EM_ANDAMENTO,uhC,c9ae550d
Thu Jan  1 18:04:31 2026,3019000000,EM_ANDAMENTO,k,ac20c833
Thu Jan  1 18:04:33 2026,3019500000,EM_ANDAMENTO,3S9AfNgPDuB,295a1d38
Thu Jan  1 18:04:36 2026,3020000000,EM_ANDAMENTO,aq3drEuzo3M,7437a887
Thu Jan  1 18:04:39 2026,3020500000,EM_ANDAMENTO,B1G,8025a2ca
Thu Jan  1 18:04:41 2026,3021000000,EM_ANDAMENTO,K5q,68079809
Thu Jan  1 18:04:44 2026,3021500000,EM_ANDAMENTO,sFIJxa2,d13f8a0d
Thu Jan  1 18:04:46 2026,3022000000,EM_ANDAMENTO,t0FjyM,c61d4f5f
Thu Jan  1 18:04:49 2026,3022500000,EM_ANDAMENTO,IZCFwDIhG,43d80f01
Thu Jan  1 18:04:51 2026,3023000000,EM_ANDAMENTO,X,a378c3f6
Thu Jan  1 18:04:54 2026,3023500000,EM_ANDAMENTO,QwB3,a5481b7c
Thu Jan  1 18:04:56 2026,3024000000,EM_ANDAMENTO,g,7a529e89
Thu Jan  1 18:04:59 2026,3024500000,EM_ANDAMENTO,JT,aad1c73e
Thu Jan  1 18:05:03 2026,3025000000,EM_ANDAMENTO,g0,6379ca6d
Thu Jan  1 18:05:06 2026,3025500000,EM_ANDAMENTO,SXa,27cb0eb7
Thu Jan  1 18:05:08 2026,3026000000,EM_ANDAMENTO,at,51a9e1e2
Thu Jan  1 18:05:11 2026,3026500000,EM_ANDAMENTO,Mk1jY3181,87849bdd
Thu Jan  1 18:05:13 2026,3027000000,EM_ANDAMENTO,JQ9,3cc366b8
Thu Jan  1 18:05:16 2026,3027500000,EM_ANDAMENTO,kW,18e87426
Thu Jan  1 18:05:19 2026,3028000000,EM_ANDAMENTO,9Q,9cfa1e8c
Thu Jan  1 18:05:22 2026,3028500000,EM_ANDAMENTO,FRODsh8WG,bf3988cb
Thu Jan  1 18:05:24 2026,3029000000,EM_ANDAMENTO,zacInB9Ci,1cdc5978
Thu Jan  1 18:05:27 2026,3029500000,EM_ANDAMENTO,v,904f2f17
Thu Jan  1 18:05:29 2026,3030000000,EM_ANDAMENTO,LHsyHzIdNNY,fdb35603
Thu Jan  1 18:05:32 2026,3030500000,EM_ANDAMENTO,cG7nMG,0052e691
Thu Jan  1 18:05:35 2026,3031000000,EM_ANDAMENTO,IFqK85l,384caff0
Thu Jan  1 18:05:37 2026,3031500000,EM_ANDAMENTO,Ibfp4rOvRmo,07951fbd
Thu Jan  1 18:05:40 2026,3032000000,EM_ANDAMENTO,xqB937LNAhHF,d2fe03fc
Thu Jan  1 18:05:42 2026,3032500000,EM_ANDAMENTO,4Xi,8a9201bf
Thu Jan  1 18:05:45 2026,3033000000,EM_ANDAMENTO,5j7u,6ab1db4a
Thu Jan  1 18:05:47 2026,3033500000,EM_ANDAMENTO,jul717kcArUn,32d86d42
Thu Jan  1 18:05:49 2026,3034000000,EM_ANDAMENTO,E66hQhPhXQGa,5352f7e2
Thu Jan  1 18:05:52 2026,3034500000,EM_ANDAMENTO,39YkmLG,48715090
Thu Jan  1 18:05:54 2026,3035000000,EM_ANDAMENTO,EQV0cNDDKA,7ef2e1ac
Thu Jan  1 18:05:57 2026,3035500000,EM_ANDAMENTO,rCXEUqz,8ba3573b
Thu Jan  1 18:05:59 2026,3036000000,EM_ANDAMENTO,Bl,866be384
Thu Jan  1 18:06:02 2026,3036500000,EM_ANDAMENTO,p6,a653d661
Thu Jan  1 18:06:04 2026,3037000000,EM_ANDAMENTO,AEA0,2ec7f5fd
Thu Jan  1 18:06:07 2026,3037500000,EM_ANDAMENTO,RAhrv,51f6a134
Thu Jan  1 18:06:10 2026,3038000000,EM_ANDAMENTO,it94,c0cb326d
Thu Jan  1 18:06:13 2026,3038500000,EM_ANDAMENTO,hU8kG3e1,ccc0821a
Thu Jan  1 18:06:15 2026,3039000000,EM_ANDAMENTO,XRYcKV,00d1d8f1
Thu Jan  1 18:06:18 2026,3039500000,EM_ANDAMENTO,Hz3JwHPAmzJC,aec6c4e3
Thu Jan  1 18:06:20 2026,3040000000,EM_ANDAMENTO,Oom627,cb7548e5
Thu Jan  1 18:06:23 2026,3040500000,EM_ANDAMENTO,3Jkn,cbf89506
Thu Jan  1 18:06:25 2026,3041000000,EM_ANDAMENTO,FX,3842d542
Thu Jan  1 18:06:28 2026,3041500000,EM_ANDAMENTO,TVKl8TgZIAF,c9bbdd9c
Thu Jan  1 18:06:30 2026,3042000000,EM_ANDAMENTO,f,2c6c3bcd
Thu Jan  1 18:06:33 2026,3042500000,EM_ANDAMENTO,LO6,410414dd
Thu Jan  1 18:06:35 2026,3043000000,EM_ANDAMENTO,OrafNE629x,dd47fee3
Thu Jan  1 18:06:39 2026,3043500000,EM_ANDAMENTO,L8lbVuq1Q,5aa4e58e
Thu Jan  1 18:06:42 2026,3044000000,EM_ANDAMENTO,rCCU2u2gZ45,d4a75de7
Thu Jan  1 18:06:44 2026,3044500000,EM_ANDAMENTO,GQB5eUG0T2,4cf8284f
Thu Jan  1 18:06:47 2026,3045000000,EM_ANDAMENTO,zsJL8UICj,4cc798e5
Thu Jan  1 18:06:49 2026,3045500000,EM_ANDAMENTO,PqUXDqYUFY,0c590470
Thu Jan  1 18:06:52 2026,3046000000,EM_ANDAMENTO,3k,9310d397
Thu Jan  1 18:06:54 2026,3046500000,EM_ANDAMENTO,0VY27Godqdaz,de5a1918
Thu Jan  1 18:06:57 2026,3047000000,EM_ANDAMENTO,MW0Wl,9a3abadc
Thu Jan  1 18:06:59 2026,3047500000,EM_ANDAMENTO,S7riD2tFWYu,5b7deb3b
Thu Jan  1 18:07:02 2026,3048000000,EM_ANDAMENTO,ZM7gk0Kn,667cb42a
Thu Jan  1 18:07:04 2026,3048500000,EM_ANDAMENTO,sSkp8eIo,0f9c136d
Thu Jan  1 18:07:07 2026,3049000000,EM_ANDAMENTO,qtuU6,70efd34a
Thu Jan  1 18:07:09 2026,3049500000,EM_ANDAMENTO,NILbtOWF4qe,b1b5d647
Thu Jan  1 18:07:12 2026,3050000000,EM_ANDAMENTO,BPYqe,3af9051b
Thu Jan  1 18:07:14 2026,3050500000,EM_ANDAMENTO,STVvjhwp,847d0183
Thu Jan  1 18:07:17 2026,3051000000,EM_ANDAMENTO,5JSju0C,9d8149ae
Thu Jan  1 18:07:18 2026,3051500000,EM_ANDAMENTO,mFrRl,00549c0a
Thu Jan  1 18:07:20 2026,3052000000,EM_ANDAMENTO,qJjG,b0b691c5
Thu Jan  1 18:07:22 2026,3052500000,EM_ANDAMENTO,MkenKH6g,d59fa26f
Thu Jan  1 18:07:23 2026,3053000000,EM_ANDAMENTO,JENF5yQQ1,a18cd008
Thu Jan  1 18:07:25 2026,3053500000,EM_ANDAMENTO,fSPYiWBAV,4c1b52ea
Thu Jan  1 18:07:27 2026,3054000000,EM_ANDAMENTO,DefOgv1T7uys,27da703c
Thu Jan  1 18:07:28 2026,3054500000,EM_ANDAMENTO,bmOtB2HOY,1ef137bf
Thu Jan  1 18:07:30 2026,3055000000,EM_ANDAMENTO,L1Fj,43d3bacd
Thu Jan  1 18:07:32 2026,3055500000,EM_ANDAMENTO,M,b969a39b
Thu Jan  1 18:07:33 2026,3056000000,EM_ANDAMENTO,JcC1XBCuFGQ,4b89c4ec
Thu Jan  1 18:07:35 2026,3056500000,EM_ANDAMENTO,5p7vvkahRH,d8fd4cf6
Thu Jan  1 18:07:37 2026,3057000000,EM_ANDAMENTO,J,5efe2fba
Thu Jan  1 18:07:38 2026,3057500000,EM_ANDAMENTO,GJjEFfa,a2188fec
Thu Jan  1 18:07:40 2026,3058000000,EM_ANDAMENTO,tr0QBA,d7d9364e
Thu Jan  1 18:07:41 2026,3058500000,EM_ANDAMENTO,AnJzALcNh,f7bea843
Thu Jan  1 18:07:43 2026,3059000000,EM_ANDAMENTO,9LyU5Z,ee977afb
Thu Jan  1 18:07:45 2026,3059500000,EM_ANDAMENTO,pwQ1u8r5,e6048f99
Thu Jan  1 18:07:46 2026,3060000000,EM_ANDAMENTO,zElQlZ,fe31a86e
Thu Jan  1 18:07:48 2026,3060500000,EM_ANDAMENTO,8LMitF8,39ee8a89
Thu Jan  1 18:07:49 2026,3061000000,EM_ANDAMENTO,Q,bd3d67b5
Thu Jan  1 18:07:51 2026,3061500000,EM_ANDAMENTO,Od09,ff961cd1
Thu Jan  1 18:07:53 2026,3062000000,EM_ANDAMENTO,o5,fb00272a
Thu Jan  1 18:07:54 2026,3062500000,EM_ANDAMENTO,xuWq,5216b04c
Thu Jan  1 18:07:56 2026,3063000000,EM_ANDAMENTO,MZl45YAgFfQ,91f8200f
Thu Jan  1 18:07:58 2026,3063500000,EM_ANDAMENTO,83kxLC7,fc4ab372
Thu Jan  1 18:07:59 2026,3064000000,EM_ANDAMENTO,vBNqaV,5a0ffd26
Thu Jan  1 18:08:01 2026,3064500000,EM_ANDAMENTO,vG1,0834abb1
Thu Jan  1 18:08:02 2026,3065000000,EM_ANDAMENTO,UnpOTlAN09,b774581f
Thu Jan  1 18:08:04 2026,3065500000,EM_ANDAMENTO,3cWfjwK,ed55a256
Thu Jan  1 18:08:06 2026,3066000000,EM_ANDAMENTO,d,5943bb0f
Thu Jan  1 18:08:07 2026,3066500000,EM_ANDAMENTO,KF,0ee009e1
Thu Jan  1 18:08:09 2026,3067000000,EM_ANDAMENTO,G,81ca32e5
Thu Jan  1 18:08:10 2026,3067500000,EM_ANDAMENTO,Zy8lB,70d89e3d
Thu Jan  1 18:08:12 2026,3068000000,EM_ANDAMENTO,mLIqB7H9W2,0db52224
Thu Jan  1 18:08:14 2026,3068500000,EM_ANDAMENTO,jbQvHCVuGLjr,873c758b
Thu Jan  1 18:08:15 2026,3069000000,EM_ANDAMENTO,d3,6dc997c0
Thu Jan  1 18:08:17 2026,3069500000,EM_ANDAMENTO,u9SUvo8lkYY,842f88c7
Thu Jan  1 18:08:18 2026,3070000000,EM_ANDAMENTO,egVxA,201ba0d9
Thu Jan  1 18:08:20 2026,3070500000,EM_ANDAMENTO,NXOPV5H6D6G5,ddc4a8b1
Thu Jan  1 18:08:22 2026,3071000000,EM_ANDAMENTO,rgJ,70b0c225
Thu Jan  1 18:08:23 2026,3071500000,EM_ANDAMENTO,SJDP7ttdS2O,b74e9e76
Thu Jan  1 18:08:25 2026,3072000000,EM_ANDAMENTO,d25sv,948778fd
Thu Jan  1 18:08:27 2026,3072500000,EM_ANDAMENTO,Lg6,c9525689
Thu Jan  1 18:08:28 2026,3073000000,EM_ANDAMENTO,zzDV,92b71793
Thu Jan  1 18:08:30 2026,3073500000,EM_ANDAMENTO,D,f0695584
Thu Jan  1 18:08:32 2026,3074000000,EM_ANDAMENTO,8UTNn,9a2b1923
Thu Jan  1 18:08:33 2026,3074500000,EM_ANDAMENTO,rSo03AInf,ad2a6a51
Thu Jan  1 18:08:35 2026,3075000000,EM_ANDAMENTO,NOMh1QsxZFS,955fef82
Thu Jan  1 18:08:36 2026,3075500000,EM_ANDAMENTO,lDZa,e23d4389
Thu Jan  1 18:08:38 2026,3076000000,EM_ANDAMENTO,EBXGbKyP1Z,45301208
Thu Jan  1 18:08:40 2026,3076500000,EM_ANDAMENTO,7ZbNaFgzLC,5da36b06
Thu Jan  1 18:08:41 2026,3077000000,EM_ANDAMENTO,z,bb66897e
Thu Jan  1 18:08:43 2026,3077500000,EM_ANDAMENTO,tVnC,c14599fe
Thu Jan  1 18:08:44 2026,3078000000,EM_ANDAMENTO,c6BSNBCwoC3,f13d3a09
Thu Jan  1 18:08:46 2026,3078500000,EM_ANDAMENTO,paLM8,15d66b19
Thu Jan  1 18:08:48 2026,3079000000,EM_ANDAMENTO,i0Z5RXMewXvS,5bc9db21
Thu Jan  1 18:08:49 2026,3079500000,EM_ANDAMENTO,pxqAL3NlL42,5abbfc7c
Thu Jan  1 18:08:51 2026,3080000000,EM_ANDAMENTO,A5dsi,c7cac48c
Thu Jan  1 18:08:52 2026,3080500000,EM_ANDAMENTO,rvQem2ph,c7bc82bc
Thu Jan  1 18:08:54 2026,3081000000,EM_ANDAMENTO,EJDkEKY5b9mj,56ea69c7
Thu Jan  1 18:08:56 2026,3081500000,EM_ANDAMENTO,tB5xb,e3b3db61
Thu Jan  1 18:08:57 2026,3082000000,EM_ANDAMENTO,Lz1aW22dR,8135715c
Thu Jan  1 18:08:59 2026,3082500000,EM_ANDAMENTO,8yf5MnJCW,f4246919
Thu Jan  1 18:09:01 2026,3083000000,EM_ANDAMENTO,uaVptV7,681a7fec
Thu Jan  1 18:09:02 2026,3083500000,EM_ANDAMENTO,WkYK0,451aab60
Thu Jan  1 18:09:04 2026,3084000000,EM_ANDAMENTO,EjG,b0d84b7f
Thu Jan  1 18:09:05 2026,3084500000,EM_ANDAMENTO,9NfxjS,2d31d736
Thu Jan  1 18:09:07 2026,3085000000,EM_ANDAMENTO,X2dQi36sVI,ce22028a
Thu Jan  1 18:09:09 2026,3085500000,EM_ANDAMENTO,whowcRFH,e77ddbcf
Thu Jan  1 18:09:10 2026,3086000000,EM_ANDAMENTO,UvgHwzV,792d0203
Thu Jan  1 18:09:12 2026,3086500000,EM_ANDAMENTO,qg,b4d04d3b
Thu Jan  1 18:09:13 2026,3087000000,EM_ANDAMENTO,HO,7962081a
Thu Jan  1 18:09:15 2026,3087500000,EM_ANDAMENTO,Lebmn8Z0sa,742dcf7a
Thu Jan  1 18:09:17 2026,3088000000,EM_ANDAMENTO,5v,77f0fb6f
Thu Jan  1 18:09:18 2026,3088500000,EM_ANDAMENTO,IFIeQ6mC8X,1f3c5c81
Thu Jan  1 18:09:20 2026,3089000000,EM_ANDAMENTO,QuPv,7b4d7b8f
Thu Jan  1 18:09:21 2026,3089500000,EM_ANDAMENTO,IZu5,9ff735ae
Thu Jan  1 18:09:23 2026,3090000000,EM_ANDAMENTO,z,bb66897e
Thu Jan  1 18:09:25 2026,3090500000,EM_ANDAMENTO,BQqXpCmXbwmo,2ec379b2
Thu Jan  1 18:09:26 2026,3091000000,EM_ANDAMENTO,xHfI2P5Pn5l,cb8a2d2f
Thu Jan  1 18:09:28 2026,3091500000,EM_ANDAMENTO,U0Vv451US2,642b2460
Thu Jan  1 18:09:29 2026,3092000000,EM_ANDAMENTO,wat29jr,c75b6410
Thu Jan  1 18:09:31 2026,3092500000,EM_ANDAMENTO,nUAlJtRAtOp7,d4cc4266
Thu Jan  1 18:09:33 2026,3093000000,EM_ANDAMENTO,vUvM9oPiC,0aec1fe1
Thu Jan  1 18:09:34 2026,3093500000,EM_ANDAMENTO,awHjsVRxB,e329bbfb
Thu Jan  1 18:09:36 2026,3094000000,EM_ANDAMENTO,lTtDHnNH5D,a1c0b28d
Thu Jan  1 18:09:37 2026,3094500000,EM_ANDAMENTO,Km,8af22216
Thu Jan  1 18:09:39 2026,3095000000,EM_ANDAMENTO,B8EPaZ6f,993bcc82
Thu Jan  1 18:09:41 2026,3095500000,EM_ANDAMENTO,SOYk,9820b6e0
Thu Jan  1 18:09:42 2026,3096000000,EM_ANDAMENTO,E,9e677faf
Thu Jan  1 18:09:44 2026,3096500000,EM_ANDAMENTO,NDzn,20ca9b6d
Thu Jan  1 18:09:46 2026,3097000000,EM_ANDAMENTO,TwKn,816c51b5
Thu Jan  1 18:09:47 2026,3097500000,EM_ANDAMENTO,3EjKAXQQTgQ,3e2b01c0
Thu Jan  1 18:09:49 2026,3098000000,EM_ANDAMENTO,kaL1nLo,539e7790
Thu Jan  1 18:09:50 2026,3098500000,EM_ANDAMENTO,kKyFdaj,42f22dd8
Thu Jan  1 18:09:52 2026,3099000000,EM_ANDAMENTO,pXWM4aYYipq,d30c01b5
Thu Jan  1 18:09:54 2026,3099500000,EM_ANDAMENTO,fRKU,d623e4f3
Thu Jan  1 18:09:55 2026,3100000000,EM_ANDAMENTO,i,78ac692a
Thu Jan  1 18:09:57 2026,3100500000,EM_ANDAMENTO,38C,f18511a9
Thu Jan  1 18:09:58 2026,3101000000,EM_ANDAMENTO,7rsR,7a61910c
Thu Jan  1 18:10:00 2026,3101500000,EM_ANDAMENTO,Hw,d5967264
Thu Jan  1 18:10:02 2026,3102000000,EM_ANDAMENTO,i,78ac692a
Thu Jan  1 18:10:04 2026,3102500000,EM_ANDAMENTO,3b,1af29c2f
Thu Jan  1 18:10:05 2026,3103000000,EM_ANDAMENTO,R36H,d397fd4c
Thu Jan  1 18:10:07 2026,3103500000,EM_ANDAMENTO,JEqHyD,805fa3ea
Thu Jan  1 18:10:08 2026,3104000000,EM_ANDAMENTO,uKaONN,02c2f50f
Thu Jan  1 18:10:10 2026,3104500000,EM_ANDAMENTO,j77fxJPE,56d48ee5
Thu Jan  1 18:10:12 2026,3105000000,EM_ANDAMENTO,TRLhPgn6qA,587399e5
Thu Jan  1 18:10:13 2026,3105500000,EM_ANDAMENTO,tYGtBN29,e5f94864
Thu Jan  1 18:10:15 2026,3106000000,EM_ANDAMENTO,R7Jy4fB,0d559129
Thu Jan  1 18:10:17 2026,3106500000,EM_ANDAMENTO,MuTMu7iw7,d7d4e09a
Thu Jan  1 18:10:19 2026,3107000000,EM_ANDAMENTO,6q2mZ,df8fd40e
Thu Jan  1 18:10:20 2026,3107500000,EM_ANDAMENTO,pgr2F,e78a4510
Thu Jan  1 18:10:22 2026,3108000000,EM_ANDAMENTO,AV,f936a079
Thu Jan  1 18:10:23 2026,3108500000,EM_ANDAMENTO,Vf7QsI7ivn,7ad00c5c
Thu Jan  1 18:10:25 2026,3109000000,EM_ANDAMENTO,WAojVndtb,ba863bae
Thu Jan  1 18:10:27 2026,3109500000,EM_ANDAMENTO,tob3N,30fd66c4
Thu Jan  1 18:10:28 2026,3110000000,EM_ANDAMENTO,WdOun2CrswQ,34b5916e
Thu Jan  1 18:10:30 2026,3110500000,EM_ANDAMENTO,E9gU,5c7fde09
Thu Jan  1 18:10:31 2026,3111000000,EM_ANDAMENTO,awdRv5n,0f0a599e
Thu Jan  1 18:10:33 2026,3111500000,EM_ANDAMENTO,pfh8Hq,8d8b1345
Thu Jan  1 18:10:35 2026,3112000000,EM_ANDAMENTO,5v5adopGiqn,25d39afc
Thu Jan  1 18:10:36 2026,3112500000,EM_ANDAMENTO,eo8PjL3KzYww,4b3e454b
Thu Jan  1 18:10:38 2026,3113000000,EM_ANDAMENTO,o,a0b20673
Thu Jan  1 18:10:40 2026,3113500000,EM_ANDAMENTO,WXwmtxhxk8,f29f5989
Thu Jan  1 18:10:41 2026,3114000000,EM_ANDAMENTO,832u6Zp,94a08c1e
Thu Jan  1 18:10:43 2026,3114500000,EM_ANDAMENTO,eZfj5MNU57x,a1512653
Thu Jan  1 18:10:45 2026,3115000000,EM_ANDAMENTO,ECn9LooP4878,5755e943
Thu Jan  1 18:10:46 2026,3115500000,EM_ANDAMENTO,r2kOewh,5fbaf7cd
Thu Jan  1 18:10:48 2026,3116000000,EM_ANDAMENTO,d2gheQFBIXHu,b410ff72
Thu Jan  1 18:10:49 2026,3116500000,EM_ANDAMENTO,isvjRMaA,a8eb4677
Thu Jan  1 18:10:51 2026,3117000000,EM_ANDAMENTO,JYzecLh7j,b73f0461
Thu Jan  1 18:10:53 2026,3117500000,EM_ANDAMENTO,5PdBsHPH,bbc340aa
Thu Jan  1 18:10:54 2026,3118000000,EM_ANDAMENTO,HcczBR,792f4dd1
Thu Jan  1 18:10:56 2026,3118500000,EM_ANDAMENTO,y,4cccd98d
Thu Jan  1 18:10:57 2026,3119000000,EM_ANDAMENTO,KvOn5QOll,bf0f567d
Thu Jan  1 18:10:59 2026,3119500000,EM_ANDAMENTO,OOpb00mIn,b6c2107c
Thu Jan  1 18:11:01 2026,3120000000,EM_ANDAMENTO,eQ1n3,a09e9299
Thu Jan  1 18:11:02 2026,3120500000,EM_ANDAMENTO,OUQmYJS8GZs,b862e961
Thu Jan  1 18:11:04 2026,3121000000,EM_ANDAMENTO,f8EaCH6aNcs,b0e14f9e
Thu Jan  1 18:11:06 2026,3121500000,EM_ANDAMENTO,o,a0b20673
Thu Jan  1 18:11:07 2026,3122000000,EM_ANDAMENTO,1M,5a98bba3
Thu Jan  1 18:11:09 2026,3122500000,EM_ANDAMENTO,El0nyl4,f9668f17
Thu Jan  1 18:11:10 2026,3123000000,EM_ANDAMENTO,lAv6wMK3aL,ec74b5ea
Thu Jan  1 18:11:12 2026,3123500000,EM_ANDAMENTO,fbRQ8dl,1e8ec9da
Thu Jan  1 18:11:14 2026,3124000000,EM_ANDAMENTO,OOz,59ad7866
Thu Jan  1 18:11:15 2026,3124500000,EM_ANDAMENTO,zM1sIZP1,58114ec5
Thu Jan  1 18:11:17 2026,3125000000,EM_ANDAMENTO,cqX7JdIUtuG,8b42572d
Thu Jan  1 18:11:19 2026,3125500000,EM_ANDAMENTO,ALang,1b061616
Thu Jan  1 18:11:20 2026,3126000000,EM_ANDAMENTO,Eka4vze,3873253f
Thu Jan  1 18:11:22 2026,3126500000,EM_ANDAMENTO,tVoxdQldrt,95d074f1
Thu Jan  1 18:11:24 2026,3127000000,EM_ANDAMENTO,ySrfEKe7V3W,d6d00929
Thu Jan  1 18:11:25 2026,3127500000,EM_ANDAMENTO,jxhFzXa9vQ1O,a1c868b9
Thu Jan  1 18:11:27 2026,3128000000,EM_ANDAMENTO,BWkrBx2iwLwG,b94b5e3f
Thu Jan  1 18:11:29 2026,3128500000,EM_ANDAMENTO,iwfGq,fccd9b86
Thu Jan  1 18:11:30 2026,3129000000,EM_ANDAMENTO,b2aGB,85798c1b
Thu Jan  1 18:11:32 2026,3129500000,EM_ANDAMENTO,CoqDVunM7j,d9e17e21
Thu Jan  1 18:11:33 2026,3130000000,EM_ANDAMENTO,Ed,a33ceb05
Thu Jan  1 18:11:35 2026,3130500000,EM_ANDAMENTO,qRyLxd,13f1f2e7
Thu Jan  1 18:11:37 2026,3131000000,EM_ANDAMENTO,zJ,8850050e
Thu Jan  1 18:11:38 2026,3131500000,EM_ANDAMENTO,Oe6d7,3035a381
Thu Jan  1 18:11:40 2026,3132000000,EM_ANDAMENTO,J,5efe2fba
Thu Jan  1 18:11:41 2026,3132500000,EM_ANDAMENTO,VDWcAzj,68a20cf4
Thu Jan  1 18:11:43 2026,3133000000,EM_ANDAMENTO,O5faPJNo8v,a242a0d8
Thu Jan  1 18:11:45 2026,3133500000,EM_ANDAMENTO,sd3Ax,b1eabdb7
Thu Jan  1 18:11:46 2026,3134000000,EM_ANDAMENTO,sH9,dc349628
Thu Jan  1 18:11:48 2026,3134500000,EM_ANDAMENTO,PsA3n2ZH,0ee24caa
Thu Jan  1 18:11:49 2026,3135000000,EM_ANDAMENTO,pqp0YmZ4,807fd588
Thu Jan  1 18:11:51 2026,3135500000,EM_ANDAMENTO,oavipyjp,60175135
Thu Jan  1 18:11:53 2026,3136000000,EM_ANDAMENTO,B,74865dbf
Thu Jan  1 18:11:54 2026,3136500000,EM_ANDAMENTO,v8GXubw0sE,e374234a
Thu Jan  1 18:11:56 2026,3137000000,EM_ANDAMENTO,3ded8kra2,e794af8f
Thu Jan  1 18:11:58 2026,3137500000,EM_ANDAMENTO,kROu8hV,cd7bdd2b
Thu Jan  1 18:11:59 2026,3138000000,EM_ANDAMENTO,2wd,c09e21b5
Thu Jan  1 18:12:01 2026,3138500000,EM_ANDAMENTO,YjPN4x,7a3ce172
Thu Jan  1 18:12:02 2026,3139000000,EM_ANDAMENTO,6ZGEQIYUB,7f5400fe
Thu Jan  1 18:12:04 2026,3139500000,EM_ANDAMENTO,w1eNize,b85dcc89
Thu Jan  1 18:12:06 2026,3140000000,EM_ANDAMENTO,6R,bfe667c5
Thu Jan  1 18:12:07 2026,3140500000,EM_ANDAMENTO,1Jt2EHqZPE,d2124558
Thu Jan  1 18:12:09 2026,3141000000,EM_ANDAMENTO,a,85c8de88
Thu Jan  1 18:12:11 2026,3141500000,EM_ANDAMENTO,Jft4kuADL,a64f686c
Thu Jan  1 18:12:12 2026,3142000000,EM_ANDAMENTO,lxtTcI3hoyfB,1a3e79d2
Thu Jan  1 18:12:14 2026,3142500000,EM_ANDAMENTO,d,5943bb0f
Thu Jan  1 18:12:15 2026,3143000000,EM_ANDAMENTO,lW45xC,4270d395
Thu Jan  1 18:12:17 2026,3143500000,EM_ANDAMENTO,phkmUjhc,c051b563
Thu Jan  1 18:12:19 2026,3144000000,EM_ANDAMENTO,z4bfQJ1Y,1e19cb50
Thu Jan  1 18:12:20 2026,3144500000,EM_ANDAMENTO,Mdo,1a9bc828
Thu Jan  1 18:12:22 2026,3145000000,EM_ANDAMENTO,lr3JX,a204827c
Thu Jan  1 18:12:23 2026,3145500000,EM_ANDAMENTO,rB1,5ac490ea
Thu Jan  1 18:12:25 2026,3146000000,EM_ANDAMENTO,7fgqEWM3w,592e7a1b
Thu Jan  1 18:12:27 2026,3146500000,EM_ANDAMENTO,exovoEFjpfot,7349f9d0
Thu Jan  1 18:12:28 2026,3147000000,EM_ANDAMENTO,mRbjIb,9564da70
Thu Jan  1 18:12:30 2026,3147500000,EM_ANDAMENTO,Z,dad14f5a
Thu Jan  1 18:12:32 2026,3148000000,EM_ANDAMENTO,STi0381a3,5d780f8b
Thu Jan  1 18:12:33 2026,3148500000,EM_ANDAMENTO,lD7R,a299829e
Thu Jan  1 18:12:35 2026,3149000000,EM_ANDAMENTO,EcX,b4e80d27
Thu Jan  1 18:12:37 2026,3149500000,EM_ANDAMENTO,i,78ac692a
Thu Jan  1 18:12:38 2026,3150000000,EM_ANDAMENTO,Q0S9,669c5be6
Thu Jan  1 18:12:40 2026,3150500000,EM_ANDAMENTO,6N0skD,21c83c8b
Thu Jan  1 18:12:41 2026,3151000000,EM_ANDAMENTO,czIUNwm8r7Gr,582dc750
Thu Jan  1 18:12:43 2026,3151500000,EM_ANDAMENTO,jPTIgfzh6,4cabe53f
Thu Jan  1 18:12:45 2026,3152000000,EM_ANDAMENTO,aQKRnC8aRO,7dcc0938
Thu Jan  1 18:12:46 2026,3152500000,EM_ANDAMENTO,r6,400cdc28
Thu Jan  1 18:12:48 2026,3153000000,EM_ANDAMENTO,eCEXTIENZUme,46a0621d
Thu Jan  1 18:12:49 2026,3153500000,EM_ANDAMENTO,3vcc26c,f2689285
Thu Jan  1 18:12:51 2026,3154000000,EM_ANDAMENTO,sO1o5vVu,6f780ed0
Thu Jan  1 18:12:53 2026,3154500000,EM_ANDAMENTO,z4I3QSAg,932c3956
Thu Jan  1 18:12:54 2026,3155000000,EM_ANDAMENTO,lFF87sqd7o,ce6fd644
Thu Jan  1 18:12:56 2026,3155500000,EM_ANDAMENTO,Zxr,d30e0594
Thu Jan  1 18:12:58 2026,3156000000,EM_ANDAMENTO,cnzygbhOQdv,6715001e
Thu Jan  1 18:12:59 2026,3156500000,EM_ANDAMENTO,jKHmKmMlclF,a7cd7cd0
Thu Jan  1 18:13:01 2026,3157000000,EM_ANDAMENTO,5q,87a70772
Thu Jan  1 18:13:02 2026,3157500000,EM_ANDAMENTO,v,904f2f17
Thu Jan  1 18:13:04 2026,3158000000,EM_ANDAMENTO,TUX,b73eb7c0
Thu Jan  1 18:13:06 2026,3158500000,EM_ANDAMENTO,7YP,2732eedd
Thu Jan  1 18:13:07 2026,3159000000,EM_ANDAMENTO,2GfY,11537fdd
Thu Jan  1 18:13:09 2026,3159500000,EM_ANDAMENTO,5pZI,92cf41de
Thu Jan  1 18:13:10 2026,3160000000,EM_ANDAMENTO,jgv5bK,36add7c4
Thu Jan  1 18:13:12 2026,3160500000,EM_ANDAMENTO,vwhiIql4zr,a366acd9
Thu Jan  1 18:13:14 2026,3161000000,EM_ANDAMENTO,1Bw,4908c1a7
Thu Jan  1 18:13:15 2026,3161500000,EM_ANDAMENTO,oPAKFcQ,d3620c87
Thu Jan  1 18:13:17 2026,3162000000,EM_ANDAMENTO,FYTHDd7wY7JL,500d74c5
Thu Jan  1 18:13:18 2026,3162500000,EM_ANDAMENTO,QnaLbRdirf,b0ab7120
Thu Jan  1 18:13:20 2026,3163000000,EM_ANDAMENTO,w,1e332829
Thu Jan  1 18:13:22 2026,3163500000,EM_ANDAMENTO,Snl22,d91e5d92
Thu Jan  1 18:13:23 2026,3164000000,EM_ANDAMENTO,BCSgPbT5wge,d3522a2c
Thu Jan  1 18:13:25 2026,3164500000,EM_ANDAMENTO,vu9MZq10,640341bb
Thu Jan  1 18:13:26 2026,3165000000,EM_ANDAMENTO,APBA,92d79216
Thu Jan  1 18:13:28 2026,3165500000,EM_ANDAMENTO,YhEoM1qqirL,c8dc7dd3
Thu Jan  1 18:13:30 2026,3166000000,EM_ANDAMENTO,RN9Jk0GCPTW,7b2c7153
Thu Jan  1 18:13:31 2026,3166500000,EM_ANDAMENTO,JRf,5032bc57
Thu Jan  1 18:13:33 2026,3167000000,EM_ANDAMENTO,WHriOTEYMsW,b87aea91
Thu Jan  1 18:13:34 2026,3167500000,EM_ANDAMENTO,l,5238d98f
Thu Jan  1 18:13:36 2026,3168000000,EM_ANDAMENTO,tZHYp5dWfT,509d6a9d
Thu Jan  1 18:13:38 2026,3168500000,EM_ANDAMENTO,9pY8,5e19a2e1
Thu Jan  1 18:13:39 2026,3169000000,EM_ANDAMENTO,HXj152q7,ab40d5b9
Thu Jan  1 18:13:41 2026,3169500000,EM_ANDAMENTO,D81CG1eL,b9709081
Thu Jan  1 18:13:43 2026,3170000000,EM_ANDAMENTO,XgPuA,6539b744
Thu Jan  1 18:13:44 2026,3170500000,EM_ANDAMENTO,q7Iq38D,1d9c74b4
Thu Jan  1 18:13:46 2026,3171000000,EM_ANDAMENTO,qP3xUiT,87df5b52
Thu Jan  1 18:13:47 2026,3171500000,EM_ANDAMENTO,NbATvMlN27s,c98abe98
Thu Jan  1 18:13:49 2026,3172000000,EM_ANDAMENTO,B,74865dbf
Thu Jan  1 18:13:51 2026,3172500000,EM_ANDAMENTO,xT,b1a2344e
Thu Jan  1 18:13:52 2026,3173000000,EM_ANDAMENTO,SrnUh6VOFnuN,ab51fa52
Thu Jan  1 18:13:54 2026,3173500000,EM_ANDAMENTO,O7awvkD9O4j,4e0f2b1c
Thu Jan  1 18:13:56 2026,3174000000,EM_ANDAMENTO,Spampaxkh,689ab97b
Thu Jan  1 18:13:57 2026,3174500000,EM_ANDAMENTO,bo8luU9PG9,f9c0d5f5
Thu Jan  1 18:13:59 2026,3175000000,EM_ANDAMENTO,TkgxvkmTa,e8eec398
Thu Jan  1 18:14:00 2026,3175500000,EM_ANDAMENTO,Q8dwDjDDY6U,167b1a7a
Thu Jan  1 18:14:02 2026,3176000000,EM_ANDAMENTO,Yiu,0f8314fe
Thu Jan  1 18:14:04 2026,3176500000,EM_ANDAMENTO,9U,55f5d1c5
Thu Jan  1 18:14:05 2026,3177000000,EM_ANDAMENTO,z1XLIkZ7,f5376e53
Thu Jan  1 18:14:07 2026,3177500000,EM_ANDAMENTO,ZG86U,093794c0
Thu Jan  1 18:14:08 2026,3178000000,EM_ANDAMENTO,A2Daa,15a918c2
Thu Jan  1 18:14:10 2026,3178500000,EM_ANDAMENTO,MO,4af8e854
Thu Jan  1 18:14:12 2026,3179000000,EM_ANDAMENTO,JDPIO,e96c62f9
Thu Jan  1 18:14:13 2026,3179500000,EM_ANDAMENTO,tcrm,03bf007c
Thu Jan  1 18:14:15 2026,3180000000,EM_ANDAMENTO,wjUlNz4FS,a904205e
Thu Jan  1 18:14:16 2026,3180500000,EM_ANDAMENTO,dj9oRO6D,9a42cd06
Thu Jan  1 18:14:18 2026,3181000000,EM_ANDAMENTO,lPgEkkXu5Au,a7cfc1de
Thu Jan  1 18:14:20 2026,3181500000,EM_ANDAMENTO,m1cTsnRG,a4e2db58
Thu Jan  1 18:14:21 2026,3182000000,EM_ANDAMENTO,h6Yzee,47ca2276
Thu Jan  1 18:14:23 2026,3182500000,EM_ANDAMENTO,ttu7bW,9537bdad
Thu Jan  1 18:14:25 2026,3183000000,EM_ANDAMENTO,DCb,4d44e2d0
Thu Jan  1 18:14:26 2026,3183500000,EM_ANDAMENTO,HWx3QVm,e4796264
Thu Jan  1 18:14:28 2026,3184000000,EM_ANDAMENTO,lFsrpnH,fc326084
Thu Jan  1 18:14:29 2026,3184500000,EM_ANDAMENTO,OwDbqxSvEkxz,285a5b4b
Thu Jan  1 18:14:31 2026,3185000000,EM_ANDAMENTO,raBobpM5U,645d7529
Thu Jan  1 18:14:33 2026,3185500000,EM_ANDAMENTO,2Ny,7a254d57
Thu Jan  1 18:14:34 2026,3186000000,EM_ANDAMENTO,TsNNMnrhT,8ac1106b
Thu Jan  1 18:14:36 2026,3186500000,EM_ANDAMENTO,xXGDP8dNjr5,b160f312
Thu Jan  1 18:14:38 2026,3187000000,EM_ANDAMENTO,GgCpRf,7f16e5c8
Thu Jan  1 18:14:39 2026,3187500000,EM_ANDAMENTO,DubsqU4lXN8,535cf14c
Thu Jan  1 18:14:41 2026,3188000000,EM_ANDAMENTO,vmiprzJ,053058dc
Thu Jan  1 18:14:42 2026,3188500000,EM_ANDAMENTO,AJQUF6dLfBS,dc043be7
Thu Jan  1 18:14:44 2026,3189000000,EM_ANDAMENTO,4EHossmvjay,74079141
Thu Jan  1 18:14:46 2026,3189500000,EM_ANDAMENTO,Atazts4W1sF,1bca4f98
Thu Jan  1 18:14:47 2026,3190000000,EM_ANDAMENTO,aYR,cf17d771
Thu Jan  1 18:14:49 2026,3190500000,EM_ANDAMENTO,CcQgtbwLdDAc,4edd917a
Thu Jan  1 18:14:51 2026,3191000000,EM_ANDAMENTO,gmBE9n,240e1f3e
Thu Jan  1 18:14:52 2026,3191500000,EM_ANDAMENTO,cuRs50MJ,e37a2ac2
Thu Jan  1 18:14:54 2026,3192000000,EM_ANDAMENTO,cgZgOX,1670606b
Thu Jan  1 18:14:55 2026,3192500000,EM_ANDAMENTO,JS,964412d4
Thu Jan  1 18:14:57 2026,3193000000,EM_ANDAMENTO,93U7zYy,014c5357
Thu Jan  1 18:14:59 2026,3193500000,EM_ANDAMENTO,76Bhb3oG,153df559
Thu Jan  1 18:15:00 2026,3194000000,EM_ANDAMENTO,BOZz3tLtuOY,575bb327
Thu Jan  1 18:15:02 2026,3194500000,EM_ANDAMENTO,whMHlCK,c22f1d5d
Thu Jan  1 18:15:04 2026,3195000000,EM_ANDAMENTO,6nVX7Z,b65d8d96
Thu Jan  1 18:15:06 2026,3195500000,EM_ANDAMENTO,K4Z,b2cbb38f
Thu Jan  1 18:15:07 2026,3196000000,EM_ANDAMENTO,zsLLd,522686ac
Thu Jan  1 18:15:09 2026,3196500000,EM_ANDAMENTO,XHLl2nrhk90C,8961ebfe
Thu Jan  1 18:15:10 2026,3197000000,EM_ANDAMENTO,pKjnL,6b3d1eda
Thu Jan  1 18:15:12 2026,3197500000,EM_ANDAMENTO,rLRzdYf6WUL,8fe9b398
Thu Jan  1 18:15:14 2026,3198000000,EM_ANDAMENTO,2YyCFdDROq,2ec435d0
Thu Jan  1 18:15:15 2026,3198500000,EM_ANDAMENTO,ALY4DfbE1,c2c5d3bf
Thu Jan  1 18:15:17 2026,3199000000,EM_ANDAMENTO,Hf,2930b799
Thu Jan  1 18:15:19 2026,3199500000,EM_ANDAMENTO,J,5efe2fba
Thu Jan  1 18:15:20 2026,3200000000,EM_ANDAMENTO,FoktbzMagyVP,3967410f
Thu Jan  1 18:15:22 2026,3200500000,EM_ANDAMENTO,QpMOO5Dvw,a8127a1d
Thu Jan  1 18:15:23 2026,3201000000,EM_ANDAMENTO,xE2ff,4b16eef0
Thu Jan  1 18:15:25 2026,3201500000,EM_ANDAMENTO,J1jl,a11c44a6
Thu Jan  1 18:15:27 2026,3202000000,EM_ANDAMENTO,kuW,7903ddd6
Thu Jan  1 18:15:28 2026,3202500000,EM_ANDAMENTO,zhgYRlRd,723e75a5
Thu Jan  1 18:15:30 2026,3203000000,EM_ANDAMENTO,R02SO77,61a7fa97
Thu Jan  1 18:15:32 2026,3203500000,EM_ANDAMENTO,9Ialv2WWb,ab38ccd5
Thu Jan  1 18:15:33 2026,3204000000,EM_ANDAMENTO,PPEP2Ge9ChoN,9fa15293
Thu Jan  1 18:15:35 2026,3204500000,EM_ANDAMENTO,eOHlwF44,3afdd5de
Thu Jan  1 18:15:36 2026,3205000000,EM_ANDAMENTO,C6FTsjw,7919bcd9
Thu Jan  1 18:15:38 2026,3205500000,EM_ANDAMENTO,ndiSP5H4VMe0,40d139ec
Thu Jan  1 18:15:40 2026,3206000000,EM_ANDAMENTO,JDV7itW,12af4678
Thu Jan  1 18:15:41 2026,3206500000,EM_ANDAMENTO,4q4X6,a8421721
Thu Jan  1 18:15:43 2026,3207000000,EM_ANDAMENTO,ffgGC,8cf13123
Thu Jan  1 18:15:45 2026,3207500000,EM_ANDAMENTO,4,f7275a1e
Thu Jan  1 18:15:46 2026,3208000000,EM_ANDAMENTO,8G96xUAqX,8638eb30
Thu Jan  1 18:15:48 2026,3208500000,EM_ANDAMENTO,GhF63tof3yvD,583ef3f6
Thu Jan  1 18:15:50 2026,3209000000,EM_ANDAMENTO,1,ebaf5ccd
Thu Jan  1 18:15:51 2026,3209500000,EM_ANDAMENTO,Aa9ofefo77,5ab2a208
Thu Jan  1 18:15:53 2026,3210000000,EM_ANDAMENTO,9rQ0r,cec79049
Thu Jan  1 18:15:54 2026,3210500000,EM_ANDAMENTO,qYeNX9xUT7Ls,1544daf7
Thu Jan  1 18:15:56 2026,3211000000,EM_ANDAMENTO,rFB,c333a68a
Thu Jan  1 18:15:58 2026,3211500000,EM_ANDAMENTO,ltvC502MDa,3049f89e
Thu Jan  1 18:15:59 2026,3212000000,EM_ANDAMENTO,GR,da06be2f
Thu Jan  1 18:16:01 2026,3212500000,EM_ANDAMENTO,90Wim8,515ec85f
Thu Jan  1 18:16:03 2026,3213000000,EM_ANDAMENTO,hV90ZobjSgvn,8b5822ea
Thu Jan  1 18:16:04 2026,3213500000,EM_ANDAMENTO,BL,e09d4e00
Thu Jan  1 18:16:06 2026,3214000000,EM_ANDAMENTO,ii6jUbqzIpMG,4bed5267
Thu Jan  1 18:16:07 2026,3214500000,EM_ANDAMENTO,GPMXWZoYci,0f418cfa
Thu Jan  1 18:16:09 2026,3215000000,EM_ANDAMENTO,aEA98,5c95b177
Thu Jan  1 18:16:11 2026,3215500000,EM_ANDAMENTO,VeYiUrxOLBHa,bb196a6a
Thu Jan  1 18:16:12 2026,3216000000,EM_ANDAMENTO,baGthR2muL,dc8e1782
Thu Jan  1 18:16:14 2026,3216500000,EM_ANDAMENTO,et,e7029fb4
Thu Jan  1 18:16:15 2026,3217000000,EM_ANDAMENTO,pD,e553d088
Thu Jan  1 18:16:17 2026,3217500000,EM_ANDAMENTO,HXAW,1874851d
Thu Jan  1 18:16:19 2026,3218000000,EM_ANDAMENTO,4lcxhpT,831ff221
Thu Jan  1 18:16:20 2026,3218500000,EM_ANDAMENTO,cuzDlZY,56bedc31
Thu Jan  1 18:16:22 2026,3219000000,EM_ANDAMENTO,sx85YZpEUN2,def54e58
Thu Jan  1 18:16:23 2026,3219500000,EM_ANDAMENTO,zJXT,a9f81822
Thu Jan  1 18:16:25 2026,3220000000,EM_ANDAMENTO,c,a5c1009b
Thu Jan  1 18:16:27 2026,3220500000,EM_ANDAMENTO,X6OF02,b6885bd2
Thu Jan  1 18:16:29 2026,3221000000,EM_ANDAMENTO,cfs9qX,fc4dca87
Thu Jan  1 18:16:30 2026,3221500000,EM_ANDAMENTO,DK,3b1c8e83
Thu Jan  1 18:16:32 2026,3222000000,EM_ANDAMENTO,D4w051NnQRkU,cb77ed06
Thu Jan  1 18:16:34 2026,3222500000,EM_ANDAMENTO,cq,4e12143c
Thu Jan  1 18:16:35 2026,3223000000,EM_ANDAMENTO,uSG,03b9eed5
Thu Jan  1 18:16:37 2026,3223500000,EM_ANDAMENTO,ma0,49bb2ab4
Thu Jan  1 18:16:39 2026,3224000000,EM_ANDAMENTO,vlmr6HmiC,c392315f
Thu Jan  1 18:16:40 2026,3224500000,EM_ANDAMENTO,oDC,d8f98fec
Thu Jan  1 18:16:42 2026,3225000000,EM_ANDAMENTO,cNayE,5434aac4
Thu Jan  1 18:16:44 2026,3225500000,EM_ANDAMENTO,67wEMgzyMP24,786d8e2e
Thu Jan  1 18:16:45 2026,3226000000,EM_ANDAMENTO,j5ftmTw,fa5af6d4
Thu Jan  1 18:16:47 2026,3226500000,EM_ANDAMENTO,3Q,c48ea6fd
Thu Jan  1 18:16:49 2026,3227000000,EM_ANDAMENTO,PxD6w,a5f545a9
Thu Jan  1 18:16:50 2026,3227500000,EM_ANDAMENTO,Si2lVM,6c68742d
Thu Jan  1 18:16:52 2026,3228000000,EM_ANDAMENTO,kvPbvFXKNUAM,8d34b619
Thu Jan  1 18:16:54 2026,3228500000,EM_ANDAMENTO,5J,5de959ec
Thu Jan  1 18:16:55 2026,3229000000,EM_ANDAMENTO,lJRjITK1D,f59ab0f2
Thu Jan  1 18:16:57 2026,3229500000,EM_ANDAMENTO,JFv96zoX36J,1cca2261
Thu Jan  1 18:16:58 2026,3230000000,EM_ANDAMENTO,xd,4cbebbc0
Thu Jan  1 18:17:00 2026,3230500000,EM_ANDAMENTO,VoS6Llw,9c3f1faf
Thu Jan  1 18:17:02 2026,3231000000,EM_ANDAMENTO,Hxn,7a0b0446
Thu Jan  1 18:17:03 2026,3231500000,EM_ANDAMENTO,rotj,67adafe6
Thu Jan  1 18:17:05 2026,3232000000,EM_ANDAMENTO,YwuWTD2PCq8,94513fd4
Thu Jan  1 18:17:06 2026,3232500000,EM_ANDAMENTO,1,ebaf5ccd
Thu Jan  1 18:17:08 2026,3233000000,EM_ANDAMENTO,Hi4,47d39686
Thu Jan  1 18:17:10 2026,3233500000,EM_ANDAMENTO,3aOHs,f415ebb7
Thu Jan  1 18:17:13 2026,3234000000,EM_ANDAMENTO,nasJT,3cd017fe
Thu Jan  1 18:17:15 2026,3234500000,EM_ANDAMENTO,SN9hCv8rp6Cl,853a6145
Thu Jan  1 18:17:16 2026,3235000000,EM_ANDAMENTO,BU9Hkpd7,2f0fc374
Thu Jan  1 18:17:18 2026,3235500000,EM_ANDAMENTO,MySOjm,489db863
Thu Jan  1 18:17:19 2026,3236000000,EM_ANDAMENTO,8ysjLvgy6TAN,c305e531
Thu Jan  1 18:17:21 2026,3236500000,EM_ANDAMENTO,sTp,395b43fc
Thu Jan  1 18:17:23 2026,3237000000,EM_ANDAMENTO,zWW5HwI,73e05b68
Thu Jan  1 18:17:24 2026,3237500000,EM_ANDAMENTO,XjLp7g,672b6edc
Thu Jan  1 18:17:26 2026,3238000000,EM_ANDAMENTO,DP4gYc8yjP,7602db79
Thu Jan  1 18:17:28 2026,3238500000,EM_ANDAMENTO,xN623ku3srd,3a3b08ef
Thu Jan  1 18:17:31 2026,3239000000,EM_ANDAMENTO,T9xQay,0fb32515
Thu Jan  1 18:17:38 2026,3239500000,EM_ANDAMENTO,K0tvAFA,ebe31c20
Thu Jan  1 18:17:41 2026,3240000000,EM_ANDAMENTO,QK6MDIAFBE,6dd779b8
Thu Jan  1 18:17:43 2026,3240500000,EM_ANDAMENTO,2HCY8yuFy,c9ca66a8
Thu Jan  1 18:17:46 2026,3241000000,EM_ANDAMENTO,pEovYZ5MQ,5fb544ed
Thu Jan  1 18:17:48 2026,3241500000,EM_ANDAMENTO,pmyHILRy,74aa8220
Thu Jan  1 18:17:50 2026,3242000000,EM_ANDAMENTO,kOe,5230404a
Thu Jan  1 18:17:53 2026,3242500000,EM_ANDAMENTO,M02x2VH0rR,447f078f
Thu Jan  1 18:17:55 2026,3243000000,EM_ANDAMENTO,Jr2hIt,a73310d7
Thu Jan  1 18:17:58 2026,3243500000,EM_ANDAMENTO,UQYHZ7R5Tj,6bcfb1b5
Thu Jan  1 18:18:00 2026,3244000000,EM_ANDAMENTO,TlkDz,26dcf12a
Thu Jan  1 18:18:03 2026,3244500000,EM_ANDAMENTO,1l,204990bc
Thu Jan  1 18:18:06 2026,3245000000,EM_ANDAMENTO,ruU29veqb,73cbe5de
Thu Jan  1 18:18:09 2026,3245500000,EM_ANDAMENTO,Lf7rw2uYafp,72f89aae
Thu Jan  1 18:18:11 2026,3246000000,EM_ANDAMENTO,FI,e39d7ddd
Thu Jan  1 18:18:13 2026,3246500000,EM_ANDAMENTO,b8lOwSm,e6a503d8
Thu Jan  1 18:18:16 2026,3247000000,EM_ANDAMENTO,4dMDvj,3b89bb0c
Thu Jan  1 18:18:19 2026,3247500000,EM_ANDAMENTO,72XO,af254600
Thu Jan  1 18:18:21 2026,3248000000,EM_ANDAMENTO,TzK5pU6ENTYA,a3301866
Thu Jan  1 18:18:24 2026,3248500000,EM_ANDAMENTO,D76PVEpSLj0y,8886286f
Thu Jan  1 18:18:26 2026,3249000000,EM_ANDAMENTO,OdErfC,6e0fb8f6
Thu Jan  1 18:18:29 2026,3249500000,EM_ANDAMENTO,Jc04Y,2d02bcaf
Thu Jan  1 18:18:31 2026,3250000000,EM_ANDAMENTO,G2EJ,4f933367
Thu Jan  1 18:18:34 2026,3250500000,EM_ANDAMENTO,R9,13ac2bad
Thu Jan  1 18:18:36 2026,3251000000,EM_ANDAMENTO,v1hRI,3d7857d8
Thu Jan  1 18:18:39 2026,3251500000,EM_ANDAMENTO,onkWo,95add63f
Thu Jan  1 18:18:41 2026,3252000000,EM_ANDAMENTO,J1FdN,ec2c3f58
Thu Jan  1 18:18:44 2026,3252500000,EM_ANDAMENTO,jjoi,bf43bf16
Thu Jan  1 18:18:46 2026,3253000000,EM_ANDAMENTO,wJz4Rg1OE,e722861f
Thu Jan  1 18:18:48 2026,3253500000,EM_ANDAMENTO,h,ed6dba4b
Thu Jan  1 18:18:50 2026,3254000000,EM_ANDAMENTO,pxF,c00e7d2e
Thu Jan  1 18:18:52 2026,3254500000,EM_ANDAMENTO,ywJknWwEZ,a59534ec
Thu Jan  1 18:18:54 2026,3255000000,EM_ANDAMENTO,so28F2,6add8539
Thu Jan  1 18:18:55 2026,3255500000,EM_ANDAMENTO,kTX,3afad4dd
Thu Jan  1 18:18:57 2026,3256000000,EM_ANDAMENTO,mgDAayHx3,7e80d26f
Thu Jan  1 18:18:58 2026,3256500000,EM_ANDAMENTO,M95Rir002pfI,56a19f4d
Thu Jan  1 18:19:00 2026,3257000000,EM_ANDAMENTO,dQXuBJWeH1Is,6ebb6d4f
Thu Jan  1 18:19:02 2026,3257500000,EM_ANDAMENTO,burk9,24e31e0e
Thu Jan  1 18:19:03 2026,3258000000,EM_ANDAMENTO,rK,31885fb0
Thu Jan  1 18:19:05 2026,3258500000,EM_ANDAMENTO,D18rQfrHxW38,a1fa04d8
Thu Jan  1 18:19:07 2026,3259000000,EM_ANDAMENTO,0F6,26090cc9
Thu Jan  1 18:19:08 2026,3259500000,EM_ANDAMENTO,j22,80e6be3d
Thu Jan  1 18:19:10 2026,3260000000,EM_ANDAMENTO,f,2c6c3bcd
Thu Jan  1 18:19:11 2026,3260500000,EM_ANDAMENTO,vHC78AqOjhaV,a5fc33f0
Thu Jan  1 18:19:13 2026,3261000000,EM_ANDAMENTO,Hhkuu3kMk,a927036c
Thu Jan  1 18:19:15 2026,3261500000,EM_ANDAMENTO,AG8eIcIKz,2c237f4c
Thu Jan  1 18:19:16 2026,3262000000,EM_ANDAMENTO,PQC7zBnruRAA,7a73113f
Thu Jan  1 18:19:18 2026,3262500000,EM_ANDAMENTO,cACE9cHER1R,b89cd8e9
Thu Jan  1 18:19:19 2026,3263000000,EM_ANDAMENTO,9KJGnzTOko,18d6ee82
Thu Jan  1 18:19:21 2026,3263500000,EM_ANDAMENTO,y6T0vky,f05772b4
Thu Jan  1 18:19:23 2026,3264000000,EM_ANDAMENTO,Bljgv7LFKG,5c56d872
Thu Jan  1 18:19:24 2026,3264500000,EM_ANDAMENTO,IY8,591e2622
Thu Jan  1 18:19:26 2026,3265000000,EM_ANDAMENTO,QYDggE,37c294de
Thu Jan  1 18:19:28 2026,3265500000,EM_ANDAMENTO,1BIZ0,b79a8bf2
Thu Jan  1 18:19:29 2026,3266000000,EM_ANDAMENTO,p,f884289b
Thu Jan  1 18:19:31 2026,3266500000,EM_ANDAMENTO,vhVVa2t,5c6ff56c
Thu Jan  1 18:19:32 2026,3267000000,EM_ANDAMENTO,4B1G,2a6e35b5
Thu Jan  1 18:19:34 2026,3267500000,EM_ANDAMENTO,8wkkn12Kqj,27718583
Thu Jan  1 18:19:36 2026,3268000000,EM_ANDAMENTO,QMjY6P9oA4,0dd12f6a
Thu Jan  1 18:19:37 2026,3268500000,EM_ANDAMENTO,P6YAZN,440d8bf8
Thu Jan  1 18:19:39 2026,3269000000,EM_ANDAMENTO,43YxCP,5613c53b
Thu Jan  1 18:19:41 2026,3269500000,EM_ANDAMENTO,p,f884289b
Thu Jan  1 18:19:42 2026,3270000000,EM_ANDAMENTO,FoWQAkwAycR,62a65d55
Thu Jan  1 18:19:44 2026,3270500000,EM_ANDAMENTO,0Do,3d6bfab9
Thu Jan  1 18:19:46 2026,3271000000,EM_ANDAMENTO,j,60e284f4
Thu Jan  1 18:19:47 2026,3271500000,EM_ANDAMENTO,IzZ4oVahzz8n,e4ea6bf0
Thu Jan  1 18:19:49 2026,3272000000,EM_ANDAMENTO,SlYVxeRNpr,de81e3f2
Thu Jan  1 18:19:51 2026,3272500000,EM_ANDAMENTO,ihtnNe,bada9559
Thu Jan  1 18:19:52 2026,3273000000,EM_ANDAMENTO,QOAVRSyBW,77919d42
Thu Jan  1 18:19:54 2026,3273500000,EM_ANDAMENTO,z6xjuj,50347658
Thu Jan  1 18:19:55 2026,3274000000,EM_ANDAMENTO,i0Nxl,ab011522
Thu Jan  1 18:19:57 2026,3274500000,EM_ANDAMENTO,z,bb66897e
Thu Jan  1 18:19:59 2026,3275000000,EM_ANDAMENTO,B42wYr,054acd00
Thu Jan  1 18:20:00 2026,3275500000,EM_ANDAMENTO,urV8Jgko,d8f75cd1
Thu Jan  1 18:20:02 2026,3276000000,EM_ANDAMENTO,RtHf6QlIPi,acbd4187
Thu Jan  1 18:20:04 2026,3276500000,EM_ANDAMENTO,DeIcYxj1lEO,746ac93a
Thu Jan  1 18:20:06 2026,3277000000,EM_ANDAMENTO,ukwNb,178e93d1
Thu Jan  1 18:20:07 2026,3277500000,EM_ANDAMENTO,315Cv5ty7Kmx,4d5f73ac
Thu Jan  1 18:20:09 2026,3278000000,EM_ANDAMENTO,3VKp9sS9v,c2bb450b
Thu Jan  1 18:20:10 2026,3278500000,EM_ANDAMENTO,mscyE4M,2e2081ff
Thu Jan  1 18:20:12 2026,3279000000,EM_ANDAMENTO,pp,5c7aa818
Thu Jan  1 18:20:14 2026,3279500000,EM_ANDAMENTO,llzKOMy,a00b8761
Thu Jan  1 18:20:16 2026,3280000000,EM_ANDAMENTO,EGiF,51ba44f8
Thu Jan  1 18:20:17 2026,3280500000,EM_ANDAMENTO,hSkX,c7860fe2
Thu Jan  1 18:20:19 2026,3281000000,EM_ANDAMENTO,IAhYit,c7ecaee8
Thu Jan  1 18:20:20 2026,3281500000,EM_ANDAMENTO,cyVyKpl,cfc252bb
Thu Jan  1 18:20:22 2026,3282000000,EM_ANDAMENTO,F,a2c949bf
Thu Jan  1 18:20:24 2026,3282500000,EM_ANDAMENTO,PPfQKxuR0,99e44a70
Thu Jan  1 18:20:25 2026,3283000000,EM_ANDAMENTO,zF,4a77f027
Thu Jan  1 18:20:27 2026,3283500000,EM_ANDAMENTO,I75SrtvVXSoj,484a894d
Thu Jan  1 18:20:29 2026,3284000000,EM_ANDAMENTO,B0HJ,885e7d50
Thu Jan  1 18:20:30 2026,3284500000,EM_ANDAMENTO,scGfwS,4ca61873
Thu Jan  1 18:20:32 2026,3285000000,EM_ANDAMENTO,YPftNz1,b76b6bee
Thu Jan  1 18:20:34 2026,3285500000,EM_ANDAMENTO,a313XOOzStr,75cb0583
Thu Jan  1 18:20:35 2026,3286000000,EM_ANDAMENTO,kprcdNZ4S3o,9d8cb6a2
Thu Jan  1 18:20:37 2026,3286500000,EM_ANDAMENTO,nfGrIq,28a73a74
Thu Jan  1 18:20:38 2026,3287000000,EM_ANDAMENTO,eQWu01p0io,a3da68c4
Thu Jan  1 18:20:40 2026,3287500000,EM_ANDAMENTO,YP4lA0nLUa,00f283e1
Thu Jan  1 18:20:42 2026,3288000000,EM_ANDAMENTO,GV,aa989c93
Thu Jan  1 18:20:43 2026,3288500000,EM_ANDAMENTO,Zk,080b6664
Thu Jan  1 18:20:45 2026,3289000000,EM_ANDAMENTO,hHs7,6f6963f0
Thu Jan  1 18:20:46 2026,3289500000,EM_ANDAMENTO,9,d8ef0690
Thu Jan  1 18:20:48 2026,3290000000,EM_ANDAMENTO,Ns8LWYCK,a9fdce84
Thu Jan  1 18:20:50 2026,3290500000,EM_ANDAMENTO,UE9,688d662c
Thu Jan  1 18:20:51 2026,3291000000,EM_ANDAMENTO,hSS9OwopIfkh,da093d18
Thu Jan  1 18:20:53 2026,3291500000,EM_ANDAMENTO,PcBhM30O,c427fabf
Thu Jan  1 18:20:55 2026,3292000000,EM_ANDAMENTO,5nkI,96a285bf
Thu Jan  1 18:20:56 2026,3292500000,EM_ANDAMENTO,S2xFVo9,c062f284
Thu Jan  1 18:20:58 2026,3293000000,EM_ANDAMENTO,EMlSe,3032357b
Thu Jan  1 18:20:59 2026,3293500000,EM_ANDAMENTO,W,c4abaca1
Thu Jan  1 18:21:01 2026,3294000000,EM_ANDAMENTO,OICgr,d3973f7b
Thu Jan  1 18:21:03 2026,3294500000,EM_ANDAMENTO,ulODVq,f15445ce
Thu Jan  1 18:21:04 2026,3295000000,EM_ANDAMENTO,jp,56e281dd
Thu Jan  1 18:21:06 2026,3295500000,EM_ANDAMENTO,MTibd,fd4dc025
Thu Jan  1 18:21:08 2026,3296000000,EM_ANDAMENTO,gY7FCciEaZy,994b2170
Thu Jan  1 18:21:09 2026,3296500000,EM_ANDAMENTO,5XrdecrzkLxp,e51d62bd
Thu Jan  1 18:21:11 2026,3297000000,EM_ANDAMENTO,Ng7DFe17CPTQ,0a476cb9
Thu Jan  1 18:21:12 2026,3297500000,EM_ANDAMENTO,tA0N74IW033H,aed3dc6e
Thu Jan  1 18:21:14 2026,3298000000,EM_ANDAMENTO,mG,82601242
Thu Jan  1 18:21:16 2026,3298500000,EM_ANDAMENTO,zS,401a843a
Thu Jan  1 18:21:17 2026,3299000000,EM_ANDAMENTO,cvIb9XSTaCBK,784c98c2
Thu Jan  1 18:21:19 2026,3299500000,EM_ANDAMENTO,Tq0yl6PZMHE,04d88169
Thu Jan  1 18:21:20 2026,3300000000,EM_ANDAMENTO,r2rwflbFoC3,e9bad307
Thu Jan  1 18:21:22 2026,3300500000,EM_ANDAMENTO,5qiakd,aa4d0723
Thu Jan  1 18:21:24 2026,3301000000,EM_ANDAMENTO,4mWpb,d31ea8de
Thu Jan  1 18:21:25 2026,3301500000,EM_ANDAMENTO,O,4ac61591
Thu Jan  1 18:21:27 2026,3302000000,EM_ANDAMENTO,0U,0dd980a8
Thu Jan  1 18:21:29 2026,3302500000,EM_ANDAMENTO,D3k,c4168a8f
Thu Jan  1 18:21:30 2026,3303000000,EM_ANDAMENTO,T0jHsi,109f5fa8
Thu Jan  1 18:21:32 2026,3303500000,EM_ANDAMENTO,tLVHziNTSz8,e68c226c
Thu Jan  1 18:21:33 2026,3304000000,EM_ANDAMENTO,kJPOQ,0d205f86
Thu Jan  1 18:21:35 2026,3304500000,EM_ANDAMENTO,ad1lQWjk5H,95a7225f
Thu Jan  1 18:21:37 2026,3305000000,EM_ANDAMENTO,rRvfkUcP6t,50712f7a
Thu Jan  1 18:21:38 2026,3305500000,EM_ANDAMENTO,MXX8lCnA4,c12a4e19
Thu Jan  1 18:21:40 2026,3306000000,EM_ANDAMENTO,E,9e677faf
Thu Jan  1 18:21:42 2026,3306500000,EM_ANDAMENTO,k,ac20c833
Thu Jan  1 18:21:43 2026,3307000000,EM_ANDAMENTO,LqRQ2zcEsj,239f4fef
Thu Jan  1 18:21:45 2026,3307500000,EM_ANDAMENTO,mPq06JTmLT,76e29ba1
Thu Jan  1 18:21:46 2026,3308000000,EM_ANDAMENTO,Gl,31bc70c5
Thu Jan  1 18:21:48 2026,3308500000,EM_ANDAMENTO,CagbX,d6d3811c
Thu Jan  1 18:21:50 2026,3309000000,EM_ANDAMENTO,fdM,282627e8
Thu Jan  1 18:21:51 2026,3309500000,EM_ANDAMENTO,8hTKsNUqJ9,9942e5d4
Thu Jan  1 18:21:53 2026,3310000000,EM_ANDAMENTO,SrA,eab9f68d
Thu Jan  1 18:21:54 2026,3310500000,EM_ANDAMENTO,7,f99079a8
Thu Jan  1 18:21:56 2026,3311000000,EM_ANDAMENTO,Ds8xqe,5e6d6205
Thu Jan  1 18:21:58 2026,3311500000,EM_ANDAMENTO,7,f99079a8
Thu Jan  1 18:21:59 2026,3312000000,EM_ANDAMENTO,t,ef012cb5
Thu Jan  1 18:22:01 2026,3312500000,EM_ANDAMENTO,EFoPLcS,3127df18
Thu Jan  1 18:22:03 2026,3313000000,EM_ANDAMENTO,mM,f1f4a7d3
Thu Jan  1 18:22:04 2026,3313500000,EM_ANDAMENTO,FWpN,e6f1fcf4
Thu Jan  1 18:22:06 2026,3314000000,EM_ANDAMENTO,QS,6f896c43
Thu Jan  1 18:22:07 2026,3314500000,EM_ANDAMENTO,Rw2Up,428fb23c
Thu Jan  1 18:22:09 2026,3315000000,EM_ANDAMENTO,Ujtc,5be77b81
Thu Jan  1 18:22:11 2026,3315500000,EM_ANDAMENTO,0ND70,f4768cf9
Thu Jan  1 18:22:12 2026,3316000000,EM_ANDAMENTO,DfLW7cIY,edd65cce
Thu Jan  1 18:22:14 2026,3316500000,EM_ANDAMENTO,D,f0695584
Thu Jan  1 18:22:16 2026,3317000000,EM_ANDAMENTO,pA9mLgfwg,c52f033d
Thu Jan  1 18:22:17 2026,3317500000,EM_ANDAMENTO,VOn2Z8gAWZ,bfc9bc60
Thu Jan  1 18:22:19 2026,3318000000,EM_ANDAMENTO,lnpnm,679af4c3
Thu Jan  1 18:22:20 2026,3318500000,EM_ANDAMENTO,8WU2wnpHTgW2,c680f9df
Thu Jan  1 18:22:22 2026,3319000000,EM_ANDAMENTO,jmc6,1aef52e7
Thu Jan  1 18:22:24 2026,3319500000,EM_ANDAMENTO,D5tO7,094f0eb7
Thu Jan  1 18:22:25 2026,3320000000,EM_ANDAMENTO,a26JaNf,6e3b4b1a
Thu Jan  1 18:22:27 2026,3320500000,EM_ANDAMENTO,4KM07,32bef3fc
Thu Jan  1 18:22:28 2026,3321000000,EM_ANDAMENTO,3,0a7fddc2
Thu Jan  1 18:22:30 2026,3321500000,EM_ANDAMENTO,oL7hsYWGfH,4f1e7a19
Thu Jan  1 18:22:32 2026,3322000000,EM_ANDAMENTO,39XtnmtxPoTK,3dc4606a
Thu Jan  1 18:22:33 2026,3322500000,EM_ANDAMENTO,J,5efe2fba
Thu Jan  1 18:22:35 2026,3323000000,EM_ANDAMENTO,LlU5H6ma,3626f301
Thu Jan  1 18:22:37 2026,3323500000,EM_ANDAMENTO,qBiSB,36cb194f
Thu Jan  1 18:22:38 2026,3324000000,EM_ANDAMENTO,3ac,21f505a8
Thu Jan  1 18:22:40 2026,3324500000,EM_ANDAMENTO,LovdgpQU,bc070ba3
Thu Jan  1 18:22:41 2026,3325000000,EM_ANDAMENTO,50xCrfnx,52d1e8e5
Thu Jan  1 18:22:44 2026,3325500000,EM_ANDAMENTO,IvuUCOPBnb,0e3ead48
Thu Jan  1 18:22:45 2026,3326000000,EM_ANDAMENTO,d6VUhnr,ba5f02ff
Thu Jan  1 18:22:47 2026,3326500000,EM_ANDAMENTO,ja1sP,08137d12
Thu Jan  1 18:22:49 2026,3327000000,EM_ANDAMENTO,yxwja83,ff68dd57
Thu Jan  1 18:22:50 2026,3327500000,EM_ANDAMENTO,lNtEFBcDVZ,f75bcab4
Thu Jan  1 18:22:52 2026,3328000000,EM_ANDAMENTO,4W7U,8d6671d3
Thu Jan  1 18:22:54 2026,3328500000,EM_ANDAMENTO,yaTBV,01b91484
Thu Jan  1 18:22:55 2026,3329000000,EM_ANDAMENTO,k,ac20c833
Thu Jan  1 18:22:57 2026,3329500000,EM_ANDAMENTO,NskCWMI,33a7a898
Thu Jan  1 18:22:58 2026,3330000000,EM_ANDAMENTO,sgDeWSxJEQWo,00f9cedd
Thu Jan  1 18:23:00 2026,3330500000,EM_ANDAMENTO,4,f7275a1e
Thu Jan  1 18:23:02 2026,3331000000,EM_ANDAMENTO,sUIgg4bHAy,d3ed49fa
Thu Jan  1 18:23:03 2026,3331500000,EM_ANDAMENTO,LRDHDb9XX,6d92ae83
Thu Jan  1 18:23:05 2026,3332000000,EM_ANDAMENTO,lC8bG,3f841adb
Thu Jan  1 18:23:07 2026,3332500000,EM_ANDAMENTO,483G7V,78592df0
Thu Jan  1 18:23:08 2026,3333000000,EM_ANDAMENTO,9wvL,a663bbb2
Thu Jan  1 18:23:10 2026,3333500000,EM_ANDAMENTO,11jMaW8HiH,fe756004
Thu Jan  1 18:23:11 2026,3334000000,EM_ANDAMENTO,XdiHUfd8Jb,e1e59fe2
Thu Jan  1 18:23:13 2026,3334500000,EM_ANDAMENTO,HsheRfNn0R,9e38a48d
Thu Jan  1 18:23:15 2026,3335000000,EM_ANDAMENTO,lgSHLEADXVv,0398f80e
Thu Jan  1 18:23:16 2026,3335500000,EM_ANDAMENTO,zVpy,0b97311a
Thu Jan  1 18:23:18 2026,3336000000,EM_ANDAMENTO,IOQthJujg,02b33cb5
Thu Jan  1 18:23:20 2026,3336500000,EM_ANDAMENTO,Ok9,6c5e4812
Thu Jan  1 18:23:21 2026,3337000000,EM_ANDAMENTO,ZOMFqBp,0aecf724
Thu Jan  1 18:23:23 2026,3337500000,EM_ANDAMENTO,XbllNG,808ec277
Thu Jan  1 18:23:25 2026,3338000000,EM_ANDAMENTO,BkC,e549683a
Thu Jan  1 18:23:26 2026,3338500000,EM_ANDAMENTO,J0q,9cb9e94a
Thu Jan  1 18:23:28 2026,3339000000,EM_ANDAMENTO,d3Dklrx,d37a0875
Thu Jan  1 18:23:29 2026,3339500000,EM_ANDAMENTO,HFlBTX68w,e516a576
Thu Jan  1 18:23:31 2026,3340000000,EM_ANDAMENTO,HSZQRl,2d3b1128
Thu Jan  1 18:23:33 2026,3340500000,EM_ANDAMENTO,0Xv7,b1df7dee
Thu Jan  1 18:23:34 2026,3341000000,EM_ANDAMENTO,Kr7SiQxRjVn,69b226ad
Thu Jan  1 18:23:36 2026,3341500000,EM_ANDAMENTO,F,a2c949bf
Thu Jan  1 18:23:38 2026,3342000000,EM_ANDAMENTO,qhOK9FfubQ,3360ff1c
Thu Jan  1 18:23:39 2026,3342500000,EM_ANDAMENTO,OBEGrMw,ad741fb2
Thu Jan  1 18:23:41 2026,3343000000,EM_ANDAMENTO,UWNmal8Lrpu,10b440ed
Thu Jan  1 18:23:42 2026,3343500000,EM_ANDAMENTO,ucbx8l,262380c4
Thu Jan  1 18:23:44 2026,3344000000,EM_ANDAMENTO,kK4b,0c4999c1
Thu Jan  1 18:23:46 2026,3344500000,EM_ANDAMENTO,2q,e3e0872d
Thu Jan  1 18:23:47 2026,3345000000,EM_ANDAMENTO,Kqao3jK3,cb9b79c4
Thu Jan  1 18:23:49 2026,3345500000,EM_ANDAMENTO,SStc3HInKrp,7f8b91ee
Thu Jan  1 18:23:51 2026,3346000000,EM_ANDAMENTO,qy4AV,7181eae5
Thu Jan  1 18:23:52 2026,3346500000,EM_ANDAMENTO,DAuH2H6,b8fc245f
Thu Jan  1 18:23:54 2026,3347000000,EM_ANDAMENTO,l1kW,7f32823e
Thu Jan  1 18:23:55 2026,3347500000,EM_ANDAMENTO,5CkT,f8191487
Thu Jan  1 18:23:57 2026,3348000000,EM_ANDAMENTO,FN,d03124f0
Thu Jan  1 18:23:59 2026,3348500000,EM_ANDAMENTO,Q7,fd79511e
Thu Jan  1 18:24:00 2026,3349000000,EM_ANDAMENTO,K,58a8694c
Thu Jan  1 18:24:02 2026,3349500000,EM_ANDAMENTO,d,5943bb0f
Thu Jan  1 18:24:03 2026,3350000000,EM_ANDAMENTO,UBzCT1OwJ39b,739a8768
Thu Jan  1 18:24:05 2026,3350500000,EM_ANDAMENTO,8kgcPqzvYe,70211a28
Thu Jan  1 18:24:07 2026,3351000000,EM_ANDAMENTO,aJKkcW37j7,cccbe588
Thu Jan  1 18:24:11 2026,3351500000,EM_ANDAMENTO,iuh,05ab6e21
Thu Jan  1 18:24:14 2026,3352000000,EM_ANDAMENTO,IRw,762ab4d1
Thu Jan  1 18:24:16 2026,3352500000,EM_ANDAMENTO,q68Cfx84o,696f171b
Thu Jan  1 18:24:19 2026,3353000000,EM_ANDAMENTO,A,a5ba3aee
Thu Jan  1 18:24:21 2026,3353500000,EM_ANDAMENTO,2UoJcVngvuyY,adf834d7
Thu Jan  1 18:24:24 2026,3354000000,EM_ANDAMENTO,Pbt,c2921bf5
Thu Jan  1 18:24:26 2026,3354500000,EM_ANDAMENTO,pm2uLXZ,5d2b4fbd
Thu Jan  1 18:24:29 2026,3355000000,EM_ANDAMENTO,g,7a529e89
Thu Jan  1 18:24:31 2026,3355500000,EM_ANDAMENTO,GEuJywFkPjPZ,639229ca
Thu Jan  1 18:24:34 2026,3356000000,EM_ANDAMENTO,U8OgIwT03,4d933d1c
Thu Jan  1 18:24:36 2026,3356500000,EM_ANDAMENTO,ZMA6,0ffaf0a5
Thu Jan  1 18:24:39 2026,3357000000,EM_ANDAMENTO,Cz6Q6BSYZ,48180739
Thu Jan  1 18:24:41 2026,3357500000,EM_ANDAMENTO,fOEo,b0d63964
Thu Jan  1 18:24:44 2026,3358000000,EM_ANDAMENTO,8lqBC8B,d39964ee
Thu Jan  1 18:24:46 2026,3358500000,EM_ANDAMENTO,EcOddMqox3Xf,c9f68a51
Thu Jan  1 18:24:49 2026,3359000000,EM_ANDAMENTO,bqZi,8677dad6
Thu Jan  1 18:24:51 2026,3359500000,EM_ANDAMENTO,ns862l1Bpm,6da7931d
Thu Jan  1 18:24:54 2026,3360000000,EM_ANDAMENTO,UO8BQ13,785f1fee
Thu Jan  1 18:24:56 2026,3360500000,EM_ANDAMENTO,K,58a8694c
Thu Jan  1 18:24:59 2026,3361000000,EM_ANDAMENTO,ZnhqjSXRXsT,36a5681b
Thu Jan  1 18:25:02 2026,3361500000,EM_ANDAMENTO,PbVuCX,a7104a59
Thu Jan  1 18:25:05 2026,3362000000,EM_ANDAMENTO,z9hFouy2FnI,2e2e618e
Thu Jan  1 18:25:07 2026,3362500000,EM_ANDAMENTO,JKl6,ac393330
Thu Jan  1 18:25:10 2026,3363000000,EM_ANDAMENTO,gFUmF,a96cb4c6
Thu Jan  1 18:25:12 2026,3363500000,EM_ANDAMENTO,d,5943bb0f
Thu Jan  1 18:25:15 2026,3364000000,EM_ANDAMENTO,vkt09hE,f15abc1f
Thu Jan  1 18:25:17 2026,3364500000,EM_ANDAMENTO,1B,73f3f7a0
Thu Jan  1 18:25:20 2026,3365000000,EM_ANDAMENTO,REHb3SbWUP,921c683d
Thu Jan  1 18:25:22 2026,3365500000,EM_ANDAMENTO,9rjELS,8815a0af
Thu Jan  1 18:25:25 2026,3366000000,EM_ANDAMENTO,yw,349579c4
Thu Jan  1 18:25:27 2026,3366500000,EM_ANDAMENTO,tIzbc2,4c0e795f
Thu Jan  1 18:25:30 2026,3367000000,EM_ANDAMENTO,S,9934d41d
Thu Jan  1 18:25:32 2026,3367500000,EM_ANDAMENTO,f8lyUbldCgd,b9cea3af
Thu Jan  1 18:25:36 2026,3368000000,EM_ANDAMENTO,Yea,497c79ef
Thu Jan  1 18:25:39 2026,3368500000,EM_ANDAMENTO,Yv3yEueO0k,b40100dc
Thu Jan  1 18:25:42 2026,3369000000,EM_ANDAMENTO,3QXDov,cda76b0b
Thu Jan  1 18:25:44 2026,3369500000,EM_ANDAMENTO,r,95434212
Thu Jan  1 18:25:46 2026,3370000000,EM_ANDAMENTO,JX8kp,3d559310
Thu Jan  1 18:25:47 2026,3370500000,EM_ANDAMENTO,BDbN7,08843158
Thu Jan  1 18:25:49 2026,3371000000,EM_ANDAMENTO,YFEeApuNgn,05d0648c
Thu Jan  1 18:25:51 2026,3371500000,EM_ANDAMENTO,xaVchDQ,793f4f8e
Thu Jan  1 18:25:53 2026,3372000000,EM_ANDAMENTO,Td,4e4f4c86
Thu Jan  1 18:25:54 2026,3372500000,EM_ANDAMENTO,Tb2kT4d,f469a9c3
Thu Jan  1 18:25:56 2026,3373000000,EM_ANDAMENTO,HlWKcQvmC,20c360d8
Thu Jan  1 18:25:58 2026,3373500000,EM_ANDAMENTO,oBrdZY,c50ba7cb
Thu Jan  1 18:25:59 2026,3374000000,EM_ANDAMENTO,A9UymMBCp,61d95627
Thu Jan  1 18:26:01 2026,3374500000,EM_ANDAMENTO,vXMsvNiPuz,1d1a90fc
Thu Jan  1 18:26:03 2026,3375000000,EM_ANDAMENTO,1CaEmhpuuVSq,5be5b4a2
Thu Jan  1 18:26:04 2026,3375500000,EM_ANDAMENTO,Ypl,3fa0a0c8
Thu Jan  1 18:26:06 2026,3376000000,EM_ANDAMENTO,UzbMkzGH71,db5da419
Thu Jan  1 18:26:08 2026,3376500000,EM_ANDAMENTO,9,d8ef0690
Thu Jan  1 18:26:09 2026,3377000000,EM_ANDAMENTO,E,9e677faf
Thu Jan  1 18:26:11 2026,3377500000,EM_ANDAMENTO,BP8k0rB,2a0009e1
Thu Jan  1 18:26:13 2026,3378000000,EM_ANDAMENTO,Ma2GeP6d8N,f51f32e5
Thu Jan  1 18:26:14 2026,3378500000,EM_ANDAMENTO,gy9FW2,90238caa
Thu Jan  1 18:26:16 2026,3379000000,EM_ANDAMENTO,6bxcijjFv,0e50e177
Thu Jan  1 18:26:18 2026,3379500000,EM_ANDAMENTO,O5lObB,e5de6b33
Thu Jan  1 18:26:19 2026,3380000000,EM_ANDAMENTO,Ji0,7c6fe791
Thu Jan  1 18:26:21 2026,3380500000,EM_ANDAMENTO,u8Y33cvv,595c983a
Thu Jan  1 18:26:23 2026,3381000000,EM_ANDAMENTO,C7pwu0I,8346007e
Thu Jan  1 18:26:24 2026,3381500000,EM_ANDAMENTO,O7Q5iZc3i1S,be17b07e
Thu Jan  1 18:26:26 2026,3382000000,EM_ANDAMENTO,LwGS6n,8c695733
Thu Jan  1 18:26:28 2026,3382500000,EM_ANDAMENTO,3,0a7fddc2
Thu Jan  1 18:26:29 2026,3383000000,EM_ANDAMENTO,Xqs,43bad911
Thu Jan  1 18:26:31 2026,3383500000,EM_ANDAMENTO,OqGp,33bec071
Thu Jan  1 18:26:33 2026,3384000000,EM_ANDAMENTO,9Iu2,1cff8408
Thu Jan  1 18:26:34 2026,3384500000,EM_ANDAMENTO,XKv5L0lqYAnq,fae28734
Thu Jan  1 18:26:36 2026,3385000000,EM_ANDAMENTO,JBKl6o50n,7e8231e2
Thu Jan  1 18:26:38 2026,3385500000,EM_ANDAMENTO,O4g8GGDzb1,b049e8dd
Thu Jan  1 18:26:39 2026,3386000000,EM_ANDAMENTO,h0W6Hndq,462759b5
Thu Jan  1 18:26:41 2026,3386500000,EM_ANDAMENTO,1Ni8W3Eigwk,e0395327
Thu Jan  1 18:26:42 2026,3387000000,EM_ANDAMENTO,kkAivPLO,6995196e
Thu Jan  1 18:26:44 2026,3387500000,EM_ANDAMENTO,O1K7,8d3f4f0a
Thu Jan  1 18:26:46 2026,3388000000,EM_ANDAMENTO,S5RBh,9e96a598
Thu Jan  1 18:26:47 2026,3388500000,EM_ANDAMENTO,cuIBvntb560S,3f63ab9a
Thu Jan  1 18:26:49 2026,3389000000,EM_ANDAMENTO,5ZaAko4a,4ab0792f
Thu Jan  1 18:26:51 2026,3389500000,EM_ANDAMENTO,TYvtZq2,1e9211ac
Thu Jan  1 18:26:52 2026,3390000000,EM_ANDAMENTO,tig,3bac1e55
Thu Jan  1 18:26:54 2026,3390500000,EM_ANDAMENTO,5,b485d77f
Thu Jan  1 18:26:56 2026,3391000000,EM_ANDAMENTO,4,f7275a1e
Thu Jan  1 18:26:57 2026,3391500000,EM_ANDAMENTO,vitu5,4222962e
Thu Jan  1 18:26:59 2026,3392000000,EM_ANDAMENTO,F4cRvh3c,888647d8
Thu Jan  1 18:27:01 2026,3392500000,EM_ANDAMENTO,gc9Mt2C2Nxqk,09efda09
Thu Jan  1 18:27:02 2026,3393000000,EM_ANDAMENTO,tXNcXLi,ce46f6b9
Thu Jan  1 18:27:04 2026,3393500000,EM_ANDAMENTO,aBtX,38680000
Thu Jan  1 18:27:06 2026,3394000000,EM_ANDAMENTO,kRc17qU,eabbd4c8
Thu Jan  1 18:27:07 2026,3394500000,EM_ANDAMENTO,yd0UgD,6807ec2d
Thu Jan  1 18:27:09 2026,3395000000,EM_ANDAMENTO,Alr4cD,a6018903
Thu Jan  1 18:27:11 2026,3395500000,EM_ANDAMENTO,vwG,28c16a32
Thu Jan  1 18:27:12 2026,3396000000,EM_ANDAMENTO,4T3zTDQ27j,42ef93e1
Thu Jan  1 18:27:14 2026,3396500000,EM_ANDAMENTO,WP7839CvOjVG,aeb1823c
Thu Jan  1 18:27:16 2026,3397000000,EM_ANDAMENTO,id9fkNA,074fd9d0
Thu Jan  1 18:27:17 2026,3397500000,EM_ANDAMENTO,GVdHY4BKh8,ab46b5c7
Thu Jan  1 18:27:19 2026,3398000000,EM_ANDAMENTO,Ys5,e771471a
Thu Jan  1 18:27:21 2026,3398500000,EM_ANDAMENTO,ygoGUKdIb,33499737
Thu Jan  1 18:27:22 2026,3399000000,EM_ANDAMENTO,7PT,1bca2e3d
Thu Jan  1 18:27:24 2026,3399500000,EM_ANDAMENTO,KbffQnW,c53a1813
Thu Jan  1 18:27:26 2026,3400000000,EM_ANDAMENTO,xuvn3ddb3bz,31b566fe
Thu Jan  1 18:27:28 2026,3400500000,EM_ANDAMENTO,7FY230,4299eaf0
Thu Jan  1 18:27:29 2026,3401000000,EM_ANDAMENTO,8FKEIAg,2bf29884
Thu Jan  1 18:27:31 2026,3401500000,EM_ANDAMENTO,IsCn7vcl,f3b406b3
Thu Jan  1 18:27:33 2026,3402000000,EM_ANDAMENTO,SX86jA8W,70a851c5
Thu Jan  1 18:27:34 2026,3402500000,EM_ANDAMENTO,7zYll9xr6,23f9b259
Thu Jan  1 18:27:36 2026,3403000000,EM_ANDAMENTO,i7qH,13329547
Thu Jan  1 18:27:38 2026,3403500000,EM_ANDAMENTO,G8wG0EXHLtQF,5f881114
Thu Jan  1 18:27:39 2026,3404000000,EM_ANDAMENTO,AxCBV8,cc5ed9d1
Thu Jan  1 18:27:41 2026,3404500000,EM_ANDAMENTO,xKIi,2f4c117a
Thu Jan  1 18:27:43 2026,3405000000,EM_ANDAMENTO,Jqo,f28a8341
Thu Jan  1 18:27:44 2026,3405500000,EM_ANDAMENTO,7I4SlvrE,3849897b
Thu Jan  1 18:27:46 2026,3406000000,EM_ANDAMENTO,VLzMImog,f9e18bf0
Thu Jan  1 18:27:48 2026,3406500000,EM_ANDAMENTO,cSSidbxlgTl,c3a38455
Thu Jan  1 18:27:49 2026,3407000000,EM_ANDAMENTO,8Obei9tQK,88f4ee9a
Thu Jan  1 18:27:51 2026,3407500000,EM_ANDAMENTO,z,bb66897e
Thu Jan  1 18:27:53 2026,3408000000,EM_ANDAMENTO,B8,ac4a538b
Thu Jan  1 18:27:54 2026,3408500000,EM_ANDAMENTO,JKbmalbZQQ6,beae2b1f
Thu Jan  1 18:27:56 2026,3409000000,EM_ANDAMENTO,a23mNyimIj,1fbdbca7
Thu Jan  1 18:27:58 2026,3409500000,EM_ANDAMENTO,UxCteqjh,9d3ba99b
Thu Jan  1 18:27:59 2026,3410000000,EM_ANDAMENTO,T,9dd7847b
Thu Jan  1 18:28:01 2026,3410500000,EM_ANDAMENTO,LjCCB0KY3U,1209641d
Thu Jan  1 18:28:03 2026,3411000000,EM_ANDAMENTO,R,613edcc8
Thu Jan  1 18:28:04 2026,3411500000,EM_ANDAMENTO,IuJetL,40ee0bf4
Thu Jan  1 18:28:06 2026,3412000000,EM_ANDAMENTO,w0IBtsWZ1LlO,d1a1ffb6
Thu Jan  1 18:28:08 2026,3412500000,EM_ANDAMENTO,d0VAM3,b7951eb7
Thu Jan  1 18:28:09 2026,3413000000,EM_ANDAMENTO,WPm8NH,90205e60
Thu Jan  1 18:28:11 2026,3413500000,EM_ANDAMENTO,i,78ac692a
Thu Jan  1 18:28:13 2026,3414000000,EM_ANDAMENTO,tK2CqIep,8013a8e4
Thu Jan  1 18:28:14 2026,3414500000,EM_ANDAMENTO,YQp4h0Kt9Q0w,0a762c15
Thu Jan  1 18:28:16 2026,3415000000,EM_ANDAMENTO,kUUKYSWcLg,fc507538
Thu Jan  1 18:28:18 2026,3415500000,EM_ANDAMENTO,DVfM5UjsY,3d5f3fc5
Thu Jan  1 18:28:19 2026,3416000000,EM_ANDAMENTO,TRBRLOPhI,8a10e119
Thu Jan  1 18:28:21 2026,3416500000,EM_ANDAMENTO,zxTldHxIhC,b9f17b47
Thu Jan  1 18:28:23 2026,3417000000,EM_ANDAMENTO,8mt,9a41475e
Thu Jan  1 18:28:24 2026,3417500000,EM_ANDAMENTO,yCu,409fcbbd
Thu Jan  1 18:28:26 2026,3418000000,EM_ANDAMENTO,jrxVG8jRJ,93117beb
Thu Jan  1 18:28:28 2026,3418500000,EM_ANDAMENTO,6RIkKTifV,b1ff116e
Thu Jan  1 18:28:29 2026,3419000000,EM_ANDAMENTO,IQJi2vNsBtGk,108553f9
Thu Jan  1 18:28:31 2026,3419500000,EM_ANDAMENTO,5Jqv9mnS,8c3d98e2
Thu Jan  1 18:28:33 2026,3420000000,EM_ANDAMENTO,Wl,38c7868c
Thu Jan  1 18:28:34 2026,3420500000,EM_ANDAMENTO,ffs9g6qRAs,eeee0d9d
Thu Jan  1 18:28:36 2026,3421000000,EM_ANDAMENTO,Fo,a552680e
Thu Jan  1 18:28:38 2026,3421500000,EM_ANDAMENTO,FTHLdL,961fc649
Thu Jan  1 18:28:40 2026,3422000000,EM_ANDAMENTO,NkXsfdP,0377547b
Thu Jan  1 18:28:42 2026,3422500000,EM_ANDAMENTO,zIMp,829026f0
Thu Jan  1 18:28:43 2026,3423000000,EM_ANDAMENTO,LAQEWZ6jzw,f361ecc3
Thu Jan  1 18:28:45 2026,3423500000,EM_ANDAMENTO,6tpK89,46c4d556
Thu Jan  1 18:28:46 2026,3424000000,EM_ANDAMENTO,5ow2YRE,41e335e2
Thu Jan  1 18:28:48 2026,3424500000,EM_ANDAMENTO,U,286668ef
Thu Jan  1 18:28:50 2026,3425000000,EM_ANDAMENTO,vTVc3W1,b408da62
Thu Jan  1 18:28:51 2026,3425500000,EM_ANDAMENTO,onF,89e4fd08
Thu Jan  1 18:28:53 2026,3426000000,EM_ANDAMENTO,wn,51f7548d
Thu Jan  1 18:28:55 2026,3426500000,EM_ANDAMENTO,cxMPzVis8MT,db676d47
Thu Jan  1 18:28:57 2026,3427000000,EM_ANDAMENTO,ThHhHd0B,117664f0
Thu Jan  1 18:28:58 2026,3427500000,EM_ANDAMENTO,ny2C,52c49fd3
Thu Jan  1 18:29:00 2026,3428000000,EM_ANDAMENTO,0owRnyYDeC,a48ac2e2
Thu Jan  1 18:29:02 2026,3428500000,EM_ANDAMENTO,1xEvTl7L4e,fa0c1864
Thu Jan  1 18:29:03 2026,3429000000,EM_ANDAMENTO,Btu9C8,5d6e6eb4
Thu Jan  1 18:29:05 2026,3429500000,EM_ANDAMENTO,YzP,6c42a25e
Thu Jan  1 18:29:06 2026,3430000000,EM_ANDAMENTO,hbxk,33d7665e
Thu Jan  1 18:29:08 2026,3430500000,EM_ANDAMENTO,Ojjp4TLQsV0,e2e9ee61
Thu Jan  1 18:29:10 2026,3431000000,EM_ANDAMENTO,CMpkeas4,2e9aefc8
Thu Jan  1 18:29:11 2026,3431500000,EM_ANDAMENTO,2XBdZL2Y9,8eb32447
Thu Jan  1 18:29:13 2026,3432000000,EM_ANDAMENTO,Vs,6159ce3f
Thu Jan  1 18:29:15 2026,3432500000,EM_ANDAMENTO,UiXvCKPAicj2,82afbcc3
Thu Jan  1 18:29:17 2026,3433000000,EM_ANDAMENTO,1h1e2f9l3afc,4e511ddf
Thu Jan  1 18:29:18 2026,3433500000,EM_ANDAMENTO,ahcESlGZ5O,3acb5f48
Thu Jan  1 18:29:20 2026,3434000000,EM_ANDAMENTO,jreXoeRmIB,335f9f0e
Thu Jan  1 18:29:22 2026,3434500000,EM_ANDAMENTO,tv1cLe0o,3a8a1959
Thu Jan  1 18:29:23 2026,3435000000,EM_ANDAMENTO,k0sJ0Ri,46c787df
Thu Jan  1 18:29:25 2026,3435500000,EM_ANDAMENTO,HOu,635fdc83
Thu Jan  1 18:29:27 2026,3436000000,EM_ANDAMENTO,N9BrChwSg,260a6a87
Thu Jan  1 18:29:29 2026,3436500000,EM_ANDAMENTO,Wqn,1ec0b0ba
Thu Jan  1 18:29:30 2026,3437000000,EM_ANDAMENTO,DeL9BQJ,a8f98eb6
Thu Jan  1 18:29:32 2026,3437500000,EM_ANDAMENTO,uf8CvSPnU,282fcadc
Thu Jan  1 18:29:33 2026,3438000000,EM_ANDAMENTO,Bgl,1864be80
Thu Jan  1 18:29:35 2026,3438500000,EM_ANDAMENTO,j3B,76a58810
Thu Jan  1 18:29:37 2026,3439000000,EM_ANDAMENTO,J4N1EUHxj,22653ab2
Thu Jan  1 18:29:38 2026,3439500000,EM_ANDAMENTO,vxVspgLF,839a01b7
Thu Jan  1 18:29:40 2026,3440000000,EM_ANDAMENTO,UOg0P,e872f00d
Thu Jan  1 18:29:42 2026,3440500000,EM_ANDAMENTO,wR9vrPHeMTq,4f2364a5
Thu Jan  1 18:29:43 2026,3441000000,EM_ANDAMENTO,P8,8b353fd5
Thu Jan  1 18:29:45 2026,3441500000,EM_ANDAMENTO,3nMe,d4e4cabb
Thu Jan  1 18:29:47 2026,3442000000,EM_ANDAMENTO,liK9B1kR,2821d938
Thu Jan  1 18:29:49 2026,3442500000,EM_ANDAMENTO,YqJI,0b7dc560
Thu Jan  1 18:29:51 2026,3443000000,EM_ANDAMENTO,zSoR,3843f6bd
Thu Jan  1 18:29:52 2026,3443500000,EM_ANDAMENTO,I0oK9GhLr3fH,453a919c
Thu Jan  1 18:29:54 2026,3444000000,EM_ANDAMENTO,j,60e284f4
Thu Jan  1 18:29:56 2026,3444500000,EM_ANDAMENTO,c2wwqZE9fLM,4625787f
Thu Jan  1 18:29:57 2026,3445000000,EM_ANDAMENTO,TNZeZMC,1b1912fe
Thu Jan  1 18:29:59 2026,3445500000,EM_ANDAMENTO,P,eab44804
Thu Jan  1 18:30:01 2026,3446000000,EM_ANDAMENTO,G,81ca32e5
Thu Jan  1 18:30:03 2026,3446500000,EM_ANDAMENTO,hg,04f3d662
Thu Jan  1 18:30:04 2026,3447000000,EM_ANDAMENTO,Dr5VAWmVA,842e8abf
Thu Jan  1 18:30:06 2026,3447500000,EM_ANDAMENTO,pSYcNvh,421ba5fe
Thu Jan  1 18:30:07 2026,3448000000,EM_ANDAMENTO,LNGU1cnp,fa78bf39
Thu Jan  1 18:30:09 2026,3448500000,EM_ANDAMENTO,9FSdSCn,ae400ec5
Thu Jan  1 18:30:11 2026,3449000000,EM_ANDAMENTO,KnQBQeIdD,f95d4054
Thu Jan  1 18:30:12 2026,3449500000,EM_ANDAMENTO,3jdDqwphiFmo,6ca91e07
Thu Jan  1 18:30:14 2026,3450000000,EM_ANDAMENTO,1OljY,b12ca720
Thu Jan  1 18:30:16 2026,3450500000,EM_ANDAMENTO,1n8I,6494cd39
Thu Jan  1 18:30:18 2026,3451000000,EM_ANDAMENTO,LsfPki8x,0f33ee6b
Thu Jan  1 18:30:20 2026,3451500000,EM_ANDAMENTO,MePFJS94t,159f361d
Thu Jan  1 18:30:21 2026,3452000000,EM_ANDAMENTO,27kP0,fa8ba79a
Thu Jan  1 18:30:23 2026,3452500000,EM_ANDAMENTO,ntg2J0,a0867cac
Thu Jan  1 18:30:25 2026,3453000000,EM_ANDAMENTO,N7q48EwCV7p,909d02a9
Thu Jan  1 18:30:26 2026,3453500000,EM_ANDAMENTO,4eua774B377Y,6852db25
Thu Jan  1 18:30:28 2026,3454000000,EM_ANDAMENTO,JUcnOfr,437abe34
Thu Jan  1 18:30:30 2026,3454500000,EM_ANDAMENTO,Z4rFM,3b6312f7
Thu Jan  1 18:30:31 2026,3455000000,EM_ANDAMENTO,1ajiQUzT,6a275811
Thu Jan  1 18:30:33 2026,3455500000,EM_ANDAMENTO,3coKbkijJ,652e760d
Thu Jan  1 18:30:35 2026,3456000000,EM_ANDAMENTO,Y8eYfJsCUZ7W,9aed1c56
Thu Jan  1 18:30:37 2026,3456500000,EM_ANDAMENTO,U3y7i46fIaCM,a5b3adcf
Thu Jan  1 18:30:38 2026,3457000000,EM_ANDAMENTO,KXG2azEn37,3453f057
Thu Jan  1 18:30:40 2026,3457500000,EM_ANDAMENTO,C8vv7,df4edd5a
Thu Jan  1 18:30:41 2026,3458000000,EM_ANDAMENTO,kE,c26b974e
Thu Jan  1 18:30:43 2026,3458500000,EM_ANDAMENTO,ocFXTVySfc,9e1d08b3
Thu Jan  1 18:30:45 2026,3459000000,EM_ANDAMENTO,NtC,6ed6dda3
Thu Jan  1 18:30:47 2026,3459500000,EM_ANDAMENTO,DdAC2N,3cfb3972
Thu Jan  1 18:30:48 2026,3460000000,EM_ANDAMENTO,6,21d93093
Thu Jan  1 18:30:50 2026,3460500000,EM_ANDAMENTO,mapTxE1EY,c75f65bf
Thu Jan  1 18:30:52 2026,3461000000,EM_ANDAMENTO,tgssVn,65a9a364
Thu Jan  1 18:30:53 2026,3461500000,EM_ANDAMENTO,jsMxNqYluul,ed6bb5ba
Thu Jan  1 18:30:55 2026,3462000000,EM_ANDAMENTO,QW0bCOH6,e8ec4544
Thu Jan  1 18:30:57 2026,3462500000,EM_ANDAMENTO,cXSEzqj989,1399df33
Thu Jan  1 18:30:58 2026,3463000000,EM_ANDAMENTO,yeyhW79PIQW,3fa3a767
Thu Jan  1 18:31:00 2026,3463500000,EM_ANDAMENTO,iBRkuDnrQO,e2b0f0eb
Thu Jan  1 18:31:01 2026,3464000000,EM_ANDAMENTO,H9,c9da0296
Thu Jan  1 18:31:03 2026,3464500000,EM_ANDAMENTO,2P7q8,1a65902b
Thu Jan  1 18:31:05 2026,3465000000,EM_ANDAMENTO,qr2R,f1f33565
Thu Jan  1 18:31:06 2026,3465500000,EM_ANDAMENTO,FMOhUlFlmvq,a132c049
Thu Jan  1 18:31:08 2026,3466000000,EM_ANDAMENTO,AaF3Q,1af51eda
Thu Jan  1 18:31:10 2026,3466500000,EM_ANDAMENTO,ajUUhs8m8,bed35303
Thu Jan  1 18:31:11 2026,3467000000,EM_ANDAMENTO,5cAUqz2,5372c37b
Thu Jan  1 18:31:13 2026,3467500000,EM_ANDAMENTO,9,d8ef0690
Thu Jan  1 18:31:15 2026,3468000000,EM_ANDAMENTO,4d1Ii,d3106498
Thu Jan  1 18:31:16 2026,3468500000,EM_ANDAMENTO,Jh2McR8,4ec1df77
Thu Jan  1 18:31:18 2026,3469000000,EM_ANDAMENTO,Y6b,58d99291
Thu Jan  1 18:31:20 2026,3469500000,EM_ANDAMENTO,z3k4O5Qt,cc0e1207
Thu Jan  1 18:31:21 2026,3470000000,EM_ANDAMENTO,403p,73778a17
Thu Jan  1 18:31:23 2026,3470500000,EM_ANDAMENTO,qdReiXN,c3fc4021
Thu Jan  1 18:31:25 2026,3471000000,EM_ANDAMENTO,kiaH,0747f39d
Thu Jan  1 18:31:26 2026,3471500000,EM_ANDAMENTO,pYDG8lTu,64734451
Thu Jan  1 18:31:28 2026,3472000000,EM_ANDAMENTO,uThy2cdEus3,8230e085
Thu Jan  1 18:31:30 2026,3472500000,EM_ANDAMENTO,ST0De7dx,4df43120
Thu Jan  1 18:31:31 2026,3473000000,EM_ANDAMENTO,O9j,0c27c45b
Thu Jan  1 18:31:33 2026,3473500000,EM_ANDAMENTO,Vj7UWw,c7aa0c4c
Thu Jan  1 18:31:35 2026,3474000000,EM_ANDAMENTO,BCZ1pTXxd,2a60e91f
Thu Jan  1 18:31:36 2026,3474500000,EM_ANDAMENTO,n6b,4a8e239a
Thu Jan  1 18:31:38 2026,3475000000,EM_ANDAMENTO,vP1,f4b6edb9
Thu Jan  1 18:31:40 2026,3475500000,EM_ANDAMENTO,Fgy3jNRDvwm,a08ecc03
Thu Jan  1 18:31:42 2026,3476000000,EM_ANDAMENTO,3lrfBPc,f045df3d
Thu Jan  1 18:31:43 2026,3476500000,EM_ANDAMENTO,gc,727ba9d2
Thu Jan  1 18:31:45 2026,3477000000,EM_ANDAMENTO,b,f0ffa343
Thu Jan  1 18:31:47 2026,3477500000,EM_ANDAMENTO,KtSviCpNP,80e40bca
Thu Jan  1 18:31:48 2026,3478000000,EM_ANDAMENTO,OOQE,0c87ca22
Thu Jan  1 18:31:50 2026,3478500000,EM_ANDAMENTO,g5hqQe,df65401b
Thu Jan  1 18:31:52 2026,3479000000,EM_ANDAMENTO,q5h,a484e218
Thu Jan  1 18:31:53 2026,3479500000,EM_ANDAMENTO,MhuEN,58dc10cc
Thu Jan  1 18:31:55 2026,3480000000,EM_ANDAMENTO,CETaq15z7CQ,0febe008
Thu Jan  1 18:31:57 2026,3480500000,EM_ANDAMENTO,gVE9,d1bd96a5
Thu Jan  1 18:31:58 2026,3481000000,EM_ANDAMENTO,bHa7OIXN4rPF,fcfb2d2f
Thu Jan  1 18:32:00 2026,3481500000,EM_ANDAMENTO,HohxFgtH,47bd6abd
Thu Jan  1 18:32:02 2026,3482000000,EM_ANDAMENTO,CIevQMHE6D8,a146b9ed
Thu Jan  1 18:32:03 2026,3482500000,EM_ANDAMENTO,CUQ8ky,26b22df3
Thu Jan  1 18:32:05 2026,3483000000,EM_ANDAMENTO,tqGxulU,2b2d7213
Thu Jan  1 18:32:07 2026,3483500000,EM_ANDAMENTO,JM,b55ccaea
Thu Jan  1 18:32:08 2026,3484000000,EM_ANDAMENTO,V5Y,cf8b7b1d
Thu Jan  1 18:32:10 2026,3484500000,EM_ANDAMENTO,oowSrp31cb,94e9dc74
Thu Jan  1 18:32:12 2026,3485000000,EM_ANDAMENTO,2,4e9e3870
Thu Jan  1 18:32:13 2026,3485500000,EM_ANDAMENTO,55GWVU71,0cb08609
Thu Jan  1 18:32:15 2026,3486000000,EM_ANDAMENTO,RRpi,d948cf6f
Thu Jan  1 18:32:17 2026,3486500000,EM_ANDAMENTO,HcdDo,eabf212c
Thu Jan  1 18:32:18 2026,3487000000,EM_ANDAMENTO,OGtzWV6XJK,dd8e777c
Thu Jan  1 18:32:20 2026,3487500000,EM_ANDAMENTO,Lk,6d15e95c
Thu Jan  1 18:32:22 2026,3488000000,EM_ANDAMENTO,9HIRik5I,f60eb654
Thu Jan  1 18:32:23 2026,3488500000,EM_ANDAMENTO,E234fk51bM,fa0b1fdc
Thu Jan  1 18:32:25 2026,3489000000,EM_ANDAMENTO,S,9934d41d
Thu Jan  1 18:32:27 2026,3489500000,EM_ANDAMENTO,V,55360b71
Thu Jan  1 18:32:28 2026,3490000000,EM_ANDAMENTO,kIKdUD45g,c18c9e00
Thu Jan  1 18:32:30 2026,3490500000,EM_ANDAMENTO,qY1Cxm9Oyw,630d3adc
Thu Jan  1 18:32:32 2026,3491000000,EM_ANDAMENTO,6q2kAToE,d2a6d521
Thu Jan  1 18:32:33 2026,3491500000,EM_ANDAMENTO,95Mvm1x3Mv,4393ce7f
Thu Jan  1 18:32:35 2026,3492000000,EM_ANDAMENTO,j0Ai9OtqWQ,38d0590b
Thu Jan  1 18:32:37 2026,3492500000,EM_ANDAMENTO,5uAbKu3liHK,abdfe975
Thu Jan  1 18:32:38 2026,3493000000,EM_ANDAMENTO,tlSq,75733dc4
Thu Jan  1 18:32:40 2026,3493500000,EM_ANDAMENTO,DGHSAVB,fd3a5771
Thu Jan  1 18:32:41 2026,3494000000,EM_ANDAMENTO,F6jfc6,c62ed6f4
Thu Jan  1 18:32:43 2026,3494500000,EM_ANDAMENTO,Zrk4jzmqheYN,c2b9b35a
Thu Jan  1 18:32:45 2026,3495000000,EM_ANDAMENTO,e1a5owR6qAA,dee0a4de
Thu Jan  1 18:32:46 2026,3495500000,EM_ANDAMENTO,tC,e51c3f12
Thu Jan  1 18:32:48 2026,3496000000,EM_ANDAMENTO,oA3lrP5l,47c31915
Thu Jan  1 18:32:50 2026,3496500000,EM_ANDAMENTO,RSOueesgcwMd,92950181
Thu Jan  1 18:32:51 2026,3497000000,EM_ANDAMENTO,yXV4mOmdrHSD,c674903d
Thu Jan  1 18:32:53 2026,3497500000,EM_ANDAMENTO,QnlH,1f40e279
Thu Jan  1 18:32:55 2026,3498000000,EM_ANDAMENTO,e896iA7K,9ee38451
Thu Jan  1 18:32:56 2026,3498500000,EM_ANDAMENTO,DRF6eko,1e24f09e
Thu Jan  1 18:32:58 2026,3499000000,EM_ANDAMENTO,z2,a6a3e294
Thu Jan  1 18:33:00 2026,3499500000,EM_ANDAMENTO,AygA6fZyk,4bf7ebd8
Thu Jan  1 18:33:01 2026,3500000000,EM_ANDAMENTO,BT45f4J6nRj,e293b490
Thu Jan  1 18:33:03 2026,3500500000,EM_ANDAMENTO,lakxFpeO89ZV,a75eee98
Thu Jan  1 18:33:05 2026,3501000000,EM_ANDAMENTO,Kd,8fa73e27
Thu Jan  1 18:33:06 2026,3501500000,EM_ANDAMENTO,QQx7V21Zhw,7af7e16b
Thu Jan  1 18:33:08 2026,3502000000,EM_ANDAMENTO,0ZCh1,4b5cd076
Thu Jan  1 18:33:10 2026,3502500000,EM_ANDAMENTO,1jGLo2ohp8a,4bb76e6f
Thu Jan  1 18:33:11 2026,3503000000,EM_ANDAMENTO,Pfc3P,7341c48b
Thu Jan  1 18:33:13 2026,3503500000,EM_ANDAMENTO,Iy7a,16718baf
Thu Jan  1 18:33:15 2026,3504000000,EM_ANDAMENTO,b64MuFs5LeS,7bb3b0eb
Thu Jan  1 18:33:17 2026,3504500000,EM_ANDAMENTO,3Jo9kL4,8507db03
Thu Jan  1 18:33:20 2026,3505000000,EM_ANDAMENTO,BBiQZkw9xNir,41758bee
Thu Jan  1 18:33:22 2026,3505500000,EM_ANDAMENTO,9rVt,0d7645db
Thu Jan  1 18:33:25 2026,3506000000,EM_ANDAMENTO,Rhxu2F,40ea1b9d
Thu Jan  1 18:33:27 2026,3506500000,EM_ANDAMENTO,EaLa2gK,cfa5f7cd
Thu Jan  1 18:33:30 2026,3507000000,EM_ANDAMENTO,7gn1SDE,ebd6a2bb
Thu Jan  1 18:33:32 2026,3507500000,EM_ANDAMENTO,lbl,515cc469
Thu Jan  1 18:33:35 2026,3508000000,EM_ANDAMENTO,lwfrx3Fji,8b996b87
Thu Jan  1 18:33:37 2026,3508500000,EM_ANDAMENTO,ZR,0dbe3efb
Thu Jan  1 18:33:40 2026,3509000000,EM_ANDAMENTO,CZLrR2cL,a32dc3a4
Thu Jan  1 18:33:42 2026,3509500000,EM_ANDAMENTO,PaTFgL,b942d054
Thu Jan  1 18:33:45 2026,3510000000,EM_ANDAMENTO,zg4J9HAOs,e2570f71
Thu Jan  1 18:33:48 2026,3510500000,EM_ANDAMENTO,726bfkRqtnGN,e2778c28
Thu Jan  1 18:33:50 2026,3511000000,EM_ANDAMENTO,g,7a529e89
Thu Jan  1 18:33:53 2026,3511500000,EM_ANDAMENTO,y7l9aEQOVskG,3af3b34c
Thu Jan  1 18:33:55 2026,3512000000,EM_ANDAMENTO,q6kglOlQ,07e8bdb6
Thu Jan  1 18:33:58 2026,3512500000,EM_ANDAMENTO,bc,57a37507
Thu Jan  1 18:34:01 2026,3513000000,EM_ANDAMENTO,pcIZCS73,44084e4a
Thu Jan  1 18:34:03 2026,3513500000,EM_ANDAMENTO,Rw,62760985
Thu Jan  1 18:34:06 2026,3514000000,EM_ANDAMENTO,rPG,37287969
Thu Jan  1 18:34:08 2026,3514500000,EM_ANDAMENTO,uxUivLIgf,fec97a48
Thu Jan  1 18:34:10 2026,3515000000,EM_ANDAMENTO,Uk8Am6uwa6n,91849860
Thu Jan  1 18:34:13 2026,3515500000,EM_ANDAMENTO,vdYwrnz,b124734d
Thu Jan  1 18:34:16 2026,3516000000,EM_ANDAMENTO,SO,c0397ed6
Thu Jan  1 18:34:18 2026,3516500000,EM_ANDAMENTO,02tJ22se49ZU,56136f42
Thu Jan  1 18:34:21 2026,3517000000,EM_ANDAMENTO,TH,c55581c1
Thu Jan  1 18:34:23 2026,3517500000,EM_ANDAMENTO,LwjEct0HQ,2e9b5a3b
Thu Jan  1 18:34:26 2026,3518000000,EM_ANDAMENTO,hGejf6a,e31c094e
Thu Jan  1 18:34:28 2026,3518500000,EM_ANDAMENTO,OSTFeTE8Dhr,d1b49dc1
Thu Jan  1 18:34:31 2026,3519000000,EM_ANDAMENTO,BmypFO4Bd1h,dd14896a
Thu Jan  1 18:34:34 2026,3519500000,EM_ANDAMENTO,8j3or3,fa099164
Thu Jan  1 18:34:36 2026,3520000000,EM_ANDAMENTO,jl,36f8e32d
Thu Jan  1 18:34:39 2026,3520500000,EM_ANDAMENTO,bO,fb63fa77
Thu Jan  1 18:34:41 2026,3521000000,EM_ANDAMENTO,7nO,3c55e02d
Thu Jan  1 18:34:44 2026,3521500000,EM_ANDAMENTO,MG,f9be3963
Thu Jan  1 18:34:46 2026,3522000000,EM_ANDAMENTO,Ph4oB,eba8fdb7
Thu Jan  1 18:34:49 2026,3522500000,EM_ANDAMENTO,Ap1oTy3G5D,d87434a6
Thu Jan  1 18:34:51 2026,3523000000,EM_ANDAMENTO,s4bbwzVlF,e4acf35b
Thu Jan  1 18:34:54 2026,3523500000,EM_ANDAMENTO,DK1TT9wfKQE,2c5033c8
Thu Jan  1 18:34:56 2026,3524000000,EM_ANDAMENTO,0ymQW,af4b2b97
Thu Jan  1 18:34:59 2026,3524500000,EM_ANDAMENTO,9Fo4cU5xavV8,ef35c1b5
Thu Jan  1 18:35:02 2026,3525000000,EM_ANDAMENTO,1z5LGu,cafb0dfc
Thu Jan  1 18:35:05 2026,3525500000,EM_ANDAMENTO,WWNr48WpEXeJ,fef1551a
Thu Jan  1 18:35:08 2026,3526000000,EM_ANDAMENTO,Gc5Ai,3654bc0c
Thu Jan  1 18:35:10 2026,3526500000,EM_ANDAMENTO,9gKFCcrBti,a9e95694
Thu Jan  1 18:35:13 2026,3527000000,EM_ANDAMENTO,1YzFF83KKxgr,8d7d3ebf
Thu Jan  1 18:35:15 2026,3527500000,EM_ANDAMENTO,1ENXTH,6d45ed6c
Thu Jan  1 18:35:18 2026,3528000000,EM_ANDAMENTO,UtSd,a81ec8a9
Thu Jan  1 18:35:21 2026,3528500000,EM_ANDAMENTO,pTV2O,d3fb004b
Thu Jan  1 18:35:23 2026,3529000000,EM_ANDAMENTO,lZyesDjto,73178b3b
Thu Jan  1 18:35:27 2026,3529500000,EM_ANDAMENTO,SXUTXD,4d39e9d4
Thu Jan  1 18:35:30 2026,3530000000,EM_ANDAMENTO,Utf,9a3dfe65
Thu Jan  1 18:35:32 2026,3530500000,EM_ANDAMENTO,sKnci,493016df
Thu Jan  1 18:35:35 2026,3531000000,EM_ANDAMENTO,YfUzWaPP4,1751ad50
Thu Jan  1 18:35:37 2026,3531500000,EM_ANDAMENTO,u,4aed0987
Thu Jan  1 18:35:40 2026,3532000000,EM_ANDAMENTO,2Ewq7g,8c884050
Thu Jan  1 18:35:43 2026,3532500000,EM_ANDAMENTO,gI6tuSOBE4,d7ecf434
Thu Jan  1 18:35:45 2026,3533000000,EM_ANDAMENTO,2KguhtjD,9ab615c4
Thu Jan  1 18:35:48 2026,3533500000,EM_ANDAMENTO,rJB1BiaT,7195fa08
Thu Jan  1 18:35:50 2026,3534000000,EM_ANDAMENTO,8NS7,3d8d19ba
Thu Jan  1 18:35:53 2026,3534500000,EM_ANDAMENTO,LkozHernjMGw,35ea02d7
Thu Jan  1 18:35:55 2026,3535000000,EM_ANDAMENTO,pmX2zLC,2877a343
Thu Jan  1 18:35:58 2026,3535500000,EM_ANDAMENTO,QLa,8f53aa6a
Thu Jan  1 18:36:01 2026,3536000000,EM_ANDAMENTO,xo96194dPn,c6ba09f9
Thu Jan  1 18:36:03 2026,3536500000,EM_ANDAMENTO,4b,1056f86e
Thu Jan  1 18:36:06 2026,3537000000,EM_ANDAMENTO,e8PB,fb91e11f
Thu Jan  1 18:36:08 2026,3537500000,EM_ANDAMENTO,xuqry1Tux,a092ea9a
Thu Jan  1 18:36:11 2026,3538000000,EM_ANDAMENTO,ASasitReYjFg,cdd9f76c
Thu Jan  1 18:36:13 2026,3538500000,EM_ANDAMENTO,mN,12950ef2
Thu Jan  1 18:36:16 2026,3539000000,EM_ANDAMENTO,RmVX,8dc10911
Thu Jan  1 18:36:19 2026,3539500000,EM_ANDAMENTO,R,613edcc8
Thu Jan  1 18:36:21 2026,3540000000,EM_ANDAMENTO,ujPMeOFTqHe,10be75fd
Thu Jan  1 18:36:24 2026,3540500000,EM_ANDAMENTO,a,85c8de88
Thu Jan  1 18:36:27 2026,3541000000,EM_ANDAMENTO,l8hwdWlpqdAH,8bc6b525
Thu Jan  1 18:36:29 2026,3541500000,EM_ANDAMENTO,Q5xVDa2dkaGF,e983af31
Thu Jan  1 18:36:32 2026,3542000000,EM_ANDAMENTO,a9X8BDP,75bd1f74
Thu Jan  1 18:36:34 2026,3542500000,EM_ANDAMENTO,J4DWPMysHvp8,1e71ec1d
Thu Jan  1 18:36:37 2026,3543000000,EM_ANDAMENTO,8hIOzpl,810222aa
Thu Jan  1 18:36:39 2026,3543500000,EM_ANDAMENTO,inwo,50fef8a7
Thu Jan  1 18:36:42 2026,3544000000,EM_ANDAMENTO,SlUv342FpI,9b111583
Thu Jan  1 18:36:44 2026,3544500000,EM_ANDAMENTO,2pcUqMYOpzV,a7f0ed43
Thu Jan  1 18:36:47 2026,3545000000,EM_ANDAMENTO,n2V63,dbd88a83
Thu Jan  1 18:36:50 2026,3545500000,EM_ANDAMENTO,5T5,6c2ec49c
Thu Jan  1 18:36:53 2026,3546000000,EM_ANDAMENTO,jToHbg,f673583e
Thu Jan  1 18:36:55 2026,3546500000,EM_ANDAMENTO,6k,b670783d
Thu Jan  1 18:36:58 2026,3547000000,EM_ANDAMENTO,HW0xzywy39Ng,54c2f3ee
Thu Jan  1 18:37:00 2026,3547500000,EM_ANDAMENTO,sBki,bc8d4bf5
Thu Jan  1 18:37:03 2026,3548000000,EM_ANDAMENTO,gYQbJ,c6f48b70
Thu Jan  1 18:37:06 2026,3548500000,EM_ANDAMENTO,jPMNACq,3b245939
Thu Jan  1 18:37:08 2026,3549000000,EM_ANDAMENTO,0AeGs5PQ,0dbd9ebf
Thu Jan  1 18:37:11 2026,3549500000,EM_ANDAMENTO,wXSKa2o,14e7a627
Thu Jan  1 18:37:13 2026,3550000000,EM_ANDAMENTO,eLzsVNTt,81091383
Thu Jan  1 18:37:16 2026,3550500000,EM_ANDAMENTO,Z,dad14f5a
Thu Jan  1 18:37:18 2026,3551000000,EM_ANDAMENTO,vA,865d7922
Thu Jan  1 18:37:22 2026,3551500000,EM_ANDAMENTO,x2Lthn,45bdc981
Thu Jan  1 18:37:24 2026,3552000000,EM_ANDAMENTO,I,9264d438
Thu Jan  1 18:37:27 2026,3552500000,EM_ANDAMENTO,Gsw3gw,a40756ad
Thu Jan  1 18:37:29 2026,3553000000,EM_ANDAMENTO,IgIwtw,93dc9dc9
Thu Jan  1 18:37:31 2026,3553500000,EM_ANDAMENTO,VZAM,189f2bad
Thu Jan  1 18:37:34 2026,3554000000,EM_ANDAMENTO,WiVWMY,5a1a8feb
Thu Jan  1 18:37:36 2026,3554500000,EM_ANDAMENTO,0E1dnPY,1efe401e
Thu Jan  1 18:37:39 2026,3555000000,EM_ANDAMENTO,EwqBTHt,4e95115c
Thu Jan  1 18:37:41 2026,3555500000,EM_ANDAMENTO,UQMBh,ae4058c8
Thu Jan  1 18:37:43 2026,3556000000,EM_ANDAMENTO,5,b485d77f
Thu Jan  1 18:37:46 2026,3556500000,EM_ANDAMENTO,vgCX5nY,61b1cebc
Thu Jan  1 18:37:48 2026,3557000000,EM_ANDAMENTO,9tN6RMbQd,bd4023b1
Thu Jan  1 18:37:51 2026,3557500000,EM_ANDAMENTO,CkGJJaXX,af4b8f6b
Thu Jan  1 18:37:53 2026,3558000000,EM_ANDAMENTO,9j,ef962804
Thu Jan  1 18:37:55 2026,3558500000,EM_ANDAMENTO,A,a5ba3aee
Thu Jan  1 18:37:58 2026,3559000000,EM_ANDAMENTO,0k0XopCebEnY,f4cd92a4
Thu Jan  1 18:38:00 2026,3559500000,EM_ANDAMENTO,NylrUKv6vjIj,23706cd0
Thu Jan  1 18:38:03 2026,3560000000,EM_ANDAMENTO,B,74865dbf
Thu Jan  1 18:38:05 2026,3560500000,EM_ANDAMENTO,lsguBZ5R1,87729ebf
Thu Jan  1 18:38:07 2026,3561000000,EM_ANDAMENTO,9Tr0awbTnuZ,e65f8be6
Thu Jan  1 18:38:10 2026,3561500000,EM_ANDAMENTO,5TI,411fa902
Thu Jan  1 18:38:12 2026,3562000000,EM_ANDAMENTO,N8,1bfc2d4b
Thu Jan  1 18:38:15 2026,3562500000,EM_ANDAMENTO,MDODfe7k,91aa2601
Thu Jan  1 18:38:17 2026,3563000000,EM_ANDAMENTO,k9m3RBmYLvD,d7a998ad
Thu Jan  1 18:38:20 2026,3563500000,EM_ANDAMENTO,x,e472c5e3
Thu Jan  1 18:38:22 2026,3564000000,EM_ANDAMENTO,dkFgJd4g,a8bcbb7a
Thu Jan  1 18:38:25 2026,3564500000,EM_ANDAMENTO,aFrEY6,99bdfd10
Thu Jan  1 18:38:29 2026,3565000000,EM_ANDAMENTO,47WbYDaXG,162b07f8
Thu Jan  1 18:38:32 2026,3565500000,EM_ANDAMENTO,B,74865dbf
Thu Jan  1 18:38:35 2026,3566000000,EM_ANDAMENTO,pW,9bafe39a
Thu Jan  1 18:38:37 2026,3566500000,EM_ANDAMENTO,zg2qEl4Ot,83fe64fb
Thu Jan  1 18:38:40 2026,3567000000,EM_ANDAMENTO,I4hc7e,82d1f9ab
Thu Jan  1 18:38:42 2026,3567500000,EM_ANDAMENTO,6OXwp,f38136a3
Thu Jan  1 18:38:45 2026,3568000000,EM_ANDAMENTO,2,4e9e3870
Thu Jan  1 18:38:47 2026,3568500000,EM_ANDAMENTO,TyhV31d,fbf8cde5
Thu Jan  1 18:38:50 2026,3569000000,EM_ANDAMENTO,AT0Wj0u4,4532ac3e
Thu Jan  1 18:38:52 2026,3569500000,EM_ANDAMENTO,5x7,722d78f1
Thu Jan  1 18:38:55 2026,3570000000,EM_ANDAMENTO,97G0ua8Z4,d7880754
Thu Jan  1 18:38:57 2026,3570500000,EM_ANDAMENTO,lUlMr,8d9c5ff0
Thu Jan  1 18:39:00 2026,3571000000,EM_ANDAMENTO,c407IHwSwC,6f3e89d4
Thu Jan  1 18:39:02 2026,3571500000,EM_ANDAMENTO,WwaHNnRY7,d3bdff3b
Thu Jan  1 18:39:05 2026,3572000000,EM_ANDAMENTO,g2T,0050fd18
Thu Jan  1 18:39:07 2026,3572500000,EM_ANDAMENTO,hg1lZx,cd530c55
Thu Jan  1 18:39:10 2026,3573000000,EM_ANDAMENTO,4zUHfD9h,ff51bfdd
Thu Jan  1 18:39:12 2026,3573500000,EM_ANDAMENTO,WHOP9mqoz,d3afa8c3
Thu Jan  1 18:39:16 2026,3574000000,EM_ANDAMENTO,MSbm8zuI8w,a19127d9
Thu Jan  1 18:39:18 2026,3574500000,EM_ANDAMENTO,28,21b0d74c
Thu Jan  1 18:39:21 2026,3575000000,EM_ANDAMENTO,Uudk,57f1f196
Thu Jan  1 18:39:23 2026,3575500000,EM_ANDAMENTO,aZqbmSt5ol,e3b1b7c6
Thu Jan  1 18:39:26 2026,3576000000,EM_ANDAMENTO,H4Ns,e1742b9e
Thu Jan  1 18:39:28 2026,3576500000,EM_ANDAMENTO,GY,e5b08344
Thu Jan  1 18:39:31 2026,3577000000,EM_ANDAMENTO,R2UB3o1YnH2d,9f2bba5f
Thu Jan  1 18:39:33 2026,3577500000,EM_ANDAMENTO,0d2sMJSeSW,716728c2
Thu Jan  1 18:39:35 2026,3578000000,EM_ANDAMENTO,jTOY,27dddd79
Thu Jan  1 18:39:38 2026,3578500000,EM_ANDAMENTO,5v4G9xAzr9X,a4b615b9
Thu Jan  1 18:39:40 2026,3579000000,EM_ANDAMENTO,m0Geo3,a2becfd2
Thu Jan  1 18:39:43 2026,3579500000,EM_ANDAMENTO,S26mnaBij,e8f1c279
Thu Jan  1 18:39:45 2026,3580000000,EM_ANDAMENTO,0krh,cdbd9293
Thu Jan  1 18:39:48 2026,3580500000,EM_ANDAMENTO,bqpVSFC,99d802f4
Thu Jan  1 18:39:50 2026,3581000000,EM_ANDAMENTO,sXf,b8ea9364
Thu Jan  1 18:39:53 2026,3581500000,EM_ANDAMENTO,QuFQv,c65c502b
Thu Jan  1 18:39:56 2026,3582000000,EM_ANDAMENTO,qSiMmykCaUB,7dce31c3
Thu Jan  1 18:39:58 2026,3582500000,EM_ANDAMENTO,LG,0fb2e603
Thu Jan  1 18:40:01 2026,3583000000,EM_ANDAMENTO,YC2ouV2Y,ec290cc3
Thu Jan  1 18:40:04 2026,3583500000,EM_ANDAMENTO,JPtDnWHUKI,f29ff7e5
Thu Jan  1 18:40:07 2026,3584000000,EM_ANDAMENTO,TwkU8Nkb,47032865
Thu Jan  1 18:40:09 2026,3584500000,EM_ANDAMENTO,TMPK,950aa386
Thu Jan  1 18:40:12 2026,3585000000,EM_ANDAMENTO,fraULYkB,8b7f3f48
Thu Jan  1 18:40:14 2026,3585500000,EM_ANDAMENTO,jd1eES,625b5d12
Thu Jan  1 18:40:17 2026,3586000000,EM_ANDAMENTO,NzGuMha4By,1e354e22
Thu Jan  1 18:40:19 2026,3586500000,EM_ANDAMENTO,Ebp7a5zVHSY,52407ff7
Thu Jan  1 18:40:22 2026,3587000000,EM_ANDAMENTO,6fDx5BLOhfmE,6e631ac6
Thu Jan  1 18:40:25 2026,3587500000,EM_ANDAMENTO,BtIu4Q2QB9Ys,553515e0
Thu Jan  1 18:40:27 2026,3588000000,EM_ANDAMENTO,cdzIyUK1ID,57cf335a
Thu Jan  1 18:40:30 2026,3588500000,EM_ANDAMENTO,v,904f2f17
Thu Jan  1 18:40:33 2026,3589000000,EM_ANDAMENTO,wilO1SzAUp,7eafd976
Thu Jan  1 18:40:35 2026,3589500000,EM_ANDAMENTO,4stZPXfXw,ee63854f
Thu Jan  1 18:40:38 2026,3590000000,EM_ANDAMENTO,DSyG9hkoy0IB,561943f3
Thu Jan  1 18:40:40 2026,3590500000,EM_ANDAMENTO,b87r8WZQ,97cc4479
Thu Jan  1 18:40:42 2026,3591000000,EM_ANDAMENTO,C1Jg8Lm0gLjH,bf139527
Thu Jan  1 18:40:45 2026,3591500000,EM_ANDAMENTO,xXx2UQVo,3343619a
Thu Jan  1 18:40:48 2026,3592000000,EM_ANDAMENTO,d5rz,6283ffa2
Thu Jan  1 18:40:51 2026,3592500000,EM_ANDAMENTO,63yLrRm2lotu,52071910
Thu Jan  1 18:40:54 2026,3593000000,EM_ANDAMENTO,Xy1i3sAXS,c6eb2a3a
Thu Jan  1 18:40:56 2026,3593500000,EM_ANDAMENTO,Rc18l9,cd0858f0
Thu Jan  1 18:40:59 2026,3594000000,EM_ANDAMENTO,4fgLe,3ea6af25
Thu Jan  1 18:41:01 2026,3594500000,EM_ANDAMENTO,D8W8nI8S,31fc31ef
Thu Jan  1 18:41:04 2026,3595000000,EM_ANDAMENTO,22wpU,8f860ed0
Thu Jan  1 18:41:06 2026,3595500000,EM_ANDAMENTO,mszM3BBl,6612932b
Thu Jan  1 18:41:09 2026,3596000000,EM_ANDAMENTO,cEC9JGq,fe60011c
Thu Jan  1 18:41:11 2026,3596500000,EM_ANDAMENTO,7ufm7cb,3e703d43
Thu Jan  1 18:41:14 2026,3597000000,EM_ANDAMENTO,r,95434212
Thu Jan  1 18:41:16 2026,3597500000,EM_ANDAMENTO,E1rcI7A,079c432d
Thu Jan  1 18:41:19 2026,3598000000,EM_ANDAMENTO,FR,8ce6bd75
Thu Jan  1 18:41:21 2026,3598500000,EM_ANDAMENTO,Pkrh,0b12c949
Thu Jan  1 18:41:24 2026,3599000000,EM_ANDAMENTO,mS5C,128b23a2
Thu Jan  1 18:41:27 2026,3599500000,EM_ANDAMENTO,vHbkV9YwV,a9ce5de9
Thu Jan  1 18:41:29 2026,3600000000,EM_ANDAMENTO,bWHt78CaKYI,2870ed40
Thu Jan  1 18:41:32 2026,3600500000,EM_ANDAMENTO,KhT,c1fc2b56
Thu Jan  1 18:41:34 2026,3601000000,EM_ANDAMENTO,asgqNyn,1032649b
Thu Jan  1 18:41:37 2026,3601500000,EM_ANDAMENTO,yZoBs36eOb,02ba303b
Thu Jan  1 18:41:39 2026,3602000000,EM_ANDAMENTO,rg2Sa1,da705732
Thu Jan  1 18:41:42 2026,3602500000,EM_ANDAMENTO,8RzVkLFAw46,03ed38b6
Thu Jan  1 18:41:44 2026,3603000000,EM_ANDAMENTO,vCGBeeXvGSJ5,550e3687
Thu Jan  1 18:41:47 2026,3603500000,EM_ANDAMENTO,v,904f2f17
Thu Jan  1 18:41:49 2026,3604000000,EM_ANDAMENTO,LFrjsFLeSBFR,f56f1beb
Thu Jan  1 18:41:51 2026,3604500000,EM_ANDAMENTO,Eaf,94f7474a
Thu Jan  1 18:41:54 2026,3605000000,EM_ANDAMENTO,F,a2c949bf
Thu Jan  1 18:41:57 2026,3605500000,EM_ANDAMENTO,dE,d8ebe299
Thu Jan  1 18:41:59 2026,3606000000,EM_ANDAMENTO,jtzbSSa1p,84eff86f
Thu Jan  1 18:42:02 2026,3606500000,EM_ANDAMENTO,B,74865dbf
Thu Jan  1 18:42:04 2026,3607000000,EM_ANDAMENTO,CbjDkU9guL,f45cf73b
Thu Jan  1 18:42:07 2026,3607500000,EM_ANDAMENTO,OX3oi0b8AI,f742ab31
Thu Jan  1 18:42:09 2026,3608000000,EM_ANDAMENTO,DhWxkvLoCVJl,58e3cdfe
Thu Jan  1 18:42:12 2026,3608500000,EM_ANDAMENTO,nj2,11020c4c
Thu Jan  1 18:42:14 2026,3609000000,EM_ANDAMENTO,edT5SX,2efeb190
Thu Jan  1 18:42:16 2026,3609500000,EM_ANDAMENTO,mWFVhhL,eb7833ff
Thu Jan  1 18:42:19 2026,3610000000,EM_ANDAMENTO,5uIa4s6,e2e81aad
Thu Jan  1 18:42:23 2026,3610500000,EM_ANDAMENTO,YzTzOFn1d4lm,618a8f91
Thu Jan  1 18:42:27 2026,3611000000,EM_ANDAMENTO,gSpYYnIG8gbK,6d001f57
Thu Jan  1 18:42:30 2026,3611500000,EM_ANDAMENTO,s26TteN67kOB,b21993d4
Thu Jan  1 18:42:33 2026,3612000000,EM_ANDAMENTO,UNVDyHqHf,1711157a
Thu Jan  1 18:42:35 2026,3612500000,EM_ANDAMENTO,YRT,ddff8ef5
Thu Jan  1 18:42:38 2026,3613000000,EM_ANDAMENTO,S03,d193f34c
Thu Jan  1 18:42:41 2026,3613500000,EM_ANDAMENTO,g,7a529e89
Thu Jan  1 18:42:43 2026,3614000000,EM_ANDAMENTO,3vmxt8CW0,d6b18a20
Thu Jan  1 18:42:46 2026,3614500000,EM_ANDAMENTO,KdInnZ,ae063281
Thu Jan  1 18:42:49 2026,3615000000,EM_ANDAMENTO,0VH7k8Ks,784e06fb
Thu Jan  1 18:42:51 2026,3615500000,EM_ANDAMENTO,ugF5,dfd182f6
Thu Jan  1 18:42:53 2026,3616000000,EM_ANDAMENTO,ml1ftQMFFS,0ce0cf2f
Thu Jan  1 18:42:56 2026,3616500000,EM_ANDAMENTO,Yt5bUxA81,55d2dec3
Thu Jan  1 18:42:58 2026,3617000000,EM_ANDAMENTO,v,904f2f17
Thu Jan  1 18:43:01 2026,3617500000,EM_ANDAMENTO,Y8,9580b964
Thu Jan  1 18:43:03 2026,3618000000,EM_ANDAMENTO,faKV,5061a49b
Thu Jan  1 18:43:04 2026,3618500000,EM_ANDAMENTO,L14Nxrs,de7865cd
Thu Jan  1 18:43:06 2026,3619000000,EM_ANDAMENTO,27Qlk2,5ee7396e
Thu Jan  1 18:43:08 2026,3619500000,EM_ANDAMENTO,hxdIE1c,a26d7c8b
Thu Jan  1 18:43:09 2026,3620000000,EM_ANDAMENTO,l,5238d98f
Thu Jan  1 18:43:11 2026,3620500000,EM_ANDAMENTO,l5fIodbw8,c3f69ee4
Thu Jan  1 18:43:13 2026,3621000000,EM_ANDAMENTO,L6W3Mpa,5e72aac6
Thu Jan  1 18:43:14 2026,3621500000,EM_ANDAMENTO,w,1e332829
Thu Jan  1 18:43:16 2026,3622000000,EM_ANDAMENTO,jK5rVT,89b6d407
Thu Jan  1 18:43:18 2026,3622500000,EM_ANDAMENTO,VgIlwOG,6456e409
Thu Jan  1 18:43:19 2026,3623000000,EM_ANDAMENTO,xKTCYf5lR,37bad606
Thu Jan  1 18:43:21 2026,3623500000,EM_ANDAMENTO,6q,94cbd573
Thu Jan  1 18:43:22 2026,3624000000,EM_ANDAMENTO,ij,de24bdcf
Thu Jan  1 18:43:24 2026,3624500000,EM_ANDAMENTO,aDAxLRfB,26120312
Thu Jan  1 18:43:26 2026,3625000000,EM_ANDAMENTO,PeFU6JL,33f9d3c9
Thu Jan  1 18:43:27 2026,3625500000,EM_ANDAMENTO,KUOZ,fc49105c
Thu Jan  1 18:43:29 2026,3626000000,EM_ANDAMENTO,FNL4FA,27be6e7e
Thu Jan  1 18:43:31 2026,3626500000,EM_ANDAMENTO,beE,9c4322d9
Thu Jan  1 18:43:32 2026,3627000000,EM_ANDAMENTO,ccr,3144ef2d
Thu Jan  1 18:43:34 2026,3627500000,EM_ANDAMENTO,9TzDQ,2118f4fb
Thu Jan  1 18:43:36 2026,3628000000,EM_ANDAMENTO,8mTyd,54ab333a
Thu Jan  1 18:43:37 2026,3628500000,EM_ANDAMENTO,u0jr,6343efc3
Thu Jan  1 18:43:39 2026,3629000000,EM_ANDAMENTO,sBor5,5bc66597
Thu Jan  1 18:43:40 2026,3629500000,EM_ANDAMENTO,kVkAe,9d921693
Thu Jan  1 18:43:42 2026,3630000000,EM_ANDAMENTO,S3KUg,bd50b6df
Thu Jan  1 18:43:44 2026,3630500000,EM_ANDAMENTO,hSySqCww0,df0cd8e6
Thu Jan  1 18:43:45 2026,3631000000,EM_ANDAMENTO,NkU,034bb9f5
Thu Jan  1 18:43:47 2026,3631500000,EM_ANDAMENTO,ZQfENeBR,08814e5f
Thu Jan  1 18:43:49 2026,3632000000,EM_ANDAMENTO,qDDeJNlH9Clg,913c7b87
Thu Jan  1 18:43:50 2026,3632500000,EM_ANDAMENTO,grTaK9X,a52a5d52
Thu Jan  1 18:43:52 2026,3633000000,EM_ANDAMENTO,779,143b4252
Thu Jan  1 18:43:54 2026,3633500000,EM_ANDAMENTO,umD6dSiinu,5d0479a9
Thu Jan  1 18:43:55 2026,3634000000,EM_ANDAMENTO,wO85SUj,dc58c772
Thu Jan  1 18:43:57 2026,3634500000,EM_ANDAMENTO,Vp,646231f8
Thu Jan  1 18:43:58 2026,3635000000,EM_ANDAMENTO,WiAHgSpYNs4,4177a5b6
Thu Jan  1 18:44:00 2026,3635500000,EM_ANDAMENTO,Q8FhyVz1Cg4p,8d9c45a8
Thu Jan  1 18:44:02 2026,3636000000,EM_ANDAMENTO,YctkRvZ,a17bb003
Thu Jan  1 18:44:03 2026,3636500000,EM_ANDAMENTO,2A4JoRL,6230e2f1
Thu Jan  1 18:44:05 2026,3637000000,EM_ANDAMENTO,ro59NGi8h,f1874f49
Thu Jan  1 18:44:07 2026,3637500000,EM_ANDAMENTO,d,5943bb0f
Thu Jan  1 18:44:08 2026,3638000000,EM_ANDAMENTO,MB9,2271a93a
Thu Jan  1 18:44:10 2026,3638500000,EM_ANDAMENTO,OE8T0ssLKFh,a2747e3f
Thu Jan  1 18:44:11 2026,3639000000,EM_ANDAMENTO,N4Txxg,354b13f7
Thu Jan  1 18:44:13 2026,3639500000,EM_ANDAMENTO,90Y0D,fae04334
Thu Jan  1 18:44:15 2026,3640000000,EM_ANDAMENTO,1R0Ar4grVo,423616b6
Thu Jan  1 18:44:16 2026,3640500000,EM_ANDAMENTO,ZasSrEYAT,22c84c0c
Thu Jan  1 18:44:18 2026,3641000000,EM_ANDAMENTO,U3LjN1GR1,f1ae1e44
Thu Jan  1 18:44:20 2026,3641500000,EM_ANDAMENTO,Kh9XKGjN4,28d20518
Thu Jan  1 18:44:21 2026,3642000000,EM_ANDAMENTO,82AU,6d6b5ba4
Thu Jan  1 18:44:23 2026,3642500000,EM_ANDAMENTO,Kvk5ow1Jp7,be187fc2
Thu Jan  1 18:44:24 2026,3643000000,EM_ANDAMENTO,ZPpXxq,cb407a7e
Thu Jan  1 18:44:26 2026,3643500000,EM_ANDAMENTO,Qhm6wus5,628f232f
Thu Jan  1 18:44:28 2026,3644000000,EM_ANDAMENTO,Ys9DkR9SQ,df4325dd
Thu Jan  1 18:44:30 2026,3644500000,EM_ANDAMENTO,fgW,34426a8c
Thu Jan  1 18:44:31 2026,3645000000,EM_ANDAMENTO,IjxV,d27a76fe
Thu Jan  1 18:44:33 2026,3645500000,EM_ANDAMENTO,2DcucyuTu,039213c6
Thu Jan  1 18:44:34 2026,3646000000,EM_ANDAMENTO,XOWxCiBg,10d1cf5e
Thu Jan  1 18:44:36 2026,3646500000,EM_ANDAMENTO,2q,e3e0872d
Thu Jan  1 18:44:38 2026,3647000000,EM_ANDAMENTO,p8I3dyl,656cf4fe
Thu Jan  1 18:44:39 2026,3647500000,EM_ANDAMENTO,ITUwX8SG,77db4341
Thu Jan  1 18:44:41 2026,3648000000,EM_ANDAMENTO,mB,401776ff
Thu Jan  1 18:44:43 2026,3648500000,EM_ANDAMENTO,qOXTq89df,7948d763
Thu Jan  1 18:44:44 2026,3649000000,EM_ANDAMENTO,0ISZLGnIFAcQ,3f14df37
Thu Jan  1 18:44:46 2026,3649500000,EM_ANDAMENTO,Iq,bc32382c
Thu Jan  1 18:44:48 2026,3650000000,EM_ANDAMENTO,fOgXsha,0c0e58d1
Thu Jan  1 18:44:49 2026,3650500000,EM_ANDAMENTO,Kq,8de195d0
Thu Jan  1 18:44:51 2026,3651000000,EM_ANDAMENTO,CU9qizN,781844ab
Thu Jan  1 18:44:52 2026,3651500000,EM_ANDAMENTO,4gQaxS6da,4c158d9d
Thu Jan  1 18:44:54 2026,3652000000,EM_ANDAMENTO,A9wiSJM,a7bc8611
Thu Jan  1 18:44:56 2026,3652500000,EM_ANDAMENTO,EL998cENgW,ad085981
Thu Jan  1 18:44:57 2026,3653000000,EM_ANDAMENTO,9mb,fbdf1100
Thu Jan  1 18:44:59 2026,3653500000,EM_ANDAMENTO,CCl6,8fd3bd84
Thu Jan  1 18:45:01 2026,3654000000,EM_ANDAMENTO,qtoKU,2d546b00
Thu Jan  1 18:45:03 2026,3654500000,EM_ANDAMENTO,fWOM,7929e944
Thu Jan  1 18:45:04 2026,3655000000,EM_ANDAMENTO,J9a96,0b6629f2
Thu Jan  1 18:45:06 2026,3655500000,EM_ANDAMENTO,tgAOD0,80ae6241
Thu Jan  1 18:45:08 2026,3656000000,EM_ANDAMENTO,S5VaMbM18yx,35997db9
Thu Jan  1 18:45:09 2026,3656500000,EM_ANDAMENTO,tHh,d4f40d12
Thu Jan  1 18:45:11 2026,3657000000,EM_ANDAMENTO,K05d,f8b83b67
Thu Jan  1 18:45:13 2026,3657500000,EM_ANDAMENTO,ulJbVr,81f7ccbc
Thu Jan  1 18:45:14 2026,3658000000,EM_ANDAMENTO,khhDMuc7q9,e10fb334
Thu Jan  1 18:45:16 2026,3658500000,EM_ANDAMENTO,dH9Uk,6ddbc8f7
Thu Jan  1 18:45:17 2026,3659000000,EM_ANDAMENTO,RxF0m9,3d4dbf29
Thu Jan  1 18:45:19 2026,3659500000,EM_ANDAMENTO,BFy1,7ec98371
Thu Jan  1 18:45:21 2026,3660000000,EM_ANDAMENTO,eXF,5fc5c44d
Thu Jan  1 18:45:23 2026,3660500000,EM_ANDAMENTO,ODr77,c22eb6ad
Thu Jan  1 18:45:24 2026,3661000000,EM_ANDAMENTO,756mZg,dbd87f30
Thu Jan  1 18:45:26 2026,3661500000,EM_ANDAMENTO,x,e472c5e3
Thu Jan  1 18:45:28 2026,3662000000,EM_ANDAMENTO,kip,14c285cc
Thu Jan  1 18:45:29 2026,3662500000,EM_ANDAMENTO,wjLVpX,ea24e8aa
Thu Jan  1 18:45:31 2026,3663000000,EM_ANDAMENTO,bP8MXmha,6a5b6862
Thu Jan  1 18:45:33 2026,3663500000,EM_ANDAMENTO,z3hPnFqyZpG,e3a2d281
Thu Jan  1 18:45:35 2026,3664000000,EM_ANDAMENTO,PqkOm,9f26dd72
Thu Jan  1 18:45:37 2026,3664500000,EM_ANDAMENTO,s6,0b5e6aad
Thu Jan  1 18:45:38 2026,3665000000,EM_ANDAMENTO,U,286668ef
Thu Jan  1 18:45:40 2026,3665500000,EM_ANDAMENTO,PZ,62c7278f
Thu Jan  1 18:45:42 2026,3666000000,EM_ANDAMENTO,YPLVv23Qz2z,0b6facc7
Thu Jan  1 18:45:44 2026,3666500000,EM_ANDAMENTO,3XJ2g7O,d3418093
Thu Jan  1 18:45:45 2026,3667000000,EM_ANDAMENTO,i,78ac692a
Thu Jan  1 18:45:47 2026,3667500000,EM_ANDAMENTO,XW,7b1cc012
Thu Jan  1 18:45:49 2026,3668000000,EM_ANDAMENTO,iFG1k,846af7ed
Thu Jan  1 18:45:50 2026,3668500000,EM_ANDAMENTO,XSyr,3e90b90b
Thu Jan  1 18:45:52 2026,3669000000,EM_ANDAMENTO,KWx,245de786
Thu Jan  1 18:45:54 2026,3669500000,EM_ANDAMENTO,j,60e284f4
Thu Jan  1 18:45:55 2026,3670000000,EM_ANDAMENTO,Tnb,19dc62e7
Thu Jan  1 18:45:57 2026,3670500000,EM_ANDAMENTO,c3ZWgip,7eed9b5f
Thu Jan  1 18:45:59 2026,3671000000,EM_ANDAMENTO,lkLN,7fdd132b
Thu Jan  1 18:46:01 2026,3671500000,EM_ANDAMENTO,yV,9d3566da
Thu Jan  1 18:46:03 2026,3672000000,EM_ANDAMENTO,M16UKUsYD9N,f1d3c8ac
Thu Jan  1 18:46:05 2026,3672500000,EM_ANDAMENTO,L3Pp9m37ZX,58a793b4
Thu Jan  1 18:46:07 2026,3673000000,EM_ANDAMENTO,yBIWiNfOIeV2,1ce01727
Thu Jan  1 18:46:09 2026,3673500000,EM_ANDAMENTO,cBphTn,f9bdbdaf
Thu Jan  1 18:46:11 2026,3674000000,EM_ANDAMENTO,LSIY,2a692b4b
Thu Jan  1 18:46:13 2026,3674500000,EM_ANDAMENTO,MhzjJwRA44iZ,e9988c92
Thu Jan  1 18:46:15 2026,3675000000,EM_ANDAMENTO,qYdE8l,0f3fc530
Thu Jan  1 18:46:17 2026,3675500000,EM_ANDAMENTO,VC,8f020ae6
Thu Jan  1 18:46:19 2026,3676000000,EM_ANDAMENTO,5r2dx8Kt,d643cda0
Thu Jan  1 18:46:21 2026,3676500000,EM_ANDAMENTO,9,d8ef0690
Thu Jan  1 18:46:23 2026,3677000000,EM_ANDAMENTO,DtEq,52be074a
Thu Jan  1 18:46:25 2026,3677500000,EM_ANDAMENTO,ETYTNxQx,ac357bde
Thu Jan  1 18:46:27 2026,3678000000,EM_ANDAMENTO,zGBUDhM7,e038d501
Thu Jan  1 18:46:29 2026,3678500000,EM_ANDAMENTO,pdVniKIv,9d0b552e
Thu Jan  1 18:46:31 2026,3679000000,EM_ANDAMENTO,qu,9ef07ca8
Thu Jan  1 18:46:33 2026,3679500000,EM_ANDAMENTO,lH9TM,78caba2e
Thu Jan  1 18:46:35 2026,3680000000,EM_ANDAMENTO,eBW,196b1020
Thu Jan  1 18:46:37 2026,3680500000,EM_ANDAMENTO,5SBWEq1s,92688c05
Thu Jan  1 18:46:40 2026,3681000000,EM_ANDAMENTO,235,f0cb7875
Thu Jan  1 18:46:42 2026,3681500000,EM_ANDAMENTO,yzJkk,e0c33f00
Thu Jan  1 18:46:45 2026,3682000000,EM_ANDAMENTO,qvue,f1798533
Thu Jan  1 18:46:47 2026,3682500000,EM_ANDAMENTO,Emzd,16670132
Thu Jan  1 18:46:50 2026,3683000000,EM_ANDAMENTO,lf8UWgNX4dKE,c346fc41
Thu Jan  1 18:46:52 2026,3683500000,EM_ANDAMENTO,auaBrn,61924866
Thu Jan  1 18:46:55 2026,3684000000,EM_ANDAMENTO,cevcn8,5ff48214
Thu Jan  1 18:46:57 2026,3684500000,EM_ANDAMENTO,T,9dd7847b
Thu Jan  1 18:47:00 2026,3685000000,EM_ANDAMENTO,kZ,f34092a6
Thu Jan  1 18:47:02 2026,3685500000,EM_ANDAMENTO,CN5ID,19aa998f
Thu Jan  1 18:47:05 2026,3686000000,EM_ANDAMENTO,09IfD2zcA,0fa3b15c
Thu Jan  1 18:47:07 2026,3686500000,EM_ANDAMENTO,3mto6NrMXLk,2a5fbef1
Thu Jan  1 18:47:09 2026,3687000000,EM_ANDAMENTO,zxw,31c273d4
Thu Jan  1 18:47:11 2026,3687500000,EM_ANDAMENTO,11uEg0,cee59e7e
Thu Jan  1 18:47:13 2026,3688000000,EM_ANDAMENTO,A,a5ba3aee
Thu Jan  1 18:47:15 2026,3688500000,EM_ANDAMENTO,1hsq,4fdfbf23
Thu Jan  1 18:47:17 2026,3689000000,EM_ANDAMENTO,aFmzs,f2e17a63
Thu Jan  1 18:47:19 2026,3689500000,EM_ANDAMENTO,N53Zdsuo0yYb,98caf984
Thu Jan  1 18:47:21 2026,3690000000,EM_ANDAMENTO,c,a5c1009b
Thu Jan  1 18:47:23 2026,3690500000,EM_ANDAMENTO,oB,0dc13ccd
Thu Jan  1 18:47:25 2026,3691000000,EM_ANDAMENTO,TT,d4139eff
Thu Jan  1 18:47:27 2026,3691500000,EM_ANDAMENTO,Qr,974e9997
Thu Jan  1 18:47:29 2026,3692000000,EM_ANDAMENTO,vHZH2nQ,16ff3c1f
Thu Jan  1 18:47:31 2026,3692500000,EM_ANDAMENTO,UUtWxg2tCi9M,79aa835d
Thu Jan  1 18:47:33 2026,3693000000,EM_ANDAMENTO,knYhVOo,fb3f90f5
Thu Jan  1 18:47:35 2026,3693500000,EM_ANDAMENTO,GQr36x,6186544f
Thu Jan  1 18:47:36 2026,3694000000,EM_ANDAMENTO,ELyl5VzPYO,70d86519
Thu Jan  1 18:47:38 2026,3694500000,EM_ANDAMENTO,ircb,39823664
Thu Jan  1 18:47:40 2026,3695000000,EM_ANDAMENTO,VxyZ,3a343d0e
Thu Jan  1 18:47:42 2026,3695500000,EM_ANDAMENTO,NCYj,a8a5fdd7
Thu Jan  1 18:47:43 2026,3696000000,EM_ANDAMENTO,0g323KtGdeCS,fc3c1e8f
Thu Jan  1 18:47:45 2026,3696500000,EM_ANDAMENTO,2ruXDKt,e4fb56ae
Thu Jan  1 18:47:47 2026,3697000000,EM_ANDAMENTO,V,55360b71
Thu Jan  1 18:47:49 2026,3697500000,EM_ANDAMENTO,tb0w8t55BzXh,21944db4
Thu Jan  1 18:47:50 2026,3698000000,EM_ANDAMENTO,0f2v,3c2b8856
Thu Jan  1 18:47:52 2026,3698500000,EM_ANDAMENTO,kBH,dd6f34d1
Thu Jan  1 18:47:54 2026,3699000000,EM_ANDAMENTO,MZvaNMdp4,8dcab758
Thu Jan  1 18:47:56 2026,3699500000,EM_ANDAMENTO,pVwSbLMhfe,c62cea35
Thu Jan  1 18:47:57 2026,3700000000,EM_ANDAMENTO,eqMz5Nygs,9cefe72b
Thu Jan  1 18:47:59 2026,3700500000,EM_ANDAMENTO,VVtD8umXWv,6bc5db26
Thu Jan  1 18:48:01 2026,3701000000,EM_ANDAMENTO,ALrJ,1ee77829
Thu Jan  1 18:48:02 2026,3701500000,EM_ANDAMENTO,oIG9FcjmT57,aecf1312
Thu Jan  1 18:48:04 2026,3702000000,EM_ANDAMENTO,W7MTRv7bWxpV,1f90b3b5
Thu Jan  1 18:48:06 2026,3702500000,EM_ANDAMENTO,6uAR,2a1f6026
Thu Jan  1 18:48:08 2026,3703000000,EM_ANDAMENTO,YTDDmR,128032bd
Thu Jan  1 18:48:09 2026,3703500000,EM_ANDAMENTO,A8H25yF4Brt0,3db1565d
Thu Jan  1 18:48:11 2026,3704000000,EM_ANDAMENTO,v1,1a96a31f
Thu Jan  1 18:48:13 2026,3704500000,EM_ANDAMENTO,19,962cedd1
Thu Jan  1 18:48:15 2026,3705000000,EM_ANDAMENTO,x7UHag49,7004879d
Thu Jan  1 18:48:16 2026,3705500000,EM_ANDAMENTO,uSNqFH9Et9,2cc697f9
Thu Jan  1 18:48:18 2026,3706000000,EM_ANDAMENTO,iiakfUezb1,4834833c
Thu Jan  1 18:48:20 2026,3706500000,EM_ANDAMENTO,jral,cc145776
Thu Jan  1 18:48:22 2026,3707000000,EM_ANDAMENTO,kthAbmis9,9f25bb3a
Thu Jan  1 18:48:23 2026,3707500000,EM_ANDAMENTO,e6WL1Bl3qUB2,32f98f3b
Thu Jan  1 18:48:25 2026,3708000000,EM_ANDAMENTO,9D40Qd,05185422
Thu Jan  1 18:48:27 2026,3708500000,EM_ANDAMENTO,oT1Ctfcx,68f3a397
Thu Jan  1 18:48:29 2026,3709000000,EM_ANDAMENTO,gKcNb,a31f4498
Thu Jan  1 18:48:30 2026,3709500000,EM_ANDAMENTO,ElZ,582809a0
Thu Jan  1 18:48:32 2026,3710000000,EM_ANDAMENTO,s,bc5ac4a3
Thu Jan  1 18:48:34 2026,3710500000,EM_ANDAMENTO,ZfB5u0zh,9aea7df2
Thu Jan  1 18:48:36 2026,3711000000,EM_ANDAMENTO,gTvQZQJ,cf16af2e
Thu Jan  1 18:48:37 2026,3711500000,EM_ANDAMENTO,owoLbPsem,dbf9b29b
Thu Jan  1 18:48:39 2026,3712000000,EM_ANDAMENTO,JyshxU,c17dc11f
Thu Jan  1 18:48:41 2026,3712500000,EM_ANDAMENTO,nW,38ad56a1
Thu Jan  1 18:48:43 2026,3713000000,EM_ANDAMENTO,epS71EM0GeG,f7804cff
Thu Jan  1 18:48:44 2026,3713500000,EM_ANDAMENTO,u1gqpfjJQl,62a7811d
Thu Jan  1 18:48:46 2026,3714000000,EM_ANDAMENTO,q,87b8d13b
Thu Jan  1 18:48:48 2026,3714500000,EM_ANDAMENTO,mf452L6qZUo,927499cb
Thu Jan  1 18:48:50 2026,3715000000,EM_ANDAMENTO,tazzMPPkiObs,c59fb027
Thu Jan  1 18:48:52 2026,3715500000,EM_ANDAMENTO,gP6q,c02de3d8
Thu Jan  1 18:48:53 2026,3716000000,EM_ANDAMENTO,b1wzNM8D,628f8050
Thu Jan  1 18:48:55 2026,3716500000,EM_ANDAMENTO,732HT80j,ec4ec8a5
Thu Jan  1 18:48:57 2026,3717000000,EM_ANDAMENTO,xZQKgXA4m,da351467
Thu Jan  1 18:48:59 2026,3717500000,EM_ANDAMENTO,MnDCoE27ZoBq,782d98ee
Thu Jan  1 18:49:00 2026,3718000000,EM_ANDAMENTO,hnfendOw,2c7a6020
Thu Jan  1 18:49:02 2026,3718500000,EM_ANDAMENTO,XLoXK,d83223fb
Thu Jan  1 18:49:04 2026,3719000000,EM_ANDAMENTO,qa3N0bF8kZB,65b0ce37
Thu Jan  1 18:49:06 2026,3719500000,EM_ANDAMENTO,j,60e284f4
Thu Jan  1 18:49:07 2026,3720000000,EM_ANDAMENTO,JTlrUt,138cb076
Thu Jan  1 18:49:09 2026,3720500000,EM_ANDAMENTO,x,e472c5e3
Thu Jan  1 18:49:11 2026,3721000000,EM_ANDAMENTO,D4yK7s,4d2f120e
Thu Jan  1 18:49:13 2026,3721500000,EM_ANDAMENTO,nmpox,124a5784
Thu Jan  1 18:49:14 2026,3722000000,EM_ANDAMENTO,TBKH,81a82daa
Thu Jan  1 18:49:16 2026,3722500000,EM_ANDAMENTO,StElo4yU5EU,e3089c07
Thu Jan  1 18:49:18 2026,3723000000,EM_ANDAMENTO,gxaNpPPq6O,70f8b4c6
Thu Jan  1 18:49:20 2026,3723500000,EM_ANDAMENTO,bAIIgjy9noA,d47bedb2
Thu Jan  1 18:49:21 2026,3724000000,EM_ANDAMENTO,z6oUOv9P,813ebd15
Thu Jan  1 18:49:23 2026,3724500000,EM_ANDAMENTO,D4,639d15c1
Thu Jan  1 18:49:25 2026,3725000000,EM_ANDAMENTO,08pZ,939148d1
Thu Jan  1 18:49:27 2026,3725500000,EM_ANDAMENTO,6cpgx1jCfo4C,e037b8bb
Thu Jan  1 18:49:29 2026,3726000000,EM_ANDAMENTO,3Wlvf5WT04P,60c231ef
Thu Jan  1 18:49:30 2026,3726500000,EM_ANDAMENTO,mrTYkOX,c9cc7bd2
Thu Jan  1 18:49:32 2026,3727000000,EM_ANDAMENTO,32EB5ab0,6fb4697e
Thu Jan  1 18:49:34 2026,3727500000,EM_ANDAMENTO,U4m8f3Q9fqth,dbcd5d0a
Thu Jan  1 18:49:36 2026,3728000000,EM_ANDAMENTO,vpU3weGF,3b0344a2
Thu Jan  1 18:49:37 2026,3728500000,EM_ANDAMENTO,AVmUL18iNL,dfcb6d5b
Thu Jan  1 18:49:39 2026,3729000000,EM_ANDAMENTO,1,ebaf5ccd
Thu Jan  1 18:49:41 2026,3729500000,EM_ANDAMENTO,iA02SHZz,6e124f79
Thu Jan  1 18:49:42 2026,3730000000,EM_ANDAMENTO,m,c5c95598
Thu Jan  1 18:49:44 2026,3730500000,EM_ANDAMENTO,dHhZbRG5K2,6740c7e2
Thu Jan  1 18:49:46 2026,3731000000,EM_ANDAMENTO,XeOYs4,85f4d095
Thu Jan  1 18:49:48 2026,3731500000,EM_ANDAMENTO,JzDd1LFHqfg,cb87c446
Thu Jan  1 18:49:50 2026,3732000000,EM_ANDAMENTO,tLCPGklvwE4,da60df3b
Thu Jan  1 18:49:51 2026,3732500000,EM_ANDAMENTO,nh8Dg,8e51096b
Thu Jan  1 18:49:53 2026,3733000000,EM_ANDAMENTO,ijmnc3,11ba342e
Thu Jan  1 18:49:55 2026,3733500000,EM_ANDAMENTO,wnkYV5wbF,56e568e4
Thu Jan  1 18:49:56 2026,3734000000,EM_ANDAMENTO,g23II7S2ku,52e15a47
Thu Jan  1 18:49:58 2026,3734500000,EM_ANDAMENTO,11gd8E,f1ab96d0
Thu Jan  1 18:50:00 2026,3735000000,EM_ANDAMENTO,YfQ8oj0Sj,a63013d4
Thu Jan  1 18:50:02 2026,3735500000,EM_ANDAMENTO,HUeDVw6j,4f6ac3d6
Thu Jan  1 18:50:04 2026,3736000000,EM_ANDAMENTO,V,55360b71
Thu Jan  1 18:50:06 2026,3736500000,EM_ANDAMENTO,O6xGx8iKb,525dfce0
Thu Jan  1 18:50:08 2026,3737000000,EM_ANDAMENTO,h,ed6dba4b
Thu Jan  1 18:50:10 2026,3737500000,EM_ANDAMENTO,y3ZcEa,65f6cdb3
Thu Jan  1 18:50:11 2026,3738000000,EM_ANDAMENTO,Tzd,f9f755b7
Thu Jan  1 18:50:13 2026,3738500000,EM_ANDAMENTO,Qp,babf66c7
Thu Jan  1 18:50:15 2026,3739000000,EM_ANDAMENTO,F5v5cS,42cfbd58
Thu Jan  1 18:50:17 2026,3739500000,EM_ANDAMENTO,AT6EBp,12301e89
Thu Jan  1 18:50:19 2026,3740000000,EM_ANDAMENTO,4p6NQKzIPm,75333c30
Thu Jan  1 18:50:21 2026,3740500000,EM_ANDAMENTO,Cns1WsXQO,187d90eb
Thu Jan  1 18:50:23 2026,3741000000,EM_ANDAMENTO,6Y3,882695b4
Thu Jan  1 18:50:24 2026,3741500000,EM_ANDAMENTO,dcmg,08e9cf67
Thu Jan  1 18:50:26 2026,3742000000,EM_ANDAMENTO,rz,c816001e
Thu Jan  1 18:50:28 2026,3742500000,EM_ANDAMENTO,GLwKzbKSM4nx,94109ca9
Thu Jan  1 18:50:30 2026,3743000000,EM_ANDAMENTO,vHs2EDlP,621baafe
Thu Jan  1 18:50:31 2026,3743500000,EM_ANDAMENTO,VCItdldF,cb42a200
Thu Jan  1 18:50:33 2026,3744000000,EM_ANDAMENTO,j5lE,36093fbe
Thu Jan  1 18:50:35 2026,3744500000,EM_ANDAMENTO,suf,ea4ee384
Thu Jan  1 18:50:37 2026,3745000000,EM_ANDAMENTO,gm1in,c7b09e57
Thu Jan  1 18:50:38 2026,3745500000,EM_ANDAMENTO,S,9934d41d
Thu Jan  1 18:50:40 2026,3746000000,EM_ANDAMENTO,vI,a4bc839a
Thu Jan  1 18:50:42 2026,3746500000,EM_ANDAMENTO,aqW,4c93c577
Thu Jan  1 18:50:43 2026,3747000000,EM_ANDAMENTO,tpRGQ,649f0946
Thu Jan  1 18:50:45 2026,3747500000,EM_ANDAMENTO,AeElal1,a840b012
Thu Jan  1 18:50:47 2026,3748000000,EM_ANDAMENTO,u79ymmbH8S,e0750e7f
Thu Jan  1 18:50:49 2026,3748500000,EM_ANDAMENTO,VmD9ONcz,8645fa39
Thu Jan  1 18:50:50 2026,3749000000,EM_ANDAMENTO,M3,3e9fce8d
Thu Jan  1 18:50:52 2026,3749500000,EM_ANDAMENTO,oKV8,8821455e
Thu Jan  1 18:50:54 2026,3750000000,EM_ANDAMENTO,k,ac20c833
Thu Jan  1 18:50:56 2026,3750500000,EM_ANDAMENTO,xsP,e271e442
Thu Jan  1 18:50:57 2026,3751000000,EM_ANDAMENTO,wt60luFoa,edef3a53
Thu Jan  1 18:50:59 2026,3751500000,EM_ANDAMENTO,OvGixlrgo,29234dc6
Thu Jan  1 18:51:01 2026,3752000000,EM_ANDAMENTO,5UjE,117a312b
Thu Jan  1 18:51:03 2026,3752500000,EM_ANDAMENTO,wF,ef7b0422
Thu Jan  1 18:51:05 2026,3753000000,EM_ANDAMENTO,2WfSQjuLXf,1286d9a4
Thu Jan  1 18:51:06 2026,3753500000,EM_ANDAMENTO,PwnzeDQy,a5f912c2
Thu Jan  1 18:51:08 2026,3754000000,EM_ANDAMENTO,XrW,8d36b029
Thu Jan  1 18:51:10 2026,3754500000,EM_ANDAMENTO,bAhb,68b2365a
Thu Jan  1 18:51:11 2026,3755000000,EM_ANDAMENTO,YYJWejwtEJs,2658bb12
Thu Jan  1 18:51:13 2026,3755500000,EM_ANDAMENTO,J,5efe2fba
Thu Jan  1 18:51:15 2026,3756000000,EM_ANDAMENTO,0yNdhWWIqMoH,5025038e
Thu Jan  1 18:51:17 2026,3756500000,EM_ANDAMENTO,0M,8c80beeb
Thu Jan  1 18:51:18 2026,3757000000,EM_ANDAMENTO,Vr,be6a98c0
Thu Jan  1 18:51:20 2026,3757500000,EM_ANDAMENTO,1jJ8GEcfTI51,eb77e819
Thu Jan  1 18:51:22 2026,3758000000,EM_ANDAMENTO,uiTpX,0b0ab756
Thu Jan  1 18:51:24 2026,3758500000,EM_ANDAMENTO,sBnk,c7e2e652
Thu Jan  1 18:51:25 2026,3759000000,EM_ANDAMENTO,WgvOgfS,e9aac541
Thu Jan  1 18:51:27 2026,3759500000,EM_ANDAMENTO,QgvEe86R7,5a9e7a0b
Thu Jan  1 18:51:29 2026,3760000000,EM_ANDAMENTO,yGw,f70ee1a1
Thu Jan  1 18:51:31 2026,3760500000,EM_ANDAMENTO,FJX,24196e0a
Thu Jan  1 18:51:32 2026,3761000000,EM_ANDAMENTO,ryXZ7R,90f2cfec
Thu Jan  1 18:51:35 2026,3761500000,EM_ANDAMENTO,hDdUQbVbPd3X,93382c8e
Thu Jan  1 18:51:36 2026,3762000000,EM_ANDAMENTO,AoxBsda4Jr7b,97c4943d
Thu Jan  1 18:51:38 2026,3762500000,EM_ANDAMENTO,ECZXMyCQY,f6ed9ba2
Thu Jan  1 18:51:40 2026,3763000000,EM_ANDAMENTO,Yk6ByH,1bcbc7de
Thu Jan  1 18:51:41 2026,3763500000,EM_ANDAMENTO,4KxPjKbCSVR,fcbcf430
Thu Jan  1 18:51:43 2026,3764000000,EM_ANDAMENTO,jr09auKq,1f441fd8
Thu Jan  1 18:51:45 2026,3764500000,EM_ANDAMENTO,8gJYC,fd12e616
Thu Jan  1 18:51:46 2026,3765000000,EM_ANDAMENTO,OpHaN6pPa,d8586f48
Thu Jan  1 18:51:48 2026,3765500000,EM_ANDAMENTO,9b,5cd818df
Thu Jan  1 18:51:50 2026,3766000000,EM_ANDAMENTO,pl3nJjXZvMi2,1cda1878
Thu Jan  1 18:51:52 2026,3766500000,EM_ANDAMENTO,0W7dR6,ee5560b6
Thu Jan  1 18:51:54 2026,3767000000,EM_ANDAMENTO,fj6U,55322650
Thu Jan  1 18:51:56 2026,3767500000,EM_ANDAMENTO,nXh,42dd9dda
Thu Jan  1 18:51:57 2026,3768000000,EM_ANDAMENTO,FftKPBW9Xtq,81c5d423
Thu Jan  1 18:51:59 2026,3768500000,EM_ANDAMENTO,p3J0uwn0G,50146d63
Thu Jan  1 18:52:01 2026,3769000000,EM_ANDAMENTO,ua2IlWshKP,330a8c22
Thu Jan  1 18:52:02 2026,3769500000,EM_ANDAMENTO,Nvu230gCZ10,e1a5865b
Thu Jan  1 18:52:04 2026,3770000000,EM_ANDAMENTO,XjZR,9e134575
Thu Jan  1 18:52:06 2026,3770500000,EM_ANDAMENTO,8IadDuVKAuX5,039362d1
Thu Jan  1 18:52:08 2026,3771000000,EM_ANDAMENTO,A,a5ba3aee
Thu Jan  1 18:52:09 2026,3771500000,EM_ANDAMENTO,0fEa,05c8f28e
Thu Jan  1 18:52:11 2026,3772000000,EM_ANDAMENTO,tOUqXgQKUt0,84a56361
Thu Jan  1 18:52:13 2026,3772500000,EM_ANDAMENTO,t,ef012cb5
Thu Jan  1 18:52:14 2026,3773000000,EM_ANDAMENTO,GLLHWV,2369fb52
Thu Jan  1 18:52:16 2026,3773500000,EM_ANDAMENTO,hsuezntXzxRM,f691d3c9
Thu Jan  1 18:52:18 2026,3774000000,EM_ANDAMENTO,DUI,3430c636
Thu Jan  1 18:52:20 2026,3774500000,EM_ANDAMENTO,LTqRBM924H,2ba9d05d
Thu Jan  1 18:52:21 2026,3775000000,EM_ANDAMENTO,LunZO,ec4a98dd
Thu Jan  1 18:52:23 2026,3775500000,EM_ANDAMENTO,Gytm2wtn,906ec812
Thu Jan  1 18:52:25 2026,3776000000,EM_ANDAMENTO,HwjmCYIMF,37ceda14
Thu Jan  1 18:52:27 2026,3776500000,EM_ANDAMENTO,UnGLWeSWP7N,04febed2
Thu Jan  1 18:52:28 2026,3777000000,EM_ANDAMENTO,E2q48f6,5f446818
Thu Jan  1 18:52:30 2026,3777500000,EM_ANDAMENTO,8olGukF,1d248a4c
Thu Jan  1 18:52:32 2026,3778000000,EM_ANDAMENTO,SRwvTZIk,c6174d82
Thu Jan  1 18:52:34 2026,3778500000,EM_ANDAMENTO,cbm,5715f281
Thu Jan  1 18:52:35 2026,3779000000,EM_ANDAMENTO,Oke,50b93d75
Thu Jan  1 18:52:37 2026,3779500000,EM_ANDAMENTO,6P,50e2ec5e
Thu Jan  1 18:52:39 2026,3780000000,EM_ANDAMENTO,s896v3sa87,077586e1
Thu Jan  1 18:52:41 2026,3780500000,EM_ANDAMENTO,UV1uia7SoVC,7c813172
Thu Jan  1 18:52:42 2026,3781000000,EM_ANDAMENTO,Xpw,169de88f
Thu Jan  1 18:52:44 2026,3781500000,EM_ANDAMENTO,K,58a8694c
Thu Jan  1 18:52:46 2026,3782000000,EM_ANDAMENTO,HGYGXqKZZ,82114b7f
Thu Jan  1 18:52:47 2026,3782500000,EM_ANDAMENTO,Y7,bcd0e247
Thu Jan  1 18:52:49 2026,3783000000,EM_ANDAMENTO,6,21d93093
Thu Jan  1 18:52:51 2026,3783500000,EM_ANDAMENTO,4zq,dd8d538f
Thu Jan  1 18:52:53 2026,3784000000,EM_ANDAMENTO,dG,96277635
Thu Jan  1 18:52:54 2026,3784500000,EM_ANDAMENTO,l,5238d98f
Thu Jan  1 18:52:56 2026,3785000000,EM_ANDAMENTO,Zs,5be0d257
Thu Jan  1 18:52:58 2026,3785500000,EM_ANDAMENTO,CTaEQa,88aa1895
Thu Jan  1 18:52:59 2026,3786000000,EM_ANDAMENTO,xNc,f5e82a69
Thu Jan  1 18:53:01 2026,3786500000,EM_ANDAMENTO,f,2c6c3bcd
Thu Jan  1 18:53:03 2026,3787000000,EM_ANDAMENTO,zUyiAl3,3c8f821f
Thu Jan  1 18:53:05 2026,3787500000,EM_ANDAMENTO,vRjz,ddba556f
Thu Jan  1 18:53:06 2026,3788000000,EM_ANDAMENTO,LLCc9qzJ7x,490f81bc
Thu Jan  1 18:53:08 2026,3788500000,EM_ANDAMENTO,B,74865dbf
Thu Jan  1 18:53:10 2026,3789000000,EM_ANDAMENTO,osw,ba071401
Thu Jan  1 18:53:12 2026,3789500000,EM_ANDAMENTO,X948M,ec1b7b99
Thu Jan  1 18:53:13 2026,3790000000,EM_ANDAMENTO,CObzcFkga,4930ae1f
Thu Jan  1 18:53:15 2026,3790500000,EM_ANDAMENTO,KFnkNz90MO,f0ff5f08
Thu Jan  1 18:53:17 2026,3791000000,EM_ANDAMENTO,ct,2229d997
Thu Jan  1 18:53:19 2026,3791500000,EM_ANDAMENTO,9GTvmz,0eb36d1c
Thu Jan  1 18:53:20 2026,3792000000,EM_ANDAMENTO,Hwhn2mW,047da65b
Thu Jan  1 18:53:22 2026,3792500000,EM_ANDAMENTO,idjh,2ce082cf
Thu Jan  1 18:53:24 2026,3793000000,EM_ANDAMENTO,0Zy,916b724d
Thu Jan  1 18:53:26 2026,3793500000,EM_ANDAMENTO,GkkrcSX,949b00a9
Thu Jan  1 18:53:28 2026,3794000000,EM_ANDAMENTO,eI,8fbc8f47
Thu Jan  1 18:53:29 2026,3794500000,EM_ANDAMENTO,QNC,8119125b
Thu Jan  1 18:53:31 2026,3795000000,EM_ANDAMENTO,y,4cccd98d
Thu Jan  1 18:53:33 2026,3795500000,EM_ANDAMENTO,pLDh4JmZg6E,ae476084
Thu Jan  1 18:53:35 2026,3796000000,EM_ANDAMENTO,tIdRwCcoHV1s,b1603553
Thu Jan  1 18:53:36 2026,3796500000,EM_ANDAMENTO,Bpd2tiNs,eaef2020
Thu Jan  1 18:53:38 2026,3797000000,EM_ANDAMENTO,TkLZsA,9760cf40
Thu Jan  1 18:53:40 2026,3797500000,EM_ANDAMENTO,IU0tjip,a9ae5720
Thu Jan  1 18:53:41 2026,3798000000,EM_ANDAMENTO,O98KA,2af979d5
Thu Jan  1 18:53:43 2026,3798500000,EM_ANDAMENTO,hqFwXArZZRu,240adbdb
Thu Jan  1 18:53:45 2026,3799000000,EM_ANDAMENTO,YS1N,6715c1d3
Thu Jan  1 18:53:47 2026,3799500000,EM_ANDAMENTO,L9JJm,dc727c9d
Thu Jan  1 18:53:48 2026,3800000000,EM_ANDAMENTO,rUTzuIFk,f86cc5da
Thu Jan  1 18:53:50 2026,3800500000,EM_ANDAMENTO,DUDLQBvYE6,dc841091
Thu Jan  1 18:53:52 2026,3801000000,EM_ANDAMENTO,dbZV58iVuC,d19c90de
Thu Jan  1 18:53:54 2026,3801500000,EM_ANDAMENTO,NRed,d952d529
Thu Jan  1 18:53:56 2026,3802000000,EM_ANDAMENTO,f,2c6c3bcd
Thu Jan  1 18:53:57 2026,3802500000,EM_ANDAMENTO,EU,55d4eaaa
Thu Jan  1 18:53:59 2026,3803000000,EM_ANDAMENTO,zC6,17d639b8
Thu Jan  1 18:54:01 2026,3803500000,EM_ANDAMENTO,YFX2ufU1,1f3c337b
Thu Jan  1 18:54:02 2026,3804000000,EM_ANDAMENTO,1L8R,d8407a21
Thu Jan  1 18:54:04 2026,3804500000,EM_ANDAMENTO,9W,c2b22eaa
Thu Jan  1 18:54:06 2026,3805000000,EM_ANDAMENTO,E0,84e652f5
Thu Jan  1 18:54:08 2026,3805500000,EM_ANDAMENTO,azsI4UH,da8495a6
Thu Jan  1 18:54:09 2026,3806000000,EM_ANDAMENTO,A8h3rkuTY0,919eac1e
Thu Jan  1 18:54:11 2026,3806500000,EM_ANDAMENTO,N,9e1bfdab
Thu Jan  1 18:54:13 2026,3807000000,EM_ANDAMENTO,YN1pqBMOSCbr,97fa40de
Thu Jan  1 18:54:15 2026,3807500000,EM_ANDAMENTO,QlZFan,624097d3
Thu Jan  1 18:54:16 2026,3808000000,EM_ANDAMENTO,UhrSpHIaOB,5aafe9f7
Thu Jan  1 18:54:18 2026,3808500000,EM_ANDAMENTO,xiqvBXf90z,b1c158ad
Thu Jan  1 18:54:20 2026,3809000000,EM_ANDAMENTO,x20zcBTngvR,770b0c56
Thu Jan  1 18:54:21 2026,3809500000,EM_ANDAMENTO,1oGByeJokg1,4a918cad
Thu Jan  1 18:54:23 2026,3810000000,EM_ANDAMENTO,7DlLly,be88eef7
Thu Jan  1 18:54:25 2026,3810500000,EM_ANDAMENTO,vijwrPu3Hu8a,f792edf8
Thu Jan  1 18:54:27 2026,3811000000,EM_ANDAMENTO,Wdpo8,dae98713
Thu Jan  1 18:54:28 2026,3811500000,EM_ANDAMENTO,y4,0268fe20
Thu Jan  1 18:54:30 2026,3812000000,EM_ANDAMENTO,SFMrGX2WB,ada6dbc0
Thu Jan  1 18:54:32 2026,3812500000,EM_ANDAMENTO,eu,7b139f60
Thu Jan  1 18:54:33 2026,3813000000,EM_ANDAMENTO,UxM47T,dd7bdfe2
Thu Jan  1 18:54:35 2026,3813500000,EM_ANDAMENTO,aknG9Nz,5c2db75b
Thu Jan  1 18:54:37 2026,3814000000,EM_ANDAMENTO,W6,3f2f8cfe
Thu Jan  1 18:54:39 2026,3814500000,EM_ANDAMENTO,wW,88342dae
Thu Jan  1 18:54:41 2026,3815000000,EM_ANDAMENTO,5mWVZt,f320d3f5
Thu Jan  1 18:54:42 2026,3815500000,EM_ANDAMENTO,MLEFj,07fe584d
Thu Jan  1 18:54:44 2026,3816000000,EM_ANDAMENTO,oykx7M,522c5f7d
Thu Jan  1 18:54:46 2026,3816500000,EM_ANDAMENTO,flWblnJy2,55b9ab6f
Thu Jan  1 18:54:47 2026,3817000000,EM_ANDAMENTO,hZT,f8dc1223
Thu Jan  1 18:54:49 2026,3817500000,EM_ANDAMENTO,0JUzr7,f38ce8ea
Thu Jan  1 18:54:51 2026,3818000000,EM_ANDAMENTO,mGOJUs4xx,877c50a4
Thu Jan  1 18:54:53 2026,3818500000,EM_ANDAMENTO,KG9t,0877464e
Thu Jan  1 18:54:54 2026,3819000000,EM_ANDAMENTO,G,81ca32e5
Thu Jan  1 18:54:56 2026,3819500000,EM_ANDAMENTO,st,dee95c05
Thu Jan  1 18:54:58 2026,3820000000,EM_ANDAMENTO,2efJWtfwa0D,f81ee645
Thu Jan  1 18:55:00 2026,3820500000,EM_ANDAMENTO,Li1lyVIdZYhj,92d8abcb
Thu Jan  1 18:55:02 2026,3821000000,EM_ANDAMENTO,7NxC,7537f5b8
Thu Jan  1 18:55:04 2026,3821500000,EM_ANDAMENTO,Fz6vmHTf,1b0c083d
Thu Jan  1 18:55:05 2026,3822000000,EM_ANDAMENTO,VFkKvr,ec9c6abf
Thu Jan  1 18:55:07 2026,3822500000,EM_ANDAMENTO,bSyXqqGTNXN,8ba16714
Thu Jan  1 18:55:09 2026,3823000000,EM_ANDAMENTO,YkhrfDKzijD,66941163
Thu Jan  1 18:55:10 2026,3823500000,EM_ANDAMENTO,PW,3257fc00
Thu Jan  1 18:55:12 2026,3824000000,EM_ANDAMENTO,Yn,7e8edd40
Thu Jan  1 18:55:14 2026,3824500000,EM_ANDAMENTO,46XRx0umIzK,27297a42
Thu Jan  1 18:55:16 2026,3825000000,EM_ANDAMENTO,Sz7QF43d,2ad3ce09
Thu Jan  1 18:55:18 2026,3825500000,EM_ANDAMENTO,1fJ8pYj3T,0e45edb7
Thu Jan  1 18:55:20 2026,3826000000,EM_ANDAMENTO,7,f99079a8
Thu Jan  1 18:55:22 2026,3826500000,EM_ANDAMENTO,ZCmlT03obo1h,cbdabe9a
Thu Jan  1 18:55:24 2026,3827000000,EM_ANDAMENTO,AUfck,4f4bfe47
Thu Jan  1 18:55:26 2026,3827500000,EM_ANDAMENTO,jrZq,a74edf60
Thu Jan  1 18:55:27 2026,3828000000,EM_ANDAMENTO,bdqF330TC6IT,2d65b516
Thu Jan  1 18:55:29 2026,3828500000,EM_ANDAMENTO,qZ6KZpavaF,5306ea05
Thu Jan  1 18:55:31 2026,3829000000,EM_ANDAMENTO,MHgo,f4ee0439
Thu Jan  1 18:55:33 2026,3829500000,EM_ANDAMENTO,sixjxn7rJcOk,9665a8cb
Thu Jan  1 18:55:34 2026,3830000000,EM_ANDAMENTO,eUYQFE,65ad2ebf
Thu Jan  1 18:55:36 2026,3830500000,EM_ANDAMENTO,RSZrxr,1367ee72
Thu Jan  1 18:55:38 2026,3831000000,EM_ANDAMENTO,TRDZStg,fef1146e
Thu Jan  1 18:55:40 2026,3831500000,EM_ANDAMENTO,pBLo9B1DH,661e2b03
Thu Jan  1 18:55:41 2026,3832000000,EM_ANDAMENTO,WjQ,7bec52f4
Thu Jan  1 18:55:43 2026,3832500000,EM_ANDAMENTO,cpDOi7,168e59a3
Thu Jan  1 18:55:45 2026,3833000000,EM_ANDAMENTO,AR,bb89c8f1
Thu Jan  1 18:55:47 2026,3833500000,EM_ANDAMENTO,O,4ac61591
Thu Jan  1 18:55:48 2026,3834000000,EM_ANDAMENTO,1Nt8vKPDWKxs,fd4da2fc
Thu Jan  1 18:55:50 2026,3834500000,EM_ANDAMENTO,zJ,8850050e
Thu Jan  1 18:55:52 2026,3835000000,EM_ANDAMENTO,MaTZa,db8620fd
Thu Jan  1 18:55:53 2026,3835500000,EM_ANDAMENTO,WgQWyAeKvI,cf18db3e
Thu Jan  1 18:55:55 2026,3836000000,EM_ANDAMENTO,xvOrJ,859a8c5c
Thu Jan  1 18:55:57 2026,3836500000,EM_ANDAMENTO,iZz8fu,c160254b
Thu Jan  1 18:55:59 2026,3837000000,EM_ANDAMENTO,NWMMWEhFxL7j,b05df083
Thu Jan  1 18:56:00 2026,3837500000,EM_ANDAMENTO,Sl1Ps8zz,ff6a56fb
Thu Jan  1 18:56:02 2026,3838000000,EM_ANDAMENTO,1ylxGILUh1u,84102dcb
Thu Jan  1 18:56:04 2026,3838500000,EM_ANDAMENTO,bgbWI,e6f86226
Thu Jan  1 18:56:06 2026,3839000000,EM_ANDAMENTO,X,a378c3f6
Thu Jan  1 18:56:07 2026,3839500000,EM_ANDAMENTO,suXKSgCcYBT,d024cad3
Thu Jan  1 18:56:09 2026,3840000000,EM_ANDAMENTO,KwXN8z2g,ed4b2c80
Thu Jan  1 18:56:11 2026,3840500000,EM_ANDAMENTO,1u5tc,4dd955c9
Thu Jan  1 18:56:12 2026,3841000000,EM_ANDAMENTO,KC2nq,d17f5578
Thu Jan  1 18:56:14 2026,3841500000,EM_ANDAMENTO,LtTkAm,b98d9393
Thu Jan  1 18:56:16 2026,3842000000,EM_ANDAMENTO,EaS0,6ea43718
Thu Jan  1 18:56:18 2026,3842500000,EM_ANDAMENTO,5sBgIuoSUOMW,b1ea52b7
Thu Jan  1 18:56:20 2026,3843000000,EM_ANDAMENTO,We,1ec36035
Thu Jan  1 18:56:21 2026,3843500000,EM_ANDAMENTO,GDq,0da52592
Thu Jan  1 18:56:23 2026,3844000000,EM_ANDAMENTO,Q0TeGqd,d56edebc
Thu Jan  1 18:56:25 2026,3844500000,EM_ANDAMENTO,bEL,2cc56f79
Thu Jan  1 18:56:27 2026,3845000000,EM_ANDAMENTO,QdMpou,b23d6278
Thu Jan  1 18:56:29 2026,3845500000,EM_ANDAMENTO,GLsZYmVlocLm,4cd949db
Thu Jan  1 18:56:30 2026,3846000000,EM_ANDAMENTO,n,68f8ea7d
Thu Jan  1 18:56:32 2026,3846500000,EM_ANDAMENTO,j,60e284f4
Thu Jan  1 18:56:34 2026,3847000000,EM_ANDAMENTO,f2,52f44672
Thu Jan  1 18:56:36 2026,3847500000,EM_ANDAMENTO,8HRn3uVqVL3,11e88b11
Thu Jan  1 18:56:37 2026,3848000000,EM_ANDAMENTO,PMHb0cS,0b008906
Thu Jan  1 18:56:39 2026,3848500000,EM_ANDAMENTO,8VZrVVkcWjVP,b3f4c136
Thu Jan  1 18:56:41 2026,3849000000,EM_ANDAMENTO,CE,5719aa85
Thu Jan  1 18:56:42 2026,3849500000,EM_ANDAMENTO,imoogPSJNM,953703ca
Thu Jan  1 18:56:44 2026,3850000000,EM_ANDAMENTO,ENa,3479acea
Thu Jan  1 18:56:46 2026,3850500000,EM_ANDAMENTO,n,68f8ea7d
Thu Jan  1 18:56:48 2026,3851000000,EM_ANDAMENTO,zb,a74a256b
Thu Jan  1 18:56:49 2026,3851500000,EM_ANDAMENTO,j403AD0EEoCL,8a7ad47d
Thu Jan  1 18:56:51 2026,3852000000,EM_ANDAMENTO,Rd6vS,46b25e4f
Thu Jan  1 18:56:53 2026,3852500000,EM_ANDAMENTO,WT4LMMLS3Q,3831b91e
Thu Jan  1 18:56:55 2026,3853000000,EM_ANDAMENTO,53EOpNiqwNV,95b28987
Thu Jan  1 18:56:56 2026,3853500000,EM_ANDAMENTO,zSR,06b40c63
Thu Jan  1 18:56:58 2026,3854000000,EM_ANDAMENTO,G6lBbxgqR,0375eba5
Thu Jan  1 18:57:00 2026,3854500000,EM_ANDAMENTO,9f,de8b498b
Thu Jan  1 18:57:02 2026,3855000000,EM_ANDAMENTO,Nk0iJ5kvwC,a8c0420a
Thu Jan  1 18:57:03 2026,3855500000,EM_ANDAMENTO,GOq,7efe6337
Thu Jan  1 18:57:05 2026,3856000000,EM_ANDAMENTO,z4dR2PftnAUJ,9d3cbeaa
Thu Jan  1 18:57:07 2026,3856500000,EM_ANDAMENTO,xO0R,b036775d
Thu Jan  1 18:57:08 2026,3857000000,EM_ANDAMENTO,c,a5c1009b
Thu Jan  1 18:57:10 2026,3857500000,EM_ANDAMENTO,S8bzpe,61accc03
Thu Jan  1 18:57:12 2026,3858000000,EM_ANDAMENTO,tYJrD,adf83920
Thu Jan  1 18:57:14 2026,3858500000,EM_ANDAMENTO,jyFHj4a9,0362d059
Thu Jan  1 18:57:15 2026,3859000000,EM_ANDAMENTO,PJvvgkwe,ae3ed5b3
Thu Jan  1 18:57:17 2026,3859500000,EM_ANDAMENTO,Ng6E7s2xd5k,cbf2d57c
Thu Jan  1 18:57:19 2026,3860000000,EM_ANDAMENTO,rIeUBLQ,5f45faff
Thu Jan  1 18:57:21 2026,3860500000,EM_ANDAMENTO,UdQWprs0q6S,165fa515
Thu Jan  1 18:57:22 2026,3861000000,EM_ANDAMENTO,52CvycC,0bd1324f
Thu Jan  1 18:57:24 2026,3861500000,EM_ANDAMENTO,RrRuFKFvzF,ab2460cd
Thu Jan  1 18:57:26 2026,3862000000,EM_ANDAMENTO,2ErPUn8,37f22e24
Thu Jan  1 18:57:28 2026,3862500000,EM_ANDAMENTO,A2,30c17d59
Thu Jan  1 18:57:29 2026,3863000000,EM_ANDAMENTO,Yhlcq64,19c9b21b
Thu Jan  1 18:57:31 2026,3863500000,EM_ANDAMENTO,JSlc5etPwgJr,64df37fc
Thu Jan  1 18:57:33 2026,3864000000,EM_ANDAMENTO,KusG29TpN,3abf7dcb
Thu Jan  1 18:57:35 2026,3864500000,EM_ANDAMENTO,kj0,c849c935
Thu Jan  1 18:57:36 2026,3865000000,EM_ANDAMENTO,Xn0,44e6ef84
Thu Jan  1 18:57:38 2026,3865500000,EM_ANDAMENTO,FPZGbS,ba8ddefa
Thu Jan  1 18:57:40 2026,3866000000,EM_ANDAMENTO,Kut,b98faea4
Thu Jan  1 18:57:42 2026,3866500000,EM_ANDAMENTO,Lg,4afe4ff3
Thu Jan  1 18:57:43 2026,3867000000,EM_ANDAMENTO,SlTCkACgrbqF,ad40bd73
Thu Jan  1 18:57:45 2026,3867500000,EM_ANDAMENTO,mLFMs,66c94dda
Thu Jan  1 18:57:47 2026,3868000000,EM_ANDAMENTO,2XtF,3a3e1aab
Thu Jan  1 18:57:49 2026,3868500000,EM_ANDAMENTO,A,a5ba3aee
Thu Jan  1 18:57:50 2026,3869000000,EM_ANDAMENTO,gWR,75c79adc
Thu Jan  1 18:57:52 2026,3869500000,EM_ANDAMENTO,2Ktck,62271c39
Thu Jan  1 18:57:54 2026,3870000000,EM_ANDAMENTO,CdygEkP,83fcabc0
Thu Jan  1 18:57:56 2026,3870500000,EM_ANDAMENTO,U6CVRoH,97f93b70
Thu Jan  1 18:57:57 2026,3871000000,EM_ANDAMENTO,4BIdDyUQgBr,9ec554cc
Thu Jan  1 18:57:59 2026,3871500000,EM_ANDAMENTO,4qmh,35f2152e
Thu Jan  1 18:58:01 2026,3872000000,EM_ANDAMENTO,gdAp,1b4eb739
Thu Jan  1 18:58:03 2026,3872500000,EM_ANDAMENTO,WZKEdxTSJ4D,b11fdd4e
Thu Jan  1 18:58:04 2026,3873000000,EM_ANDAMENTO,d2d,be3efd7c
Thu Jan  1 18:58:06 2026,3873500000,EM_ANDAMENTO,iFm0Gu3r9d1c,fb81b7ee
Thu Jan  1 18:58:08 2026,3874000000,EM_ANDAMENTO,8iTI6,d5cb6df7
Thu Jan  1 18:58:10 2026,3874500000,EM_ANDAMENTO,lK,a292bda3
Thu Jan  1 18:58:11 2026,3875000000,EM_ANDAMENTO,NyZmBJ,d57bfdbe
Thu Jan  1 18:58:13 2026,3875500000,EM_ANDAMENTO,T8mTX,aeb2c942
Thu Jan  1 18:58:15 2026,3876000000,EM_ANDAMENTO,v0yR,c9ce7d25
Thu Jan  1 18:58:16 2026,3876500000,EM_ANDAMENTO,FefJ5Gt,6f42be09
Thu Jan  1 18:58:18 2026,3877000000,EM_ANDAMENTO,GAP,46d5d5c7
Thu Jan  1 18:58:20 2026,3877500000,EM_ANDAMENTO,2c9JQMbkki2,955d321c
Thu Jan  1 18:58:22 2026,3878000000,EM_ANDAMENTO,9JztKo0f,b6ec9c73
Thu Jan  1 18:58:23 2026,3878500000,EM_ANDAMENTO,7lAeq7,5f62a34b
Thu Jan  1 18:58:25 2026,3879000000,EM_ANDAMENTO,QP1Or,02e8c1bb
Thu Jan  1 18:58:27 2026,3879500000,EM_ANDAMENTO,v9szfEVy,83384450
Thu Jan  1 18:58:29 2026,3880000000,EM_ANDAMENTO,H6Co69FQaYs,cf270d97
Thu Jan  1 18:58:30 2026,3880500000,EM_ANDAMENTO,FW,35e3ef73
Thu Jan  1 18:58:32 2026,3881000000,EM_ANDAMENTO,tghlkv2o,105187d5
Thu Jan  1 18:58:34 2026,3881500000,EM_ANDAMENTO,xYEVaB7d,d87c51ee
Thu Jan  1 18:58:36 2026,3882000000,EM_ANDAMENTO,pyoOL9q9,d7469cfe
Thu Jan  1 18:58:37 2026,3882500000,EM_ANDAMENTO,HP5sUWMtd2t,95376d75
Thu Jan  1 18:58:39 2026,3883000000,EM_ANDAMENTO,jrVw,fbc6f74f
Thu Jan  1 18:58:41 2026,3883500000,EM_ANDAMENTO,ZN,c64010d0
Thu Jan  1 18:58:42 2026,3884000000,EM_ANDAMENTO,DnJcsB,95300ba4
Thu Jan  1 18:58:44 2026,3884500000,EM_ANDAMENTO,HeZV6KqD2,36710a37
Thu Jan  1 18:58:46 2026,3885000000,EM_ANDAMENTO,t,ef012cb5
Thu Jan  1 18:58:48 2026,3885500000,EM_ANDAMENTO,er,97c80fae
Thu Jan  1 18:58:50 2026,3886000000,EM_ANDAMENTO,LyNf,e4c9be2a
Thu Jan  1 18:58:51 2026,3886500000,EM_ANDAMENTO,NmX,dd2df895
Thu Jan  1 18:58:53 2026,3887000000,EM_ANDAMENTO,R,613edcc8
Thu Jan  1 18:58:55 2026,3887500000,EM_ANDAMENTO,T8k7EiGw4Xa,8ac70346
Thu Jan  1 18:58:56 2026,3888000000,EM_ANDAMENTO,HZ86RVCHEgKB,10b299fb
Thu Jan  1 18:58:58 2026,3888500000,EM_ANDAMENTO,5F,9c85c0ed
Thu Jan  1 18:59:00 2026,3889000000,EM_ANDAMENTO,Ym9igE0bJFOt,a345cad7
Thu Jan  1 18:59:02 2026,3889500000,EM_ANDAMENTO,Io3WFoz08,e734eda3
Thu Jan  1 18:59:03 2026,3890000000,EM_ANDAMENTO,EyT,cd01470c
Thu Jan  1 18:59:05 2026,3890500000,EM_ANDAMENTO,fK8Ghpeb1fdh,ce2e3c8a
Thu Jan  1 18:59:07 2026,3891000000,EM_ANDAMENTO,nrRID9I,9f5bd20b
Thu Jan  1 18:59:09 2026,3891500000,EM_ANDAMENTO,EK,b1cae0be
Thu Jan  1 18:59:10 2026,3892000000,EM_ANDAMENTO,dix5Z0w,6f80fd0d
Thu Jan  1 18:59:12 2026,3892500000,EM_ANDAMENTO,lpN3YtknUU,d25a193c
Thu Jan  1 18:59:14 2026,3893000000,EM_ANDAMENTO,zaMaaRPXg0m,8e66432c
Thu Jan  1 18:59:16 2026,3893500000,EM_ANDAMENTO,OV,7997a2f7
Thu Jan  1 18:59:17 2026,3894000000,EM_ANDAMENTO,blo,032bfd71
Thu Jan  1 18:59:19 2026,3894500000,EM_ANDAMENTO,0YUsgMUXyMfP,561abddd
Thu Jan  1 18:59:21 2026,3895000000,EM_ANDAMENTO,VOwsC,45166841
Thu Jan  1 18:59:22 2026,3895500000,EM_ANDAMENTO,02,6b192979
Thu Jan  1 18:59:24 2026,3896000000,EM_ANDAMENTO,wgF4cKL,61cf0e31
Thu Jan  1 18:59:26 2026,3896500000,EM_ANDAMENTO,3kNY5ap7c,7d7373a4
Thu Jan  1 18:59:28 2026,3897000000,EM_ANDAMENTO,eiCYiiJ,f22d90a3
Thu Jan  1 18:59:30 2026,3897500000,EM_ANDAMENTO,oC2z4Y7,e9d36cd9
Thu Jan  1 18:59:31 2026,3898000000,EM_ANDAMENTO,e4q,3c7c3fff
Thu Jan  1 18:59:33 2026,3898500000,EM_ANDAMENTO,nPuw3S3P5q0,babb7ffc
Thu Jan  1 18:59:35 2026,3899000000,EM_ANDAMENTO,1V,2b38ccd7
Thu Jan  1 18:59:37 2026,3899500000,EM_ANDAMENTO,XBKODX5x7,3d5c8f4b
Thu Jan  1 18:59:38 2026,3900000000,EM_ANDAMENTO,FVGk,8e6a5c31
Thu Jan  1 18:59:40 2026,3900500000,EM_ANDAMENTO,Hp08Yi2m,09df7757
Thu Jan  1 18:59:42 2026,3901000000,EM_ANDAMENTO,31RFJdU,a2c9e1c8
Thu Jan  1 18:59:43 2026,3901500000,EM_ANDAMENTO,N,9e1bfdab
Thu Jan  1 18:59:45 2026,3902000000,EM_ANDAMENTO,Yiq4fg,46ce140b
Thu Jan  1 18:59:47 2026,3902500000,EM_ANDAMENTO,ToJBXEcIx0,97009d61
Thu Jan  1 18:59:49 2026,3903000000,EM_ANDAMENTO,m5aEfUFEOy3y,fffe115c
Thu Jan  1 18:59:50 2026,3903500000,EM_ANDAMENTO,0QP6L,5f13eae1
Thu Jan  1 18:59:52 2026,3904000000,EM_ANDAMENTO,Hb5Dj4YY64B,91c30ad4
Thu Jan  1 18:59:54 2026,3904500000,EM_ANDAMENTO,801RXMHDw4u,2f55d5b2
Thu Jan  1 18:59:56 2026,3905000000,EM_ANDAMENTO,ygOVuIKNx,57f9bdcc
Thu Jan  1 18:59:57 2026,3905500000,EM_ANDAMENTO,JC5oeQo9N,6b6ad1f5
Thu Jan  1 18:59:59 2026,3906000000,EM_ANDAMENTO,JnX2ws0w,f885128b
Thu Jan  1 19:00:01 2026,3906500000,EM_ANDAMENTO,y38,d9eca693
Thu Jan  1 19:00:03 2026,3907000000,EM_ANDAMENTO,2OaSwl,392baf9b
Thu Jan  1 19:00:05 2026,3907500000,EM_ANDAMENTO,HzMm,ff10aa2c
Thu Jan  1 19:00:06 2026,3908000000,EM_ANDAMENTO,lat,5cc7262c
Thu Jan  1 19:00:08 2026,3908500000,EM_ANDAMENTO,m0kXtixIJE,f8a55bd5
Thu Jan  1 19:00:10 2026,3909000000,EM_ANDAMENTO,GdweLnKpbZ,4b40976a
Thu Jan  1 19:00:12 2026,3909500000,EM_ANDAMENTO,uGHKQ4,8ba75cb5
Thu Jan  1 19:00:13 2026,3910000000,EM_ANDAMENTO,ty8VDDv,2a21f0bd
Thu Jan  1 19:00:15 2026,3910500000,EM_ANDAMENTO,Xe,3601d99b
Thu Jan  1 19:00:17 2026,3911000000,EM_ANDAMENTO,aivgwiD2qR0,76f7c70a
Thu Jan  1 19:00:19 2026,3911500000,EM_ANDAMENTO,9ziqbplyEfS,604863f8
Thu Jan  1 19:00:20 2026,3912000000,EM_ANDAMENTO,jjnB,94095500
Thu Jan  1 19:00:22 2026,3912500000,EM_ANDAMENTO,ckgjXZCUTS1,dd12e721
Thu Jan  1 19:00:24 2026,3913000000,EM_ANDAMENTO,t1DNoq6eVUiE,f7fa6f5c
Thu Jan  1 19:00:26 2026,3913500000,EM_ANDAMENTO,ETUrsC,5cd0d5cf
Thu Jan  1 19:00:27 2026,3914000000,EM_ANDAMENTO,v02K,5ff707c9
Thu Jan  1 19:00:29 2026,3914500000,EM_ANDAMENTO,Chq088km7,a97a9a5a
Thu Jan  1 19:00:31 2026,3915000000,EM_ANDAMENTO,k3Loj2Z7X0h,6cd45a44
Thu Jan  1 19:00:33 2026,3915500000,EM_ANDAMENTO,Q3,c831e8d7
Thu Jan  1 19:00:35 2026,3916000000,EM_ANDAMENTO,y94ySbdvik,7f2387a4
Thu Jan  1 19:00:36 2026,3916500000,EM_ANDAMENTO,9S,9af9ef1f
Thu Jan  1 19:00:38 2026,3917000000,EM_ANDAMENTO,rnAa4vMjUMPi,c71b41e7
Thu Jan  1 19:00:40 2026,3917500000,EM_ANDAMENTO,zIJjmsIq6a3D,f8186a5c
Thu Jan  1 19:00:41 2026,3918000000,EM_ANDAMENTO,ljGMD,dbd0823d
Thu Jan  1 19:00:43 2026,3918500000,EM_ANDAMENTO,3Ch,de828002
Thu Jan  1 19:00:45 2026,3919000000,EM_ANDAMENTO,ZFrqf8WUtf,a402686d
Thu Jan  1 19:00:47 2026,3919500000,EM_ANDAMENTO,rLSYg6W,b64a5b82
Thu Jan  1 19:00:48 2026,3920000000,EM_ANDAMENTO,2rsbuNAp5T,fb124af7
Thu Jan  1 19:00:50 2026,3920500000,EM_ANDAMENTO,gETxDRcgBEa0,5bc36e1a
Thu Jan  1 19:00:52 2026,3921000000,EM_ANDAMENTO,RWjOYJT,05dfac56
Thu Jan  1 19:00:53 2026,3921500000,EM_ANDAMENTO,VIMTWuB7J7N,9f087402
Thu Jan  1 19:00:55 2026,3922000000,EM_ANDAMENTO,qdaE,968b2e6f
Thu Jan  1 19:00:57 2026,3922500000,EM_ANDAMENTO,EAEGHyHeQ6y,824bedc8
Thu Jan  1 19:00:59 2026,3923000000,EM_ANDAMENTO,WpwarJldF,811112b6
Thu Jan  1 19:01:00 2026,3923500000,EM_ANDAMENTO,7G5,5c9234d0
Thu Jan  1 19:01:02 2026,3924000000,EM_ANDAMENTO,G6xfXfUuU0A,755d5000
Thu Jan  1 19:01:04 2026,3924500000,EM_ANDAMENTO,GltgR,99200baa
Thu Jan  1 19:01:06 2026,3925000000,EM_ANDAMENTO,7cCMbyE,78d638da
Thu Jan  1 19:01:07 2026,3925500000,EM_ANDAMENTO,Sv8o,640618cf
Thu Jan  1 19:01:09 2026,3926000000,EM_ANDAMENTO,YxyipyJRFp1E,955b4943
Thu Jan  1 19:01:11 2026,3926500000,EM_ANDAMENTO,0NQpK,546bb442
Thu Jan  1 19:01:13 2026,3927000000,EM_ANDAMENTO,MzxmpQoEC7JC,1a406831
Thu Jan  1 19:01:14 2026,3927500000,EM_ANDAMENTO,VWl1Wo,b1aa2ebf
Thu Jan  1 19:01:16 2026,3928000000,EM_ANDAMENTO,12sX43t2cL,20d3f491
Thu Jan  1 19:01:18 2026,3928500000,EM_ANDAMENTO,00MyLElPt9Ds,5a01396d
Thu Jan  1 19:01:19 2026,3929000000,EM_ANDAMENTO,OISaBk,49e530b3
Thu Jan  1 19:01:21 2026,3929500000,EM_ANDAMENTO,Oaa215OD3,469b96b5
Thu Jan  1 19:01:23 2026,3930000000,EM_ANDAMENTO,N9zHH0YgP6N,d4e0eff4
Thu Jan  1 19:01:25 2026,3930500000,EM_ANDAMENTO,qFwSxqh4LW,ac284a29
Thu Jan  1 19:01:27 2026,3931000000,EM_ANDAMENTO,NtOqeOaztXW,7752e95e
Thu Jan  1 19:01:28 2026,3931500000,EM_ANDAMENTO,0CpPJN8KP,5f889e7f
Thu Jan  1 19:01:30 2026,3932000000,EM_ANDAMENTO,Ck6bHTk1XiE,eadc9eeb
Thu Jan  1 19:01:32 2026,3932500000,EM_ANDAMENTO,r9in8TYJ,c5448544
Thu Jan  1 19:01:33 2026,3933000000,EM_ANDAMENTO,cmrNqrakw,4a811578
Thu Jan  1 19:01:35 2026,3933500000,EM_ANDAMENTO,HZGXq,486119cb
Thu Jan  1 19:01:37 2026,3934000000,EM_ANDAMENTO,m7h6i8,87ffb692
Thu Jan  1 19:01:39 2026,3934500000,EM_ANDAMENTO,I27BlLcP,6112ea6d
Thu Jan  1 19:01:40 2026,3935000000,EM_ANDAMENTO,5nxIg1DmAiAR,2c89c5ce
Thu Jan  1 19:01:42 2026,3935500000,EM_ANDAMENTO,3EH20F2a9,da3a5595
Thu Jan  1 19:01:44 2026,3936000000,EM_ANDAMENTO,ZiUas,da8c5314
Thu Jan  1 19:01:46 2026,3936500000,EM_ANDAMENTO,24tF3KhlF2ra,52cc3d2f
Thu Jan  1 19:01:47 2026,3937000000,EM_ANDAMENTO,1CQ4VG,f4a73537
Thu Jan  1 19:01:49 2026,3937500000,EM_ANDAMENTO,q30jUroS,1e9e67e8
Thu Jan  1 19:01:51 2026,3938000000,EM_ANDAMENTO,QTuwvHxgI,c4f5e751
Thu Jan  1 19:01:53 2026,3938500000,EM_ANDAMENTO,XwYdD,1113c41e
Thu Jan  1 19:01:54 2026,3939000000,EM_ANDAMENTO,iJnF8m,bd078f75
Thu Jan  1 19:01:56 2026,3939500000,EM_ANDAMENTO,idd73HyXB,5559cf6c
Thu Jan  1 19:01:58 2026,3940000000,EM_ANDAMENTO,fZewvCrYp8,1b543f05
Thu Jan  1 19:02:00 2026,3940500000,EM_ANDAMENTO,K40EVM6YV8Q,0655bfc2
Thu Jan  1 19:02:01 2026,3941000000,EM_ANDAMENTO,8TWerN6v,868bdd71
Thu Jan  1 19:02:03 2026,3941500000,EM_ANDAMENTO,5N,6db31ad4
Thu Jan  1 19:02:05 2026,3942000000,EM_ANDAMENTO,6f,e5e6004e
Thu Jan  1 19:02:06 2026,3942500000,EM_ANDAMENTO,37JAD2FBHn,7ccf87e0
Thu Jan  1 19:02:08 2026,3943000000,EM_ANDAMENTO,Y46l,e6fd57b7
Thu Jan  1 19:02:10 2026,3943500000,EM_ANDAMENTO,ioM5PfcT1Ui,aec3d8d8
Thu Jan  1 19:02:12 2026,3944000000,EM_ANDAMENTO,bIB,72cf0071
Thu Jan  1 19:02:13 2026,3944500000,EM_ANDAMENTO,2fKu2qMDQ8ZR,ab5700a0
Thu Jan  1 19:02:15 2026,3945000000,EM_ANDAMENTO,pA,ca95e6cc
Thu Jan  1 19:02:17 2026,3945500000,EM_ANDAMENTO,y7Ovkzrz7h4y,6e6c6d19
Thu Jan  1 19:02:19 2026,3946000000,EM_ANDAMENTO,56tElVzoDlp,88b87b39
Thu Jan  1 19:02:20 2026,3946500000,EM_ANDAMENTO,4,f7275a1e
Thu Jan  1 19:02:22 2026,3947000000,EM_ANDAMENTO,EFWIS,1231a4e2
Thu Jan  1 19:02:24 2026,3947500000,EM_ANDAMENTO,vDXpxievic7,f2bda8e6
Thu Jan  1 19:02:26 2026,3948000000,EM_ANDAMENTO,ioG0iN,62b73646
Thu Jan  1 19:02:27 2026,3948500000,EM_ANDAMENTO,rEHRVp8NFm4,92975e6f
Thu Jan  1 19:02:29 2026,3949000000,EM_ANDAMENTO,BZf7,20cf38af
Thu Jan  1 19:02:31 2026,3949500000,EM_ANDAMENTO,khm,0f74b5bb
Thu Jan  1 19:02:32 2026,3950000000,EM_ANDAMENTO,4TAWPb5oFJ,b2eb79de
Thu Jan  1 19:02:34 2026,3950500000,EM_ANDAMENTO,j,60e284f4
Thu Jan  1 19:02:36 2026,3951000000,EM_ANDAMENTO,puQElgBu,170d36d3
Thu Jan  1 19:02:38 2026,3951500000,EM_ANDAMENTO,TF1kNvSO,225bba27
Thu Jan  1 19:02:39 2026,3952000000,EM_ANDAMENTO,8WY1ekw8,952068d8
Thu Jan  1 19:02:41 2026,3952500000,EM_ANDAMENTO,72r4GrOy,2a1186d4
Thu Jan  1 19:02:43 2026,3953000000,EM_ANDAMENTO,f3z6em6eVc4S,aba28572
Thu Jan  1 19:02:45 2026,3953500000,EM_ANDAMENTO,VBPc5iLXzzs,25db6836
Thu Jan  1 19:02:46 2026,3954000000,EM_ANDAMENTO,oRZv8FPO0P,1be7c16e
Thu Jan  1 19:02:48 2026,3954500000,EM_ANDAMENTO,2tsvFjCzJ,1b62af34
Thu Jan  1 19:02:50 2026,3955000000,EM_ANDAMENTO,yS3STyXk48U,55b7a9d8
Thu Jan  1 19:02:52 2026,3955500000,EM_ANDAMENTO,gBj7ICX5fT41,8abf44a4
Thu Jan  1 19:02:53 2026,3956000000,EM_ANDAMENTO,oToL,5d39f22c
Thu Jan  1 19:02:55 2026,3956500000,EM_ANDAMENTO,PKvOZ,bce985b4
Thu Jan  1 19:02:57 2026,3957000000,EM_ANDAMENTO,bLKfr7,d2969f54
Thu Jan  1 19:02:59 2026,3957500000,EM_ANDAMENTO,3DqWe,3b371d71
Thu Jan  1 19:03:00 2026,3958000000,EM_ANDAMENTO,GsX3iTXAE,d10288b9
Thu Jan  1 19:03:02 2026,3958500000,EM_ANDAMENTO,jDG,95f863e7
Thu Jan  1 19:03:04 2026,3959000000,EM_ANDAMENTO,RRE,65a10880
Thu Jan  1 19:03:06 2026,3959500000,EM_ANDAMENTO,F0A6NyN,6a647393
Thu Jan  1 19:03:07 2026,3960000000,EM_ANDAMENTO,Z4hNdaonN54,fb017462
Thu Jan  1 19:03:09 2026,3960500000,EM_ANDAMENTO,zXUh5c,c5c15b8c
Thu Jan  1 19:03:11 2026,3961000000,EM_ANDAMENTO,UDmCHM,8e0798e5
Thu Jan  1 19:03:13 2026,3961500000,EM_ANDAMENTO,CL,1c76b45f
Thu Jan  1 19:03:14 2026,3962000000,EM_ANDAMENTO,Qh,2ba65a51
Thu Jan  1 19:03:16 2026,3962500000,EM_ANDAMENTO,Qcp,c0a8ea74
Thu Jan  1 19:03:18 2026,3963000000,EM_ANDAMENTO,Ns3W,c8c0e419
Thu Jan  1 19:03:20 2026,3963500000,EM_ANDAMENTO,01T,9157d3c1
Thu Jan  1 19:03:21 2026,3964000000,EM_ANDAMENTO,x0hCcFegfxd,c4cbc792
Thu Jan  1 19:03:23 2026,3964500000,EM_ANDAMENTO,Y,5bf27867
Thu Jan  1 19:03:25 2026,3965000000,EM_ANDAMENTO,ISluSsKXP,03f66cd3
Thu Jan  1 19:03:27 2026,3965500000,EM_ANDAMENTO,lSEGb,b9d24664
Thu Jan  1 19:03:28 2026,3966000000,EM_ANDAMENTO,sMQQVe5e,81c448ff
Thu Jan  1 19:03:30 2026,3966500000,EM_ANDAMENTO,aj,b127abee
Thu Jan  1 19:03:32 2026,3967000000,EM_ANDAMENTO,alY,6b02a980
Thu Jan  1 19:03:33 2026,3967500000,EM_ANDAMENTO,wcyriE,beeded91
Thu Jan  1 19:03:35 2026,3968000000,EM_ANDAMENTO,Y8Nb83kfANW,fd97b4df
Thu Jan  1 19:03:37 2026,3968500000,EM_ANDAMENTO,R,613edcc8
Thu Jan  1 19:03:39 2026,3969000000,EM_ANDAMENTO,2CPlPzzm1lxR,a0532da1
Thu Jan  1 19:03:40 2026,3969500000,EM_ANDAMENTO,bKDkWv2hT,8fcdc353
Thu Jan  1 19:03:42 2026,3970000000,EM_ANDAMENTO,D7OQZVr,5e9b4fa5
Thu Jan  1 19:03:44 2026,3970500000,EM_ANDAMENTO,U,286668ef
Thu Jan  1 19:03:46 2026,3971000000,EM_ANDAMENTO,qq1q2yQM3,f9c6283d
Thu Jan  1 19:03:47 2026,3971500000,EM_ANDAMENTO,0UE5mU,1e1ca536
Thu Jan  1 19:03:49 2026,3972000000,EM_ANDAMENTO,I,9264d438
Thu Jan  1 19:03:51 2026,3972500000,EM_ANDAMENTO,lp2z7JhLdg,c79ed3f0
Thu Jan  1 19:03:53 2026,3973000000,EM_ANDAMENTO,MF2leQcNfBA,9c4b854e
Thu Jan  1 19:03:54 2026,3973500000,EM_ANDAMENTO,1oSYaNFwtg,dda07e67
Thu Jan  1 19:03:56 2026,3974000000,EM_ANDAMENTO,NJsWF3,d32cf2dd
Thu Jan  1 19:03:58 2026,3974500000,EM_ANDAMENTO,TksqJS,ef094f75
Thu Jan  1 19:03:59 2026,3975000000,EM_ANDAMENTO,Z8Ea23235KS,4e344a47
Thu Jan  1 19:04:01 2026,3975500000,EM_ANDAMENTO,63F,0c42a19c
Thu Jan  1 19:04:03 2026,3976000000,EM_ANDAMENTO,qKfDDo8tCWif,0c9f112c
Thu Jan  1 19:04:05 2026,3976500000,EM_ANDAMENTO,We8s8F,e8633d42
Thu Jan  1 19:04:06 2026,3977000000,EM_ANDAMENTO,2TnNz,cf1e06dd
Thu Jan  1 19:04:08 2026,3977500000,EM_ANDAMENTO,9G1vhscm,a03833bb
Thu Jan  1 19:04:10 2026,3978000000,EM_ANDAMENTO,THblGG,9e60761a
Thu Jan  1 19:04:12 2026,3978500000,EM_ANDAMENTO,FgiGBBid,73785023
Thu Jan  1 19:04:13 2026,3979000000,EM_ANDAMENTO,7,f99079a8
Thu Jan  1 19:04:15 2026,3979500000,EM_ANDAMENTO,27vsi7iF,584f12a9
Thu Jan  1 19:04:17 2026,3980000000,EM_ANDAMENTO,rRy4j8ZPar,f7cc5450
Thu Jan  1 19:04:19 2026,3980500000,EM_ANDAMENTO,nBvNg,1f52a8ce
Thu Jan  1 19:04:20 2026,3981000000,EM_ANDAMENTO,34crS76zOoyG,f7be2d8c
Thu Jan  1 19:04:22 2026,3981500000,EM_ANDAMENTO,ExxSmSagh,1524a015
Thu Jan  1 19:04:24 2026,3982000000,EM_ANDAMENTO,PAihQGpNc5,bef5be86
Thu Jan  1 19:04:26 2026,3982500000,EM_ANDAMENTO,51V9X3MzUb,15de9741
Thu Jan  1 19:04:27 2026,3983000000,EM_ANDAMENTO,n6i7VDvpacTC,cf23b1a0
Thu Jan  1 19:04:29 2026,3983500000,EM_ANDAMENTO,TSLBxxD,b9ba316d
Thu Jan  1 19:04:31 2026,3984000000,EM_ANDAMENTO,yk,995b109e
Thu Jan  1 19:04:32 2026,3984500000,EM_ANDAMENTO,l76zJats,3c0c4095
Thu Jan  1 19:04:34 2026,3985000000,EM_ANDAMENTO,xGk21AvfA,7e4a70f9
Thu Jan  1 19:04:36 2026,3985500000,EM_ANDAMENTO,4SF,a5c9911e
Thu Jan  1 19:04:38 2026,3986000000,EM_ANDAMENTO,Cm3UYr,46dde543
Thu Jan  1 19:04:39 2026,3986500000,EM_ANDAMENTO,uTLHPyCSC,d28a6aa5
Thu Jan  1 19:04:41 2026,3987000000,EM_ANDAMENTO,8TtGTr,351c92d3
Thu Jan  1 19:04:43 2026,3987500000,EM_ANDAMENTO,5G8mJGHhlPwo,cac98960
Thu Jan  1 19:04:45 2026,3988000000,EM_ANDAMENTO,Dhlvcu,ace6e257
Thu Jan  1 19:04:46 2026,3988500000,EM_ANDAMENTO,4jRf,881aebd6
Thu Jan  1 19:04:48 2026,3989000000,EM_ANDAMENTO,lravlhddJgJ,9728e7f0
Thu Jan  1 19:04:50 2026,3989500000,EM_ANDAMENTO,55mhTmu,ac6da682
Thu Jan  1 19:04:52 2026,3990000000,EM_ANDAMENTO,hIw,8c84233a
Thu Jan  1 19:04:53 2026,3990500000,EM_ANDAMENTO,zlTNsd,847502db
Thu Jan  1 19:04:55 2026,3991000000,EM_ANDAMENTO,9BEe4gnF,e293bc05
Thu Jan  1 19:04:57 2026,3991500000,EM_ANDAMENTO,M,b969a39b
Thu Jan  1 19:04:58 2026,3992000000,EM_ANDAMENTO,idVp0Y2GT,6dcaa719
Thu Jan  1 19:05:01 2026,3992500000,EM_ANDAMENTO,nKtQyg6DGgjQ,47910e7a
Thu Jan  1 19:05:03 2026,3993000000,EM_ANDAMENTO,DGhDJ9,3abbbbf0
Thu Jan  1 19:05:05 2026,3993500000,EM_ANDAMENTO,o,a0b20673
Thu Jan  1 19:05:06 2026,3994000000,EM_ANDAMENTO,h,ed6dba4b
Thu Jan  1 19:05:08 2026,3994500000,EM_ANDAMENTO,1s,25eca5e5
Thu Jan  1 19:05:10 2026,3995000000,EM_ANDAMENTO,8,cac75ec7
Thu Jan  1 19:05:11 2026,3995500000,EM_ANDAMENTO,YvtAPYU,3d10e2ce
Thu Jan  1 19:05:13 2026,3996000000,EM_ANDAMENTO,bz6FzYhhCg,89c671aa
Thu Jan  1 19:05:15 2026,3996500000,EM_ANDAMENTO,v,904f2f17
Thu Jan  1 19:05:17 2026,3997000000,EM_ANDAMENTO,Af1Ya9dJ,ac94b1c2
Thu Jan  1 19:05:18 2026,3997500000,EM_ANDAMENTO,1F7MSn1I2b,02e751e6
Thu Jan  1 19:05:20 2026,3998000000,EM_ANDAMENTO,QqVqJL,db6ff7f2
Thu Jan  1 19:05:22 2026,3998500000,EM_ANDAMENTO,gl9rbPMWI6,369568a9
Thu Jan  1 19:05:24 2026,3999000000,EM_ANDAMENTO,eQPKdY5Zjw,1be3dcd9
Thu Jan  1 19:05:26 2026,3999500000,EM_ANDAMENTO,AACCXnJf,8d7e42fb
Thu Jan  1 19:05:27 2026,4000000000,EM_ANDAMENTO,TB9V,942a7881
Thu Jan  1 19:05:29 2026,4000500000,EM_ANDAMENTO,fJkMdYs51vL,e5231377
Thu Jan  1 19:05:31 2026,4001000000,EM_ANDAMENTO,A6Q0,38e46ea5
Thu Jan  1 19:05:33 2026,4001500000,EM_ANDAMENTO,eFHuK0IaJh,1907b32a
Thu Jan  1 19:05:34 2026,4002000000,EM_ANDAMENTO,h2WgSBVf0,081a57f3
Thu Jan  1 19:05:36 2026,4002500000,EM_ANDAMENTO,R21zkhd3E4,ba63a898
Thu Jan  1 19:05:38 2026,4003000000,EM_ANDAMENTO,5SfE5Z1,c80ec3ce
Thu Jan  1 19:05:39 2026,4003500000,EM_ANDAMENTO,aTA,1fe82c5f
Thu Jan  1 19:05:41 2026,4004000000,EM_ANDAMENTO,j,60e284f4
Thu Jan  1 19:05:43 2026,4004500000,EM_ANDAMENTO,Q5B5,644f5b45
Thu Jan  1 19:05:45 2026,4005000000,EM_ANDAMENTO,Q6dQ3C,fb80bf3a
Thu Jan  1 19:05:47 2026,4005500000,EM_ANDAMENTO,VXFORdK,320d29b1
Thu Jan  1 19:05:48 2026,4006000000,EM_ANDAMENTO,YZSShKGO6w,40d5771d
Thu Jan  1 19:05:50 2026,4006500000,EM_ANDAMENTO,5A6CZni8Is,a534463d
Thu Jan  1 19:05:52 2026,4007000000,EM_ANDAMENTO,pVKsddcR,4096f0a0
Thu Jan  1 19:05:53 2026,4007500000,EM_ANDAMENTO,e35zn,3a58d68f
Thu Jan  1 19:05:55 2026,4008000000,EM_ANDAMENTO,J2VMTmA56H1,146dfe05
Thu Jan  1 19:05:57 2026,4008500000,EM_ANDAMENTO,uLDwMYiUFtH,04372efc
Thu Jan  1 19:05:59 2026,4009000000,EM_ANDAMENTO,ZAX6Ne4upIv,461021de
Thu Jan  1 19:06:00 2026,4009500000,EM_ANDAMENTO,Wk2J3cm,afdb4c47
Thu Jan  1 19:06:02 2026,4010000000,EM_ANDAMENTO,9T9lCf,612f6bca
Thu Jan  1 19:06:04 2026,4010500000,EM_ANDAMENTO,z,bb66897e
Thu Jan  1 19:06:06 2026,4011000000,EM_ANDAMENTO,BAOJRDmuG,63bbc57e
Thu Jan  1 19:06:07 2026,4011500000,EM_ANDAMENTO,pV7B0hdmJiYX,7b9bf9bf
Thu Jan  1 19:06:09 2026,4012000000,EM_ANDAMENTO,nH,ed8735b4
Thu Jan  1 19:06:11 2026,4012500000,EM_ANDAMENTO,Y772mqo4Kh,94821bb7
Thu Jan  1 19:06:13 2026,4013000000,EM_ANDAMENTO,n6uPsi2dk4i,9fad2010
Thu Jan  1 19:06:14 2026,4013500000,EM_ANDAMENTO,T8aeeWQb,be4c4cc2
Thu Jan  1 19:06:16 2026,4014000000,EM_ANDAMENTO,aSo,3ddaf249
Thu Jan  1 19:06:18 2026,4014500000,EM_ANDAMENTO,2wycX,35d5c813
Thu Jan  1 19:06:19 2026,4015000000,EM_ANDAMENTO,Kw,646aac23
Thu Jan  1 19:06:21 2026,4015500000,EM_ANDAMENTO,v65D7,56aab512
Thu Jan  1 19:06:23 2026,4016000000,EM_ANDAMENTO,1xd2yy,e210a0ee
Thu Jan  1 19:06:25 2026,4016500000,EM_ANDAMENTO,pF,3e60d2d5
Thu Jan  1 19:06:26 2026,4017000000,EM_ANDAMENTO,6b,94826f30
Thu Jan  1 19:06:28 2026,4017500000,EM_ANDAMENTO,K5S,56c14131
Thu Jan  1 19:06:30 2026,4018000000,EM_ANDAMENTO,ws6k1m,99f42888
Thu Jan  1 19:06:31 2026,4018500000,EM_ANDAMENTO,gSnL4vKIM,c62a0d16
Thu Jan  1 19:06:33 2026,4019000000,EM_ANDAMENTO,ndNZNQx79crD,c901214c
Thu Jan  1 19:06:35 2026,4019500000,EM_ANDAMENTO,Zo6X3t3t,7a71257f
Thu Jan  1 19:06:37 2026,4020000000,EM_ANDAMENTO,lgf,792458da
Thu Jan  1 19:06:38 2026,4020500000,EM_ANDAMENTO,42,604ed977
Thu Jan  1 19:06:40 2026,4021000000,EM_ANDAMENTO,JrMihPT,8f185c7c
Thu Jan  1 19:06:42 2026,4021500000,EM_ANDAMENTO,WOasPpv,78d1c8ff
Thu Jan  1 19:06:44 2026,4022000000,EM_ANDAMENTO,ji7Xl1k3S,67bf994b
Thu Jan  1 19:06:45 2026,4022500000,EM_ANDAMENTO,Z1DlnvVv4,dc5484a8
Thu Jan  1 19:06:47 2026,4023000000,EM_ANDAMENTO,5T9AgZU,2c943a9b
Thu Jan  1 19:06:49 2026,4023500000,EM_ANDAMENTO,GuOpHWU,7de032cd
Thu Jan  1 19:06:50 2026,4024000000,EM_ANDAMENTO,MjDM2F,b4ea6228
Thu Jan  1 19:06:52 2026,4024500000,EM_ANDAMENTO,QLgAS,1f592284
Thu Jan  1 19:06:54 2026,4025000000,EM_ANDAMENTO,7o3f6Vb8e,a94b9f80
Thu Jan  1 19:06:56 2026,4025500000,EM_ANDAMENTO,yvJo,3a1d96be
Thu Jan  1 19:06:57 2026,4026000000,EM_ANDAMENTO,s0,9bb649c9
Thu Jan  1 19:06:59 2026,4026500000,EM_ANDAMENTO,kSfgvhXh9094,903dc9f5
Thu Jan  1 19:07:01 2026,4027000000,EM_ANDAMENTO,FTf,d4351154
Thu Jan  1 19:07:03 2026,4027500000,EM_ANDAMENTO,Nyl,131bde6d
Thu Jan  1 19:07:04 2026,4028000000,EM_ANDAMENTO,fIzfViig,10e6c09a
Thu Jan  1 19:07:06 2026,4028500000,EM_ANDAMENTO,f3irPssg,cbd3bced
Thu Jan  1 19:07:08 2026,4029000000,EM_ANDAMENTO,O,4ac61591
Thu Jan  1 19:07:10 2026,4029500000,EM_ANDAMENTO,fVnfd9L24,e82bac2c
Thu Jan  1 19:07:11 2026,4030000000,EM_ANDAMENTO,IFJiQuJL7,ade70085
Thu Jan  1 19:07:13 2026,4030500000,EM_ANDAMENTO,GgP,60faf097
Thu Jan  1 19:07:15 2026,4031000000,EM_ANDAMENTO,EMh7,1d74ad70
Thu Jan  1 19:07:16 2026,4031500000,EM_ANDAMENTO,kRn9LmhkNz,77e59d53
Thu Jan  1 19:07:18 2026,4032000000,EM_ANDAMENTO,Z5CsUkOxE,073cff92
Thu Jan  1 19:07:20 2026,4032500000,EM_ANDAMENTO,aDsp94ug,0272cd91
Thu Jan  1 19:07:22 2026,4033000000,EM_ANDAMENTO,8HtJWrboe,4c43a70f
Thu Jan  1 19:07:23 2026,4033500000,EM_ANDAMENTO,5,b485d77f
Thu Jan  1 19:07:25 2026,4034000000,EM_ANDAMENTO,i3STlHzjpOq,90a7f958
Thu Jan  1 19:07:27 2026,4034500000,EM_ANDAMENTO,MA3nbq,91e8ee76
Thu Jan  1 19:07:29 2026,4035000000,EM_ANDAMENTO,lIm6sIi,702b9e56
Thu Jan  1 19:07:30 2026,4035500000,EM_ANDAMENTO,NrSdddILSV,23cb603f
Thu Jan  1 19:07:32 2026,4036000000,EM_ANDAMENTO,pbME,7ca48432
Thu Jan  1 19:07:34 2026,4036500000,EM_ANDAMENTO,CufDYrG,dc760467
Thu Jan  1 19:07:36 2026,4037000000,EM_ANDAMENTO,ix,75f5d565
Thu Jan  1 19:07:37 2026,4037500000,EM_ANDAMENTO,MfHkWxw,4a45556e
Thu Jan  1 19:07:39 2026,4038000000,EM_ANDAMENTO,c0ZyGEjPh,5d26c803
Thu Jan  1 19:07:41 2026,4038500000,EM_ANDAMENTO,UiOufDhi,3303a9bd
Thu Jan  1 19:07:42 2026,4039000000,EM_ANDAMENTO,MNu7snb,da0c49b4
Thu Jan  1 19:07:44 2026,4039500000,EM_ANDAMENTO,dtw2,5893492f
Thu Jan  1 19:07:46 2026,4040000000,EM_ANDAMENTO,BE2RSMC,e80493b4
Thu Jan  1 19:07:48 2026,4040500000,EM_ANDAMENTO,PZWY1Mzp9ZK,3a487ab2
Thu Jan  1 19:07:49 2026,4041000000,EM_ANDAMENTO,BnEM,44baaa77
Thu Jan  1 19:07:51 2026,4041500000,EM_ANDAMENTO,s5vAYuZyJ,06ecda0b
Thu Jan  1 19:07:53 2026,4042000000,EM_ANDAMENTO,xpP,2d0cbb09
Thu Jan  1 19:07:54 2026,4042500000,EM_ANDAMENTO,wEDbT92WKnN,529c45a4
Thu Jan  1 19:07:56 2026,4043000000,EM_ANDAMENTO,KIeMkBq,21e05d9f
Thu Jan  1 19:07:58 2026,4043500000,EM_ANDAMENTO,koZ,c8811331
Thu Jan  1 19:08:00 2026,4044000000,EM_ANDAMENTO,aA433KlR6R,1500e9db
Thu Jan  1 19:08:01 2026,4044500000,EM_ANDAMENTO,KggUr,80bdd5c0
Thu Jan  1 19:08:03 2026,4045000000,EM_ANDAMENTO,v0P4,3e89ed4b
Thu Jan  1 19:08:05 2026,4045500000,EM_ANDAMENTO,Ye2LIh,716f61ef
Thu Jan  1 19:08:07 2026,4046000000,EM_ANDAMENTO,Mhpby,85db92dd
Thu Jan  1 19:08:08 2026,4046500000,EM_ANDAMENTO,tqN,da981ccc
Thu Jan  1 19:08:10 2026,4047000000,EM_ANDAMENTO,pGYdXKm206,52b069fb
Thu Jan  1 19:08:12 2026,4047500000,EM_ANDAMENTO,qIm,8cb09881
Thu Jan  1 19:08:14 2026,4048000000,EM_ANDAMENTO,GXQD,f4c8ab05
Thu Jan  1 19:08:15 2026,4048500000,EM_ANDAMENTO,p,f884289b
Thu Jan  1 19:08:17 2026,4049000000,EM_ANDAMENTO,JZAq,de934744
Thu Jan  1 19:08:19 2026,4049500000,EM_ANDAMENTO,pFv,3703cd5d
Thu Jan  1 19:08:21 2026,4050000000,EM_ANDAMENTO,q5FBQo,c25b6be6
Thu Jan  1 19:08:23 2026,4050500000,EM_ANDAMENTO,B5pbnidnk,61258225
Thu Jan  1 19:08:25 2026,4051000000,EM_ANDAMENTO,1U,c2a0926e
Thu Jan  1 19:08:26 2026,4051500000,EM_ANDAMENTO,7jyCXjl50t,28348802
Thu Jan  1 19:08:28 2026,4052000000,EM_ANDAMENTO,VkA,9535e9e2
Thu Jan  1 19:08:30 2026,4052500000,EM_ANDAMENTO,R9Kn,cdbe75f9
Thu Jan  1 19:08:31 2026,4053000000,EM_ANDAMENTO,sJ4taFd,510c10d5
Thu Jan  1 19:08:33 2026,4053500000,EM_ANDAMENTO,91TrVa6rG,3eacb9b5
Thu Jan  1 19:08:35 2026,4054000000,EM_ANDAMENTO,t,ef012cb5
Thu Jan  1 19:08:37 2026,4054500000,EM_ANDAMENTO,47,de63bf81
Thu Jan  1 19:08:38 2026,4055000000,EM_ANDAMENTO,c78UfcluG,fd753583
Thu Jan  1 19:08:40 2026,4055500000,EM_ANDAMENTO,IF,0d0e317e
Thu Jan  1 19:08:42 2026,4056000000,EM_ANDAMENTO,wDfP,6ac43e3d
Thu Jan  1 19:08:44 2026,4056500000,EM_ANDAMENTO,ebTFSRdKbe84,f349c36d
Thu Jan  1 19:08:45 2026,4057000000,EM_ANDAMENTO,0DYT8,591bfa0d
Thu Jan  1 19:08:47 2026,4057500000,EM_ANDAMENTO,CWkjGNa7Ii,781087a5
Thu Jan  1 19:08:49 2026,4058000000,EM_ANDAMENTO,n,68f8ea7d
Thu Jan  1 19:08:51 2026,4058500000,EM_ANDAMENTO,KD88xoSSCp,4ce546fe
Thu Jan  1 19:08:52 2026,4059000000,EM_ANDAMENTO,KdTtW8,d00f131a
Thu Jan  1 19:08:54 2026,4059500000,EM_ANDAMENTO,pse,91b5fd16
Thu Jan  1 19:08:56 2026,4060000000,EM_ANDAMENTO,2qFSk1lDJ3v,58b6fd8e
Thu Jan  1 19:08:57 2026,4060500000,EM_ANDAMENTO,DLuOXAwPGiY,0c544e3e
Thu Jan  1 19:08:59 2026,4061000000,EM_ANDAMENTO,m,c5c95598
Thu Jan  1 19:09:01 2026,4061500000,EM_ANDAMENTO,4,f7275a1e
Thu Jan  1 19:09:03 2026,4062000000,EM_ANDAMENTO,pMM8Ns2o0,9e446973
Thu Jan  1 19:09:04 2026,4062500000,EM_ANDAMENTO,T9CzMW3,761e814c
Thu Jan  1 19:09:06 2026,4063000000,EM_ANDAMENTO,uT,a9fb090f
Thu Jan  1 19:09:08 2026,4063500000,EM_ANDAMENTO,mzETP8B,a7432af0
Thu Jan  1 19:09:10 2026,4064000000,EM_ANDAMENTO,BJ,d85fb2bf
Thu Jan  1 19:09:11 2026,4064500000,EM_ANDAMENTO,waHGeUFd,e6b7ca7d
Thu Jan  1 19:09:13 2026,4065000000,EM_ANDAMENTO,jpuRHP,9926b101
Thu Jan  1 19:09:15 2026,4065500000,EM_ANDAMENTO,z4PHO7t,133932a9
Thu Jan  1 19:09:16 2026,4066000000,EM_ANDAMENTO,4xfal81,d61b182c
Thu Jan  1 19:09:18 2026,4066500000,EM_ANDAMENTO,WW9zL67AUaoM,8b4902e4
Thu Jan  1 19:09:20 2026,4067000000,EM_ANDAMENTO,x9H0LfzGG16y,cd32f2fe
Thu Jan  1 19:09:22 2026,4067500000,EM_ANDAMENTO,dKnwD,76f91841
Thu Jan  1 19:09:23 2026,4068000000,EM_ANDAMENTO,5znGuRrgdq,656b3567
Thu Jan  1 19:09:25 2026,4068500000,EM_ANDAMENTO,InJPDeDYMC,283da538
Thu Jan  1 19:09:27 2026,4069000000,EM_ANDAMENTO,vsLgtZh6bKcD,ec69c83d
Thu Jan  1 19:09:29 2026,4069500000,EM_ANDAMENTO,uuhgDUbw,db12af70
Thu Jan  1 19:09:30 2026,4070000000,EM_ANDAMENTO,sql,af1a27c7
Thu Jan  1 19:09:32 2026,4070500000,EM_ANDAMENTO,z4oO,58e1728f
Thu Jan  1 19:09:34 2026,4071000000,EM_ANDAMENTO,Aa6kggTN,928bda3e
Thu Jan  1 19:09:36 2026,4071500000,EM_ANDAMENTO,IhOCgliK3d,a71445fc
Thu Jan  1 19:09:37 2026,4072000000,EM_ANDAMENTO,3V8OD,2bc6ea1c
Thu Jan  1 19:09:39 2026,4072500000,EM_ANDAMENTO,tvjuWTbdog,6e9425ed
Thu Jan  1 19:09:41 2026,4073000000,EM_ANDAMENTO,LDgDBwBtKA,a8c16108
Thu Jan  1 19:09:42 2026,4073500000,EM_ANDAMENTO,bzId,4ec16752
Thu Jan  1 19:09:44 2026,4074000000,EM_ANDAMENTO,ZvtA,8974ebdf
Thu Jan  1 19:09:46 2026,4074500000,EM_ANDAMENTO,AdNd9BXzp2Si,71fcb69a
Thu Jan  1 19:09:48 2026,4075000000,EM_ANDAMENTO,n1,360194cf
Thu Jan  1 19:09:49 2026,4075500000,EM_ANDAMENTO,0xki4zTQ,f026d5bd
Thu Jan  1 19:09:51 2026,4076000000,EM_ANDAMENTO,R,613edcc8
Thu Jan  1 19:09:53 2026,4076500000,EM_ANDAMENTO,93xMy6jYe0V,083c80fe
Thu Jan  1 19:09:54 2026,4077000000,EM_ANDAMENTO,YYllVnxM,53b07646
Thu Jan  1 19:09:56 2026,4077500000,EM_ANDAMENTO,hHbsP,0e77dc1f
Thu Jan  1 19:09:58 2026,4078000000,EM_ANDAMENTO,gjR3PEkBl,21b7d2ba
Thu Jan  1 19:10:00 2026,4078500000,EM_ANDAMENTO,VT45HdS,89f325e6
Thu Jan  1 19:10:02 2026,4079000000,EM_ANDAMENTO,hTEJNW1qhau,c5c5b650
Thu Jan  1 19:10:03 2026,4079500000,EM_ANDAMENTO,W,c4abaca1
Thu Jan  1 19:10:05 2026,4080000000,EM_ANDAMENTO,TUW,d0baf843
Thu Jan  1 19:10:07 2026,4080500000,EM_ANDAMENTO,YE,37eac3c4
Thu Jan  1 19:10:09 2026,4081000000,EM_ANDAMENTO,A9yVtPPH,00de942a
Thu Jan  1 19:10:10 2026,4081500000,EM_ANDAMENTO,7mEsQ93iVmrt,d6ba3f63
Thu Jan  1 19:10:12 2026,4082000000,EM_ANDAMENTO,LHjIQux,bf277277
Thu Jan  1 19:10:14 2026,4082500000,EM_ANDAMENTO,OV8C4IQs,6c6e1da0
Thu Jan  1 19:10:15 2026,4083000000,EM_ANDAMENTO,auGgPaM,bd170596
Thu Jan  1 19:10:17 2026,4083500000,EM_ANDAMENTO,8kBtz161GTsQ,e31618ce
Thu Jan  1 19:10:19 2026,4084000000,EM_ANDAMENTO,KOv,22e4b49f
Thu Jan  1 19:10:20 2026,4084500000,EM_ANDAMENTO,qGEzj8O0iNm,1ea56da7
Thu Jan  1 19:10:22 2026,4085000000,EM_ANDAMENTO,KCEFYwGVr,ebbba8c1
Thu Jan  1 19:10:24 2026,4085500000,EM_ANDAMENTO,K9EFV3zGF,641d69d3
Thu Jan  1 19:10:26 2026,4086000000,EM_ANDAMENTO,3pZzlUn8Ft,b84f2189
Thu Jan  1 19:10:27 2026,4086500000,EM_ANDAMENTO,lJqwbjPoUv,8034e220
Thu Jan  1 19:10:29 2026,4087000000,EM_ANDAMENTO,UPpSqKsG8Nn8,d2ed88be
Thu Jan  1 19:10:31 2026,4087500000,EM_ANDAMENTO,xsaxM,65df9270
Thu Jan  1 19:10:33 2026,4088000000,EM_ANDAMENTO,kMHwfpN,3592c672
Thu Jan  1 19:10:34 2026,4088500000,EM_ANDAMENTO,SqtaVagBe,69bedf6f
Thu Jan  1 19:10:36 2026,4089000000,EM_ANDAMENTO,yjPpWLQ,bf42f8ae
Thu Jan  1 19:10:38 2026,4089500000,EM_ANDAMENTO,ATwCiCz,867cc950
Thu Jan  1 19:10:39 2026,4090000000,EM_ANDAMENTO,gVbO,e9980082
Thu Jan  1 19:10:41 2026,4090500000,EM_ANDAMENTO,nUQn2QdCD6NI,e12b748d
Thu Jan  1 19:10:43 2026,4091000000,EM_ANDAMENTO,ov5HhjASQST,4b0e0af4
Thu Jan  1 19:10:45 2026,4091500000,EM_ANDAMENTO,s,bc5ac4a3
Thu Jan  1 19:10:46 2026,4092000000,EM_ANDAMENTO,8V5,4bd3f8e3
Thu Jan  1 19:10:48 2026,4092500000,EM_ANDAMENTO,8xQOnNKmJTQ,df4fd296
Thu Jan  1 19:10:50 2026,4093000000,EM_ANDAMENTO,fa4bYj,0eef965d
Thu Jan  1 19:10:51 2026,4093500000,EM_ANDAMENTO,xEM2nYnqLga2,7804d07e
Thu Jan  1 19:10:53 2026,4094000000,EM_ANDAMENTO,oLHva3tX,4b7ef39e
Thu Jan  1 19:10:55 2026,4094500000,EM_ANDAMENTO,ICpzTzgR,70684668
Thu Jan  1 19:10:57 2026,4095000000,EM_ANDAMENTO,Djy5lOQDPg0o,6d77ceba
Thu Jan  1 19:10:59 2026,4095500000,EM_ANDAMENTO,1XunBCD0d,5195324a
Thu Jan  1 19:11:00 2026,4096000000,EM_ANDAMENTO,3Rg8d2ONLs6,049b0e7b
Thu Jan  1 19:11:02 2026,4096500000,EM_ANDAMENTO,4WpqGuc,809f1f14
Thu Jan  1 19:11:04 2026,4097000000,EM_ANDAMENTO,yw,349579c4
Thu Jan  1 19:11:05 2026,4097500000,EM_ANDAMENTO,5q,87a70772
Thu Jan  1 19:11:07 2026,4098000000,EM_ANDAMENTO,3dlCohi,9c0ca01a
Thu Jan  1 19:11:09 2026,4098500000,EM_ANDAMENTO,JOF0Pi,d91220a0
Thu Jan  1 19:11:11 2026,4099000000,EM_ANDAMENTO,Rdv6YZt,3da60c84
Thu Jan  1 19:11:13 2026,4099500000,EM_ANDAMENTO,fB9O4iF6MZW,6a89b6c4
Thu Jan  1 19:11:15 2026,4100000000,EM_ANDAMENTO,TUmKWJ,bf0319c9
Thu Jan  1 19:11:16 2026,4100500000,EM_ANDAMENTO,3pDc86,edd5ccc6
Thu Jan  1 19:11:18 2026,4101000000,EM_ANDAMENTO,ev9DAlEnHIsf,6e4a0485
Thu Jan  1 19:11:20 2026,4101500000,EM_ANDAMENTO,or,67c6e7c0
Thu Jan  1 19:11:22 2026,4102000000,EM_ANDAMENTO,UbqvuLVhs,2ad5fc97
Thu Jan  1 19:11:23 2026,4102500000,EM_ANDAMENTO,1,ebaf5ccd
Thu Jan  1 19:11:25 2026,4103000000,EM_ANDAMENTO,BLK,a3e3f2ee
Thu Jan  1 19:11:27 2026,4103500000,EM_ANDAMENTO,lNjKDcnZcBdr,a7eece5b
Thu Jan  1 19:11:29 2026,4104000000,EM_ANDAMENTO,Tool4JDnY,c6071a05
Thu Jan  1 19:11:30 2026,4104500000,EM_ANDAMENTO,OXUt6f5ncfm,91bd2d15
Thu Jan  1 19:11:32 2026,4105000000,EM_ANDAMENTO,4GXkdi3z,8ca9930b
Thu Jan  1 19:11:34 2026,4105500000,EM_ANDAMENTO,DZ,0703d798
Thu Jan  1 19:11:36 2026,4106000000,EM_ANDAMENTO,Roqa7Z5DJSZ,d8e09f4f
Thu Jan  1 19:11:37 2026,4106500000,EM_ANDAMENTO,u6,def5fe4b
Thu Jan  1 19:11:39 2026,4107000000,EM_ANDAMENTO,hGbRUTKjloE2,f8546612
Thu Jan  1 19:11:41 2026,4107500000,EM_ANDAMENTO,bneZ,2a47f767
Thu Jan  1 19:11:43 2026,4108000000,EM_ANDAMENTO,2jGJ2vyFQ,165bf17a
Thu Jan  1 19:11:45 2026,4108500000,EM_ANDAMENTO,B6,c272c449
Thu Jan  1 19:11:46 2026,4109000000,EM_ANDAMENTO,eRtbvTB,01171d2e
Thu Jan  1 19:11:48 2026,4109500000,EM_ANDAMENTO,aKVm,1b2eb149
Thu Jan  1 19:11:50 2026,4110000000,EM_ANDAMENTO,bYgoO2Lt,d9c05a00
Thu Jan  1 19:11:52 2026,4110500000,EM_ANDAMENTO,c,a5c1009b
Thu Jan  1 19:11:53 2026,4111000000,EM_ANDAMENTO,oWn,a7069be5
Thu Jan  1 19:11:55 2026,4111500000,EM_ANDAMENTO,yCpczKVQgo,57a3a532
Thu Jan  1 19:11:57 2026,4112000000,EM_ANDAMENTO,h7z0TVYsKT,4c5284bf
Thu Jan  1 19:11:58 2026,4112500000,EM_ANDAMENTO,p8,62f60801
Thu Jan  1 19:12:00 2026,4113000000,EM_ANDAMENTO,tZM6uSy66C,458c6de4
Thu Jan  1 19:12:02 2026,4113500000,EM_ANDAMENTO,REmwyLEZw7mx,a17574a2
Thu Jan  1 19:12:04 2026,4114000000,EM_ANDAMENTO,m,c5c95598
Thu Jan  1 19:12:05 2026,4114500000,EM_ANDAMENTO,1y3fnrNLqU,92faf699
Thu Jan  1 19:12:07 2026,4115000000,EM_ANDAMENTO,l3kg2UF,90e88216
Thu Jan  1 19:12:09 2026,4115500000,EM_ANDAMENTO,sbnoRBf4GQBe,e5f530db
Thu Jan  1 19:12:11 2026,4116000000,EM_ANDAMENTO,r5yksaz1Ha5,ca27b40c
Thu Jan  1 19:12:12 2026,4116500000,EM_ANDAMENTO,Kj,842b6867
Thu Jan  1 19:12:14 2026,4117000000,EM_ANDAMENTO,17TEOzsziPY,eb50c384
Thu Jan  1 19:12:16 2026,4117500000,EM_ANDAMENTO,FBi0y7,c4f93c5c
Thu Jan  1 19:12:18 2026,4118000000,EM_ANDAMENTO,fSPdPkj4,b38616ff
Thu Jan  1 19:12:19 2026,4118500000,EM_ANDAMENTO,FUAg,0b7a8cfb
Thu Jan  1 19:12:21 2026,4119000000,EM_ANDAMENTO,4vBh,1c4674db
Thu Jan  1 19:12:23 2026,4119500000,EM_ANDAMENTO,nrIiWzu26,e8cf917b
Thu Jan  1 19:12:24 2026,4120000000,EM_ANDAMENTO,TlFE0RnOm,38c6c65f
Thu Jan  1 19:12:26 2026,4120500000,EM_ANDAMENTO,ByUIGN0,3db7171e
Thu Jan  1 19:12:28 2026,4121000000,EM_ANDAMENTO,QCRnCPuNaZ0,c7a98d0d
Thu Jan  1 19:12:30 2026,4121500000,EM_ANDAMENTO,pzGhW,dd616843
Thu Jan  1 19:12:32 2026,4122000000,EM_ANDAMENTO,ex8zTPrPKLFf,fff16239
Thu Jan  1 19:12:33 2026,4122500000,EM_ANDAMENTO,d0X2cfcRDs,e251ac5b
Thu Jan  1 19:12:35 2026,4123000000,EM_ANDAMENTO,HwXPcsZb,3ca14c90
Thu Jan  1 19:12:37 2026,4123500000,EM_ANDAMENTO,7,f99079a8
Thu Jan  1 19:12:38 2026,4124000000,EM_ANDAMENTO,9,d8ef0690
Thu Jan  1 19:12:40 2026,4124500000,EM_ANDAMENTO,jdpHPBq4kXUH,0e260831
Thu Jan  1 19:12:42 2026,4125000000,EM_ANDAMENTO,NhvQQ3,86981a0a
Thu Jan  1 19:12:44 2026,4125500000,EM_ANDAMENTO,WE8kbNmcvPxv,ba821b8c
Thu Jan  1 19:12:45 2026,4126000000,EM_ANDAMENTO,vSCuuCc,c5e5cb09
Thu Jan  1 19:12:47 2026,4126500000,EM_ANDAMENTO,BEnvjC57,848fe321
Thu Jan  1 19:12:49 2026,4127000000,EM_ANDAMENTO,bmRAtcqP,eefc2fda
Thu Jan  1 19:12:51 2026,4127500000,EM_ANDAMENTO,ZcysjKY5w,ceb3df4d
Thu Jan  1 19:12:52 2026,4128000000,EM_ANDAMENTO,MUhjjay,a30b186d
Thu Jan  1 19:12:54 2026,4128500000,EM_ANDAMENTO,mPNKm8jWbD,72c9be0f
Thu Jan  1 19:12:56 2026,4129000000,EM_ANDAMENTO,2qN6hn,4b216f46
Thu Jan  1 19:12:58 2026,4129500000,EM_ANDAMENTO,pq5iC20Pj7Wx,582c3c0f
Thu Jan  1 19:12:59 2026,4130000000,EM_ANDAMENTO,8zdnng0j1N,476c72dd
Thu Jan  1 19:13:01 2026,4130500000,EM_ANDAMENTO,li90vmTqq,01524755
Thu Jan  1 19:13:03 2026,4131000000,EM_ANDAMENTO,YDmmGf42qLA,7ae86d3f
Thu Jan  1 19:13:04 2026,4131500000,EM_ANDAMENTO,O6Pn,38450bfa
Thu Jan  1 19:13:06 2026,4132000000,EM_ANDAMENTO,ZoPg,105643da
Thu Jan  1 19:13:08 2026,4132500000,EM_ANDAMENTO,VhKaI72mf6a,fcfc960b
Thu Jan  1 19:13:10 2026,4133000000,EM_ANDAMENTO,Qoh7MBULnLi3,a90b905b
Thu Jan  1 19:13:11 2026,4133500000,EM_ANDAMENTO,yMSvN7r,9ce41f5d
Thu Jan  1 19:13:13 2026,4134000000,EM_ANDAMENTO,6TFH,7b461e79
Thu Jan  1 19:13:15 2026,4134500000,EM_ANDAMENTO,oEUxRZD8OgZu,7b597927
Thu Jan  1 19:13:16 2026,4135000000,EM_ANDAMENTO,aTUjxKzi,6f71b299
Thu Jan  1 19:13:18 2026,4135500000,EM_ANDAMENTO,PoHpLidbYVgt,658deb5f
Thu Jan  1 19:13:20 2026,4136000000,EM_ANDAMENTO,bfIU3lW,8680dfb4
Thu Jan  1 19:13:21 2026,4136500000,EM_ANDAMENTO,4Xev8,bbdac2a2
Thu Jan  1 19:13:23 2026,4137000000,EM_ANDAMENTO,Gmo,d4a4fc85
Thu Jan  1 19:13:25 2026,4137500000,EM_ANDAMENTO,Bj,07d6a6ef
Thu Jan  1 19:13:27 2026,4138000000,EM_ANDAMENTO,DXFK9PsVLZu,7ce29cea
Thu Jan  1 19:13:29 2026,4138500000,EM_ANDAMENTO,Zeb9t8us,96174b0a
Thu Jan  1 19:13:30 2026,4139000000,EM_ANDAMENTO,ohBy0mQjTV,3d1f4904
Thu Jan  1 19:13:32 2026,4139500000,EM_ANDAMENTO,wzBT1,62c1b892
Thu Jan  1 19:13:34 2026,4140000000,EM_ANDAMENTO,mvRsUDkt7sIO,6f6bcedd
Thu Jan  1 19:13:35 2026,4140500000,EM_ANDAMENTO,cTYcnfAbLFc,2da01bad
Thu Jan  1 19:13:37 2026,4141000000,EM_ANDAMENTO,aLbMGnXsGIts,e368cc0c
Thu Jan  1 19:13:39 2026,4141500000,EM_ANDAMENTO,f,2c6c3bcd
Thu Jan  1 19:13:41 2026,4142000000,EM_ANDAMENTO,ZeZBhstPlj0L,5da6f9d7
Thu Jan  1 19:13:42 2026,4142500000,EM_ANDAMENTO,4wCyk,9cabec52
Thu Jan  1 19:13:44 2026,4143000000,EM_ANDAMENTO,K2ht,158e3436
Thu Jan  1 19:13:46 2026,4143500000,EM_ANDAMENTO,ECg6xpCB,5955dd2a
Thu Jan  1 19:13:47 2026,4144000000,EM_ANDAMENTO,IhiFF,70bd805b
Thu Jan  1 19:13:49 2026,4144500000,EM_ANDAMENTO,zM4wE,d11ea089
Thu Jan  1 19:13:51 2026,4145000000,EM_ANDAMENTO,KYe,9dc43be9
Thu Jan  1 19:13:53 2026,4145500000,EM_ANDAMENTO,okiAnDBmr9M6,c70fa191
Thu Jan  1 19:13:55 2026,4146000000,EM_ANDAMENTO,7vfoImhkU9,8d18807b
Thu Jan  1 19:13:56 2026,4146500000,EM_ANDAMENTO,tF,9063581c
Thu Jan  1 19:13:58 2026,4147000000,EM_ANDAMENTO,nXc3pnp,1dbbc76e
Thu Jan  1 19:14:00 2026,4147500000,EM_ANDAMENTO,Eo,b5a2fa83
Thu Jan  1 19:14:01 2026,4148000000,EM_ANDAMENTO,cpJXU6Xyp,f32274cb
Thu Jan  1 19:14:03 2026,4148500000,EM_ANDAMENTO,E1nzM,c8054711
Thu Jan  1 19:14:05 2026,4149000000,EM_ANDAMENTO,Nn,9b3b4be1
Thu Jan  1 19:14:07 2026,4149500000,EM_ANDAMENTO,ThzyuVMgsf,00fa627c
Thu Jan  1 19:14:08 2026,4150000000,EM_ANDAMENTO,sGfQQp,45b39047
Thu Jan  1 19:14:10 2026,4150500000,EM_ANDAMENTO,s413Sm,012059d7
Thu Jan  1 19:14:12 2026,4151000000,EM_ANDAMENTO,kXVpmcDCgzMR,189905e9
Thu Jan  1 19:14:13 2026,4151500000,EM_ANDAMENTO,x5,82719f84
Thu Jan  1 19:14:15 2026,4152000000,EM_ANDAMENTO,z0XDP5aC4,e289a36e
Thu Jan  1 19:14:17 2026,4152500000,EM_ANDAMENTO,kn,1b6ff635
Thu Jan  1 19:14:19 2026,4153000000,EM_ANDAMENTO,LSpP,afa6bc59
Thu Jan  1 19:14:20 2026,4153500000,EM_ANDAMENTO,LUSsbStx,eb7bafdd
Thu Jan  1 19:14:22 2026,4154000000,EM_ANDAMENTO,A,a5ba3aee
Thu Jan  1 19:14:24 2026,4154500000,EM_ANDAMENTO,QpW,2ad507ed
Thu Jan  1 19:14:26 2026,4155000000,EM_ANDAMENTO,ID7oMCO,f34c3520
Thu Jan  1 19:14:27 2026,4155500000,EM_ANDAMENTO,5xBsn3,031fae02
Thu Jan  1 19:14:29 2026,4156000000,EM_ANDAMENTO,ZJTe,07ea0123
Thu Jan  1 19:14:31 2026,4156500000,EM_ANDAMENTO,xn1,ce2e03c1
Thu Jan  1 19:14:33 2026,4157000000,EM_ANDAMENTO,5gE,5c02bc98
Thu Jan  1 19:14:34 2026,4157500000,EM_ANDAMENTO,xEzljZ1vFej,c9f325bc
Thu Jan  1 19:14:36 2026,4158000000,EM_ANDAMENTO,l8Vak,5f704423
Thu Jan  1 19:14:38 2026,4158500000,EM_ANDAMENTO,XFUHrJKMJH0,a0fb45fe
Thu Jan  1 19:14:39 2026,4159000000,EM_ANDAMENTO,ToB9xhmbDNFx,1fffab3f
Thu Jan  1 19:14:41 2026,4159500000,EM_ANDAMENTO,2hCIxoS,2fdfe215
Thu Jan  1 19:14:43 2026,4160000000,EM_ANDAMENTO,HgAEYq4j5,65d9720e
Thu Jan  1 19:14:45 2026,4160500000,EM_ANDAMENTO,DDM,1205d991
Thu Jan  1 19:14:46 2026,4161000000,EM_ANDAMENTO,S85,34a3d866
Thu Jan  1 19:14:48 2026,4161500000,EM_ANDAMENTO,PFUEXsd4,bd76ce2c
Thu Jan  1 19:14:50 2026,4162000000,EM_ANDAMENTO,X,a378c3f6
Thu Jan  1 19:14:52 2026,4162500000,EM_ANDAMENTO,AM,7eead3a4
Thu Jan  1 19:14:53 2026,4163000000,EM_ANDAMENTO,9,d8ef0690
Thu Jan  1 19:14:55 2026,4163500000,EM_ANDAMENTO,oPkhfJ1fmY,cfc1f84b
Thu Jan  1 19:14:57 2026,4164000000,EM_ANDAMENTO,wA,e5e36d9f
Thu Jan  1 19:14:58 2026,4164500000,EM_ANDAMENTO,KkX3,7cb204ad
Thu Jan  1 19:15:00 2026,4165000000,EM_ANDAMENTO,3,0a7fddc2
Thu Jan  1 19:15:02 2026,4165500000,EM_ANDAMENTO,RE2XrU,1f42b8fd
Thu Jan  1 19:15:04 2026,4166000000,EM_ANDAMENTO,cda,c605e984
Thu Jan  1 19:15:06 2026,4166500000,EM_ANDAMENTO,oQhutp6Tckww,643127a1
Thu Jan  1 19:15:08 2026,4167000000,EM_ANDAMENTO,aynu,a2f1fe37
Thu Jan  1 19:15:09 2026,4167500000,EM_ANDAMENTO,G2U,306be467
Thu Jan  1 19:15:11 2026,4168000000,EM_ANDAMENTO,RWRxoE,e115f7f8
Thu Jan  1 19:15:13 2026,4168500000,EM_ANDAMENTO,ju,bcac9aff
Thu Jan  1 19:15:14 2026,4169000000,EM_ANDAMENTO,t8SVq,b5d460d0
Thu Jan  1 19:15:16 2026,4169500000,EM_ANDAMENTO,MFr6pAM,c24f64bf
Thu Jan  1 19:15:18 2026,4170000000,EM_ANDAMENTO,VRDa1O4,6aebf01b
Thu Jan  1 19:15:20 2026,4170500000,EM_ANDAMENTO,t8A0t4zhN77,bec942e7
Thu Jan  1 19:15:21 2026,4171000000,EM_ANDAMENTO,PHATT2,ff67bdac
Thu Jan  1 19:15:23 2026,4171500000,EM_ANDAMENTO,tWuSkrlbBbB,ae1506a6
Thu Jan  1 19:15:25 2026,4172000000,EM_ANDAMENTO,wz2ajHHUyl,8dfe6807
Thu Jan  1 19:15:27 2026,4172500000,EM_ANDAMENTO,VO,9657abd8
Thu Jan  1 19:15:28 2026,4173000000,EM_ANDAMENTO,3D24,804efaf3
Thu Jan  1 19:15:30 2026,4173500000,EM_ANDAMENTO,VoQX,a52e00ec
Thu Jan  1 19:15:32 2026,4174000000,EM_ANDAMENTO,E1oXdX2RkY,626bacc6
Thu Jan  1 19:15:34 2026,4174500000,EM_ANDAMENTO,x2K9DnTPa,5c8d3c7c
Thu Jan  1 19:15:35 2026,4175000000,EM_ANDAMENTO,LCOSdu7DwK,ab45d97b
Thu Jan  1 19:15:37 2026,4175500000,EM_ANDAMENTO,PcZDVilrU,5fd06d21
Thu Jan  1 19:15:39 2026,4176000000,EM_ANDAMENTO,7We,18e4604e
Thu Jan  1 19:15:40 2026,4176500000,EM_ANDAMENTO,rY76mBh,28461f25
Thu Jan  1 19:15:42 2026,4177000000,EM_ANDAMENTO,lUU7HFES,ad1f678d
Thu Jan  1 19:15:44 2026,4177500000,EM_ANDAMENTO,hhwsw,5c82f2a9
Thu Jan  1 19:15:46 2026,4178000000,EM_ANDAMENTO,Qbp1tqKmZbc,7eba9552
Thu Jan  1 19:15:47 2026,4178500000,EM_ANDAMENTO,u5tfvh,e75725a1
Thu Jan  1 19:15:49 2026,4179000000,EM_ANDAMENTO,JYnf,ff86e258
Thu Jan  1 19:15:51 2026,4179500000,EM_ANDAMENTO,p,f884289b
Thu Jan  1 19:15:53 2026,4180000000,EM_ANDAMENTO,aY7IAB,7a69e284
Thu Jan  1 19:15:54 2026,4180500000,EM_ANDAMENTO,jSNm,c7a8a72a
Thu Jan  1 19:15:56 2026,4181000000,EM_ANDAMENTO,Vqnm,b5cf7b1d
Thu Jan  1 19:15:58 2026,4181500000,EM_ANDAMENTO,tQYM5Ao2QOho,cbe2914a
Thu Jan  1 19:16:00 2026,4182000000,EM_ANDAMENTO,pft,b516e917
Thu Jan  1 19:16:01 2026,4182500000,EM_ANDAMENTO,a6wMU1xwhPia,770b9367
Thu Jan  1 19:16:03 2026,4183000000,EM_ANDAMENTO,iI,0ecfbb87
Thu Jan  1 19:16:05 2026,4183500000,EM_ANDAMENTO,I3fn,bb2f5a4d
Thu Jan  1 19:16:06 2026,4184000000,EM_ANDAMENTO,u2,161a9878
Thu Jan  1 19:16:08 2026,4184500000,EM_ANDAMENTO,ODMcd,ecaffe28
Thu Jan  1 19:16:10 2026,4185000000,EM_ANDAMENTO,s0xGhK1NIc,9564ebaf
Thu Jan  1 19:16:12 2026,4185500000,EM_ANDAMENTO,st6vG6ZZ,b1295a94
Thu Jan  1 19:16:13 2026,4186000000,EM_ANDAMENTO,3hOV,ac96a030
Thu Jan  1 19:16:15 2026,4186500000,EM_ANDAMENTO,lA2,c68ad42c
Thu Jan  1 19:16:17 2026,4187000000,EM_ANDAMENTO,zY1cpeNjiBO,81c9854f
Thu Jan  1 19:16:18 2026,4187500000,EM_ANDAMENTO,dDcSEC3JMO,39bc88dd
Thu Jan  1 19:16:20 2026,4188000000,EM_ANDAMENTO,5e,572e8cd5
Thu Jan  1 19:16:22 2026,4188500000,EM_ANDAMENTO,jbI7rkIlqR4T,15363b78
Thu Jan  1 19:16:24 2026,4189000000,EM_ANDAMENTO,XC,91aa9a3e
Thu Jan  1 19:16:26 2026,4189500000,EM_ANDAMENTO,qn4dadS,6fdea8fe
Thu Jan  1 19:16:27 2026,4190000000,EM_ANDAMENTO,jQz5jgZ4E5lA,4d19e7a2
Thu Jan  1 19:16:29 2026,4190500000,EM_ANDAMENTO,8gvcS,a26575fd
Thu Jan  1 19:16:31 2026,4191000000,EM_ANDAMENTO,XY0ikakATBx,2a35cafe
Thu Jan  1 19:16:32 2026,4191500000,EM_ANDAMENTO,dV,fabcf7d7
Thu Jan  1 19:16:34 2026,4192000000,EM_ANDAMENTO,FrdEB,9914f794
Thu Jan  1 19:16:36 2026,4192500000,EM_ANDAMENTO,HpqZWe4,e6db4d19
Thu Jan  1 19:16:37 2026,4193000000,EM_ANDAMENTO,pbPWRpxYoCL,0e90e1aa
Thu Jan  1 19:16:39 2026,4193500000,EM_ANDAMENTO,CKd4rzKc9GG,dc986ee7
Thu Jan  1 19:16:41 2026,4194000000,EM_ANDAMENTO,expsMGK96V,d9637540
Thu Jan  1 19:16:43 2026,4194500000,EM_ANDAMENTO,U,286668ef
Thu Jan  1 19:16:45 2026,4195000000,EM_ANDAMENTO,ggc2PfE,fead2e66
Thu Jan  1 19:16:47 2026,4195500000,EM_ANDAMENTO,acaAHXg9Uoq,a298dfba
Thu Jan  1 19:16:48 2026,4196000000,EM_ANDAMENTO,yhEXxqm7l,2ddcf7e2
Thu Jan  1 19:16:50 2026,4196500000,EM_ANDAMENTO,7YNWWHxcowkA,277b4bd6
Thu Jan  1 19:16:52 2026,4197000000,EM_ANDAMENTO,bmB3JZypTfx,478066d0
Thu Jan  1 19:16:53 2026,4197500000,EM_ANDAMENTO,LykTEah3zVAL,68c3f5ee
Thu Jan  1 19:16:55 2026,4198000000,EM_ANDAMENTO,CTlYrz,8c456515
Thu Jan  1 19:16:57 2026,4198500000,EM_ANDAMENTO,Z,dad14f5a
Thu Jan  1 19:16:59 2026,4199000000,EM_ANDAMENTO,1hlA5WljL1,e37f72e9
Thu Jan  1 19:17:01 2026,4199500000,EM_ANDAMENTO,zKeNnH2g6ON,643d28df
Thu Jan  1 19:17:02 2026,4200000000,EM_ANDAMENTO,IodOs5hcn,178b4f5c
Thu Jan  1 19:17:04 2026,4200500000,EM_ANDAMENTO,0MWNg28,10401eeb
Thu Jan  1 19:17:06 2026,4201000000,EM_ANDAMENTO,1wKuTqM,4756097e
Thu Jan  1 19:17:07 2026,4201500000,EM_ANDAMENTO,tvPtYih0,2bd9cb50
Thu Jan  1 19:17:09 2026,4202000000,EM_ANDAMENTO,UA,a313fa3e
Thu Jan  1 19:17:11 2026,4202500000,EM_ANDAMENTO,DNsbJ9ivA6,695b0f66
Thu Jan  1 19:17:13 2026,4203000000,EM_ANDAMENTO,g7aD,1061c983
Thu Jan  1 19:17:14 2026,4203500000,EM_ANDAMENTO,bDnU5lKcUCBC,24a83886
Thu Jan  1 19:17:16 2026,4204000000,EM_ANDAMENTO,jEd8SijbOw,d1e3421d
Thu Jan  1 19:17:18 2026,4204500000,EM_ANDAMENTO,m,c5c95598
Thu Jan  1 19:17:20 2026,4205000000,EM_ANDAMENTO,HBeeCNKd3,110e844f
Thu Jan  1 19:17:21 2026,4205500000,EM_ANDAMENTO,RQagUlN,9919edbf
Thu Jan  1 19:17:23 2026,4206000000,EM_ANDAMENTO,iyxgGah,a95805f4
Thu Jan  1 19:17:25 2026,4206500000,EM_ANDAMENTO,ZoM,fe8ab07c
Thu Jan  1 19:17:27 2026,4207000000,EM_ANDAMENTO,abG7Iey3,146cc76d
Thu Jan  1 19:17:28 2026,4207500000,EM_ANDAMENTO,ydQdQ3,64be8bee
Thu Jan  1 19:17:30 2026,4208000000,EM_ANDAMENTO,Utf4XFF,5ce0887b
Thu Jan  1 19:17:32 2026,4208500000,EM_ANDAMENTO,w,1e332829
Thu Jan  1 19:17:33 2026,4209000000,EM_ANDAMENTO,pnsPdSVe,75376e9a
Thu Jan  1 19:17:35 2026,4209500000,EM_ANDAMENTO,f,2c6c3bcd
Thu Jan  1 19:17:37 2026,4210000000,EM_ANDAMENTO,SPS1ecY9n,e1393627
Thu Jan  1 19:17:39 2026,4210500000,EM_ANDAMENTO,llaZG8aQb,89ba755e
Thu Jan  1 19:17:40 2026,4211000000,EM_ANDAMENTO,kaRdA5P,0d80ce3e
Thu Jan  1 19:17:43 2026,4211500000,EM_ANDAMENTO,yKVAQD,20e04159
Thu Jan  1 19:17:45 2026,4212000000,EM_ANDAMENTO,MsbZfndMqJ,20ddb0f5
Thu Jan  1 19:17:47 2026,4212500000,EM_ANDAMENTO,DG2ScJGm,6295f287
Thu Jan  1 19:17:49 2026,4213000000,EM_ANDAMENTO,FYtZ7HNWY5c,9855ef56
Thu Jan  1 19:17:50 2026,4213500000,EM_ANDAMENTO,uP5D,379e847e
Thu Jan  1 19:17:52 2026,4214000000,EM_ANDAMENTO,cU8tKios4tp,d1fa5ca0
Thu Jan  1 19:17:54 2026,4214500000,EM_ANDAMENTO,sU,4a351ee7
Thu Jan  1 19:17:56 2026,4215000000,EM_ANDAMENTO,Zr,787a50e9
Thu Jan  1 19:17:57 2026,4215500000,EM_ANDAMENTO,vzA,52313627
Thu Jan  1 19:17:59 2026,4216000000,EM_ANDAMENTO,5bJr,33bd7a9b
Thu Jan  1 19:18:01 2026,4216500000,EM_ANDAMENTO,E4,19c81b88
Thu Jan  1 19:18:02 2026,4217000000,EM_ANDAMENTO,Y6EFg9bm29,1fdd30ea
Thu Jan  1 19:18:04 2026,4217500000,EM_ANDAMENTO,mrFRsl7hPDOZ,5c610c33
Thu Jan  1 19:18:06 2026,4218000000,EM_ANDAMENTO,I1EuIdJuQIp,5ddfabdf
Thu Jan  1 19:18:08 2026,4218500000,EM_ANDAMENTO,qztW,a9748d37
Thu Jan  1 19:18:09 2026,4219000000,EM_ANDAMENTO,SySKJfp5,284f46b9
Thu Jan  1 19:18:11 2026,4219500000,EM_ANDAMENTO,kjDCwrv,6f8ed13e
Thu Jan  1 19:18:13 2026,4220000000,EM_ANDAMENTO,nbbxhLSR2,a8883e11
Thu Jan  1 19:18:15 2026,4220500000,EM_ANDAMENTO,zgGE4UPuEYgy,60ee6a3f
Thu Jan  1 19:18:16 2026,4221000000,EM_ANDAMENTO,XqKA,072a0236
Thu Jan  1 19:18:18 2026,4221500000,EM_ANDAMENTO,dfUU33QUp,5173b688
Thu Jan  1 19:18:20 2026,4222000000,EM_ANDAMENTO,QqZM,2047acac
Thu Jan  1 19:18:22 2026,4222500000,EM_ANDAMENTO,R,613edcc8
Thu Jan  1 19:18:23 2026,4223000000,EM_ANDAMENTO,lGM93X7Qc,bdaafc24
Thu Jan  1 19:18:25 2026,4223500000,EM_ANDAMENTO,er4y,53396a5e
Thu Jan  1 19:18:27 2026,4224000000,EM_ANDAMENTO,D11,f7c2d231
Thu Jan  1 19:18:29 2026,4224500000,EM_ANDAMENTO,rGgCMpN29Ye,ee5354b8
Thu Jan  1 19:18:30 2026,4225000000,EM_ANDAMENTO,A9,574522ec
Thu Jan  1 19:18:32 2026,4225500000,EM_ANDAMENTO,2B,fc7b84ac
Thu Jan  1 19:18:34 2026,4226000000,EM_ANDAMENTO,wberMAh,ed2542e9
Thu Jan  1 19:18:36 2026,4226500000,EM_ANDAMENTO,J,5efe2fba
Thu Jan  1 19:18:37 2026,4227000000,EM_ANDAMENTO,Q3J4aT81Wp,0aeaaa30
Thu Jan  1 19:18:39 2026,4227500000,EM_ANDAMENTO,k,ac20c833
Thu Jan  1 19:18:41 2026,4228000000,EM_ANDAMENTO,LMYuZVo,2718270c
Thu Jan  1 19:18:42 2026,4228500000,EM_ANDAMENTO,pFybgF3Mjf,4af8cc8a
Thu Jan  1 19:18:44 2026,4229000000,EM_ANDAMENTO,tL,89c4b0f2
Thu Jan  1 19:18:46 2026,4229500000,EM_ANDAMENTO,PSFctZmdaZ,f8b2a07f
Thu Jan  1 19:18:48 2026,4230000000,EM_ANDAMENTO,dAoUNXSVb,5dcb4b2a
Thu Jan  1 19:18:49 2026,4230500000,EM_ANDAMENTO,JRttwCoDsaN2,44c292e8
Thu Jan  1 19:18:51 2026,4231000000,EM_ANDAMENTO,TObYw,76eb6913
Thu Jan  1 19:18:53 2026,4231500000,EM_ANDAMENTO,2,4e9e3870
Thu Jan  1 19:18:55 2026,4232000000,EM_ANDAMENTO,9,d8ef0690
Thu Jan  1 19:18:57 2026,4232500000,EM_ANDAMENTO,UtXhyi,f6aee712
Thu Jan  1 19:18:58 2026,4233000000,EM_ANDAMENTO,wNb,d85ac49e
Thu Jan  1 19:19:00 2026,4233500000,EM_ANDAMENTO,kEpaun,6ad090b6
Thu Jan  1 19:19:02 2026,4234000000,EM_ANDAMENTO,5pTpt,ed3cb9cf
Thu Jan  1 19:19:04 2026,4234500000,EM_ANDAMENTO,RVu5iyRkp,23b38b6e
Thu Jan  1 19:19:05 2026,4235000000,EM_ANDAMENTO,Ovt39Vpz4q,3688974e
Thu Jan  1 19:19:07 2026,4235500000,EM_ANDAMENTO,7w,4f18b64f
Thu Jan  1 19:19:09 2026,4236000000,EM_ANDAMENTO,X9z52BrNF4Bz,00821535
Thu Jan  1 19:19:11 2026,4236500000,EM_ANDAMENTO,rKyj,dfff3c83
Thu Jan  1 19:19:12 2026,4237000000,EM_ANDAMENTO,OgIEZZdggzsF,9d4ec51d
Thu Jan  1 19:19:14 2026,4237500000,EM_ANDAMENTO,mKYU,f91311df
Thu Jan  1 19:19:16 2026,4238000000,EM_ANDAMENTO,qZCJ4o5,1b067ecb
Thu Jan  1 19:19:17 2026,4238500000,EM_ANDAMENTO,FXdsf,9ed411dc
Thu Jan  1 19:19:19 2026,4239000000,EM_ANDAMENTO,KDYCeAj,bbca0741
Thu Jan  1 19:19:21 2026,4239500000,EM_ANDAMENTO,e21QVe5aErP,6573dfad
Thu Jan  1 19:19:23 2026,4240000000,EM_ANDAMENTO,yU6g,745c1c55
Thu Jan  1 19:19:24 2026,4240500000,EM_ANDAMENTO,v,904f2f17
Thu Jan  1 19:19:26 2026,4241000000,EM_ANDAMENTO,pc,280124be
Thu Jan  1 19:19:28 2026,4241500000,EM_ANDAMENTO,QXEuJkaGY,95c23d42
Thu Jan  1 19:19:30 2026,4242000000,EM_ANDAMENTO,K,58a8694c
Thu Jan  1 19:19:31 2026,4242500000,EM_ANDAMENTO,2H,dd004adb
Thu Jan  1 19:19:33 2026,4243000000,EM_ANDAMENTO,e4iYS57vEkn,9d9d52a7
Thu Jan  1 19:19:35 2026,4243500000,EM_ANDAMENTO,pQa,392dc2b2
Thu Jan  1 19:19:36 2026,4244000000,EM_ANDAMENTO,e,bb2b536f
Thu Jan  1 19:19:38 2026,4244500000,EM_ANDAMENTO,j4Hghera,d1dbe233
Thu Jan  1 19:19:40 2026,4245000000,EM_ANDAMENTO,BU0ajNO,26c68321
Thu Jan  1 19:19:42 2026,4245500000,EM_ANDAMENTO,Rzv,0e9f5b8c
Thu Jan  1 19:19:43 2026,4246000000,EM_ANDAMENTO,nfDfJGuMrN,0124e701
Thu Jan  1 19:19:45 2026,4246500000,EM_ANDAMENTO,Ymnezun8y3z,5b5071b2
Thu Jan  1 19:19:47 2026,4247000000,EM_ANDAMENTO,QufsLp3yZ8D,61f0819b
Thu Jan  1 19:19:49 2026,4247500000,EM_ANDAMENTO,nRsDBW7sdZ6,ebc07f48
Thu Jan  1 19:19:50 2026,4248000000,EM_ANDAMENTO,gJFC7yLCHvO,942303d4
Thu Jan  1 19:19:52 2026,4248500000,EM_ANDAMENTO,iU7J5PX,cd0f51f1
Thu Jan  1 19:19:54 2026,4249000000,EM_ANDAMENTO,36jfiJ2,45e6edf7
Thu Jan  1 19:19:55 2026,4249500000,EM_ANDAMENTO,ArXVMDlG,b2c20547
Thu Jan  1 19:19:57 2026,4250000000,EM_ANDAMENTO,gZlcPlYo3W,a124cf03
Thu Jan  1 19:19:59 2026,4250500000,EM_ANDAMENTO,oPyEH,37464ed0
Thu Jan  1 19:20:01 2026,4251000000,EM_ANDAMENTO,g167PUd5lH,b0b8135a
Thu Jan  1 19:20:03 2026,4251500000,EM_ANDAMENTO,ukMZG,c746b07d
Thu Jan  1 19:20:05 2026,4252000000,EM_ANDAMENTO,mr,cd31a314
Thu Jan  1 19:20:06 2026,4252500000,EM_ANDAMENTO,7rOMhJ3,d04af963
Thu Jan  1 19:20:08 2026,4253000000,EM_ANDAMENTO,VYc,52ce3452
Thu Jan  1 19:20:10 2026,4253500000,EM_ANDAMENTO,q,87b8d13b
Thu Jan  1 19:20:12 2026,4254000000,EM_ANDAMENTO,DAJy9S9,e09e389a
Thu Jan  1 19:20:13 2026,4254500000,EM_ANDAMENTO,R9Al9VtyA,d931ed13
Thu Jan  1 19:20:15 2026,4255000000,EM_ANDAMENTO,cnvvWW8O0y,1bb25706
Thu Jan  1 19:20:17 2026,4255500000,EM_ANDAMENTO,v8gpTkS,20eae9fb
Thu Jan  1 19:20:19 2026,4256000000,EM_ANDAMENTO,dcIXSA9V0X,92bb7d43
Thu Jan  1 19:20:20 2026,4256500000,EM_ANDAMENTO,HpxjBRk5lk,201bf999
Thu Jan  1 19:20:22 2026,4257000000,EM_ANDAMENTO,TBNI2,12e7719b
Thu Jan  1 19:20:24 2026,4257500000,EM_ANDAMENTO,NOMOLgeUIhHD,75155961
Thu Jan  1 19:20:26 2026,4258000000,EM_ANDAMENTO,U77ZAI3PkFlb,d254ac93
Thu Jan  1 19:20:27 2026,4258500000,EM_ANDAMENTO,OGenO,ddae56d3
Thu Jan  1 19:20:29 2026,4259000000,EM_ANDAMENTO,1HDRbV7,814e75dc
Thu Jan  1 19:20:31 2026,4259500000,EM_ANDAMENTO,TGBV9PuMc,4802cb89
Thu Jan  1 19:20:33 2026,4260000000,EM_ANDAMENTO,Yolp3o8,ce4e9370
Thu Jan  1 19:20:34 2026,4260500000,EM_ANDAMENTO,3tgp,71c7240f
Thu Jan  1 19:20:36 2026,4261000000,EM_ANDAMENTO,UygvgJUF,a4cbe833
Thu Jan  1 19:20:38 2026,4261500000,EM_ANDAMENTO,uRzbSb,1c2fa420
Thu Jan  1 19:20:40 2026,4262000000,EM_ANDAMENTO,o,a0b20673
Thu Jan  1 19:20:41 2026,4262500000,EM_ANDAMENTO,A3aAjnW1K7bv,b1d14850
Thu Jan  1 19:20:43 2026,4263000000,EM_ANDAMENTO,33R5bpTncyD,1327345d
Thu Jan  1 19:20:45 2026,4263500000,EM_ANDAMENTO,oaBWxoycT,df79ed4e
Thu Jan  1 19:20:46 2026,4264000000,EM_ANDAMENTO,OMSmgs,ab417cd4
Thu Jan  1 19:20:48 2026,4264500000,EM_ANDAMENTO,LSy5NB3K,459e8c8b
Thu Jan  1 19:20:50 2026,4265000000,EM_ANDAMENTO,2,4e9e3870
Thu Jan  1 19:20:52 2026,4265500000,EM_ANDAMENTO,Zy2xFBWSkP53,389cecc4
Thu Jan  1 19:20:54 2026,4266000000,EM_ANDAMENTO,ruX,c94c88cb
Thu Jan  1 19:20:55 2026,4266500000,EM_ANDAMENTO,X,a378c3f6
Thu Jan  1 19:20:57 2026,4267000000,EM_ANDAMENTO,YoFtaLCv,1f26a46e
Thu Jan  1 19:20:59 2026,4267500000,EM_ANDAMENTO,fFc,a2a0517f
Thu Jan  1 19:21:01 2026,4268000000,EM_ANDAMENTO,aqlgnuRk,5d7014a7
Thu Jan  1 19:21:03 2026,4268500000,EM_ANDAMENTO,G1k4,e7cc4726
Thu Jan  1 19:21:06 2026,4269000000,EM_ANDAMENTO,meANPv,790befe2
Thu Jan  1 19:21:08 2026,4269500000,EM_ANDAMENTO,7BJPIjzjF,271d7024
Thu Jan  1 19:21:10 2026,4270000000,EM_ANDAMENTO,jV3,e1b255f8
Thu Jan  1 19:21:12 2026,4270500000,EM_ANDAMENTO,iuw0Ulu1,494414d3
Thu Jan  1 19:21:14 2026,4271000000,EM_ANDAMENTO,8IvLU,5803ae15
Thu Jan  1 19:21:17 2026,4271500000,EM_ANDAMENTO,3s08tyHe,ed9de800
Thu Jan  1 19:21:19 2026,4272000000,EM_ANDAMENTO,igIKZF7Px,f7f1a31a
Thu Jan  1 19:21:21 2026,4272500000,EM_ANDAMENTO,tG8e5xYym,aed7cc8b
Thu Jan  1 19:21:23 2026,4273000000,EM_ANDAMENTO,X,a378c3f6
Thu Jan  1 19:21:25 2026,4273500000,EM_ANDAMENTO,16df5tG,2c661464
Thu Jan  1 19:21:28 2026,4274000000,EM_ANDAMENTO,vyiEcoTb,7b91bd83
Thu Jan  1 19:21:30 2026,4274500000,EM_ANDAMENTO,vn9rnSnBDFgN,e85e1c16
Thu Jan  1 19:21:32 2026,4275000000,EM_ANDAMENTO,DLnR1o9ix7e,1bf02aa4
Thu Jan  1 19:21:34 2026,4275500000,EM_ANDAMENTO,qgRbelQOrrQP,d7c66e91
Thu Jan  1 19:21:37 2026,4276000000,EM_ANDAMENTO,S9LxQLPHu1,c781d9aa
Thu Jan  1 19:21:39 2026,4276500000,EM_ANDAMENTO,FVJDCnNFmwOI,12810f29
Thu Jan  1 19:21:41 2026,4277000000,EM_ANDAMENTO,7,f99079a8
Thu Jan  1 19:21:43 2026,4277500000,EM_ANDAMENTO,xTXQ,83031067
Thu Jan  1 19:21:45 2026,4278000000,EM_ANDAMENTO,anxu8x79J39T,384228b6
Thu Jan  1 19:21:47 2026,4278500000,EM_ANDAMENTO,6w1y,5d3c2dbf
Thu Jan  1 19:21:49 2026,4279000000,EM_ANDAMENTO,GrYd75ckQ,7417a21f
Thu Jan  1 19:21:51 2026,4279500000,EM_ANDAMENTO,G,81ca32e5
Thu Jan  1 19:21:53 2026,4280000000,EM_ANDAMENTO,co6lJhzA,6ce51e72
Thu Jan  1 19:21:55 2026,4280500000,EM_ANDAMENTO,CcHkVoIn,82ad572a
Thu Jan  1 19:21:56 2026,4281000000,EM_ANDAMENTO,D9PMjlN,9e708d42
Thu Jan  1 19:21:58 2026,4281500000,EM_ANDAMENTO,Fx4e5BJdiRZD,9ddbc091
Thu Jan  1 19:22:00 2026,4282000000,EM_ANDAMENTO,YtOUIcip,ed74cd12
Thu Jan  1 19:22:02 2026,4282500000,EM_ANDAMENTO,oi,2f8f6739
Thu Jan  1 19:22:04 2026,4283000000,EM_ANDAMENTO,5fRnJm3lLRTe,a69e7298
Thu Jan  1 19:22:06 2026,4283500000,EM_ANDAMENTO,eDR,24cea09f
Thu Jan  1 19:22:08 2026,4284000000,EM_ANDAMENTO,zoR6x,fe9f7447
Thu Jan  1 19:22:10 2026,4284500000,EM_ANDAMENTO,xiznpX,b9c2cf72
Thu Jan  1 19:22:11 2026,4285000000,EM_ANDAMENTO,9,d8ef0690
Thu Jan  1 19:22:13 2026,4285500000,EM_ANDAMENTO,T0VtN6F,a78b9a39
Thu Jan  1 19:22:15 2026,4286000000,EM_ANDAMENTO,mHGzax,07986c6b
Thu Jan  1 19:22:17 2026,4286500000,EM_ANDAMENTO,IP7kF,49e6e085
Thu Jan  1 19:22:19 2026,4287000000,EM_ANDAMENTO,okeaCYGrM,2da0078e
Thu Jan  1 19:22:21 2026,4287500000,EM_ANDAMENTO,zFNX2QlcOW,c7b405ac
Thu Jan  1 19:22:23 2026,4288000000,EM_ANDAMENTO,0T,0bfc1f68
Thu Jan  1 19:22:24 2026,4288500000,EM_ANDAMENTO,Z,dad14f5a
Thu Jan  1 19:22:26 2026,4289000000,EM_ANDAMENTO,BbuYEu2,74671908
Thu Jan  1 19:22:28 2026,4289500000,EM_ANDAMENTO,H,db72f8cc
Thu Jan  1 19:22:30 2026,4290000000,EM_ANDAMENTO,NgXId0GlkNH,78b625f0
Thu Jan  1 19:22:32 2026,4290500000,EM_ANDAMENTO,5f6UgybC,fd929af7
Thu Jan  1 19:22:33 2026,4291000000,EM_ANDAMENTO,jkFRLFX3hzcD,3b5f2a10
Thu Jan  1 19:22:35 2026,4291500000,EM_ANDAMENTO,1k,51e9e8fb
Thu Jan  1 19:22:37 2026,4292000000,EM_ANDAMENTO,Tn,4787b0ee
Thu Jan  1 19:22:39 2026,4292500000,EM_ANDAMENTO,1BvTwm,2035db18
Thu Jan  1 19:22:41 2026,4293000000,EM_ANDAMENTO,DBMe68,f09e74a1
Thu Jan  1 19:22:43 2026,4293500000,EM_ANDAMENTO,wMmrvS6AAJXO,a68d9971
Thu Jan  1 19:22:45 2026,4294000000,EM_ANDAMENTO,Y2yUEj,1168dc00
Thu Jan  1 19:22:46 2026,4294500000,EM_ANDAMENTO,DbB3W2,ee69152f
Thu Jan  1 19:22:48 2026,4295000000,EM_ANDAMENTO,13K2X,a7445d7b
Thu Jan  1 19:22:50 2026,4295500000,EM_ANDAMENTO,p7983UTX3hnu,4972b0b4
Thu Jan  1 19:22:52 2026,4296000000,EM_ANDAMENTO,M,b969a39b
Thu Jan  1 19:22:54 2026,4296500000,EM_ANDAMENTO,0jvTEWOt4MN,12a426df
Thu Jan  1 19:22:56 2026,4297000000,EM_ANDAMENTO,TJ,7e36213e
Thu Jan  1 19:22:58 2026,4297500000,EM_ANDAMENTO,tP,32c93bc7
Thu Jan  1 19:23:00 2026,4298000000,EM_ANDAMENTO,NukY1,9ac11728
Thu Jan  1 19:23:02 2026,4298500000,EM_ANDAMENTO,l,5238d98f
Thu Jan  1 19:23:04 2026,4299000000,EM_ANDAMENTO,XYp,3e0bac82
Thu Jan  1 19:23:06 2026,4299500000,EM_ANDAMENTO,URU2SuRWH3,8557e220
Thu Jan  1 19:23:07 2026,4300000000,EM_ANDAMENTO,pWzcBzlPJr,61762a68
Thu Jan  1 19:23:09 2026,4300500000,EM_ANDAMENTO,kylZXEoi,1f3e2d91
Thu Jan  1 19:23:11 2026,4301000000,EM_ANDAMENTO,g3FZ21hH,f14afe2a
Thu Jan  1 19:23:13 2026,4301500000,EM_ANDAMENTO,bTYF4ohWQ1xe,3450d41b
Thu Jan  1 19:23:15 2026,4302000000,EM_ANDAMENTO,IbV,b81c5cc8
Thu Jan  1 19:23:17 2026,4302500000,EM_ANDAMENTO,kK1F,259760ae
Thu Jan  1 19:23:19 2026,4303000000,EM_ANDAMENTO,yDyFvl3TsUd,292c3a90
Thu Jan  1 19:23:20 2026,4303500000,EM_ANDAMENTO,234,f01ed923
Thu Jan  1 19:23:22 2026,4304000000,EM_ANDAMENTO,ob3,e79d30f1
Thu Jan  1 19:23:24 2026,4304500000,EM_ANDAMENTO,eb6LtK9dYpO,774998d1
Thu Jan  1 19:23:26 2026,4305000000,EM_ANDAMENTO,2,4e9e3870
Thu Jan  1 19:23:28 2026,4305500000,EM_ANDAMENTO,yCys4ts1DTU,74e25f7f
Thu Jan  1 19:23:30 2026,4306000000,EM_ANDAMENTO,tEP,e3103756
Thu Jan  1 19:23:32 2026,4306500000,EM_ANDAMENTO,snG7lMy7,de390a5c
Thu Jan  1 19:23:33 2026,4307000000,EM_ANDAMENTO,boMDAjC3pm,def88a5d
Thu Jan  1 19:23:35 2026,4307500000,EM_ANDAMENTO,mmwz,4e2bd521
Thu Jan  1 19:23:37 2026,4308000000,EM_ANDAMENTO,UWi,759b626f
Thu Jan  1 19:23:39 2026,4308500000,EM_ANDAMENTO,sBKIxy7,de0abc2f
Thu Jan  1 19:23:41 2026,4309000000,EM_ANDAMENTO,fY,229efc84
Thu Jan  1 19:23:42 2026,4309500000,EM_ANDAMENTO,gMf2StM7P,897c7672
Thu Jan  1 19:23:44 2026,4310000000,EM_ANDAMENTO,xlA7B9My,bb8c7860
Thu Jan  1 19:23:46 2026,4310500000,EM_ANDAMENTO,ei,01c4b946
Thu Jan  1 19:23:48 2026,4311000000,EM_ANDAMENTO,qxR4JyjeZU,23a9279e
Thu Jan  1 19:23:50 2026,4311500000,EM_ANDAMENTO,MPgSTgE,f577cc21
Thu Jan  1 19:23:51 2026,4312000000,EM_ANDAMENTO,8SCPSfzs,602fbdce
Thu Jan  1 19:23:53 2026,4312500000,EM_ANDAMENTO,pTWTuD1xC2,91777686
Thu Jan  1 19:23:56 2026,4313000000,EM_ANDAMENTO,vKbd0qVMZ0Os,1c01a291
Thu Jan  1 19:23:58 2026,4313500000,EM_ANDAMENTO,Klq,d1cbbabd
Thu Jan  1 19:24:01 2026,4314000000,EM_ANDAMENTO,rEmg,43bb23a1
Thu Jan  1 19:24:05 2026,4314500000,EM_ANDAMENTO,SOcR9,4edff8d3
Thu Jan  1 19:24:06 2026,4315000000,EM_ANDAMENTO,u,4aed0987
Thu Jan  1 19:24:08 2026,4315500000,EM_ANDAMENTO,Ly,3b2183e1
Thu Jan  1 19:24:11 2026,4316000000,EM_ANDAMENTO,4avD,8945ecad
Thu Jan  1 19:24:13 2026,4316500000,EM_ANDAMENTO,wQwx3L,b52fe6bf
Thu Jan  1 19:24:15 2026,4317000000,EM_ANDAMENTO,pu0N7hFygp,16f5b211
Thu Jan  1 19:24:19 2026,4317500000,EM_ANDAMENTO,PALxDJ,8023c7b3
Thu Jan  1 19:24:21 2026,4318000000,EM_ANDAMENTO,mmBGA,ac214c15
Thu Jan  1 19:24:23 2026,4318500000,EM_ANDAMENTO,O0d,91cf64df
Thu Jan  1 19:24:25 2026,4319000000,EM_ANDAMENTO,yFMC3,9a64123c
Thu Jan  1 19:24:27 2026,4319500000,EM_ANDAMENTO,3IHeiPDnzsS,ac0af116
Thu Jan  1 19:24:29 2026,4320000000,EM_ANDAMENTO,MtfQck8B05k,cc18030f
Thu Jan  1 19:24:31 2026,4320500000,EM_ANDAMENTO,spGIFNN8,e3c91e72
Thu Jan  1 19:24:33 2026,4321000000,EM_ANDAMENTO,oi41winrtHN,13bc6a13
Thu Jan  1 19:24:34 2026,4321500000,EM_ANDAMENTO,MJDlT,337d9684
Thu Jan  1 19:24:36 2026,4322000000,EM_ANDAMENTO,yho7BRC,7af595a3
Thu Jan  1 19:24:38 2026,4322500000,EM_ANDAMENTO,CSg,4ba6f0da
Thu Jan  1 19:24:40 2026,4323000000,EM_ANDAMENTO,Oj1FVWmMa,25efb268
Thu Jan  1 19:24:41 2026,4323500000,EM_ANDAMENTO,Gp2v2,0ed584a4
Thu Jan  1 19:24:44 2026,4324000000,EM_ANDAMENTO,gD16sFpZHP,0ef6bf32
Thu Jan  1 19:24:46 2026,4324500000,EM_ANDAMENTO,m2QgKXw23b,48d9fb17
Thu Jan  1 19:24:47 2026,4325000000,EM_ANDAMENTO,njSNvruk4,09db51c6
Thu Jan  1 19:24:49 2026,4325500000,EM_ANDAMENTO,bY0t,7e2543f6
Thu Jan  1 19:24:51 2026,4326000000,EM_ANDAMENTO,1e2xaL3LchM,e5309304
Thu Jan  1 19:24:53 2026,4326500000,EM_ANDAMENTO,E28lazh,323b8914
Thu Jan  1 19:24:54 2026,4327000000,EM_ANDAMENTO,v0TiLyAV,c63e8a2c
Thu Jan  1 19:24:56 2026,4327500000,EM_ANDAMENTO,DAhCA,c2d7240b
Thu Jan  1 19:24:58 2026,4328000000,EM_ANDAMENTO,97RMbfksc,3112fa2b
Thu Jan  1 19:24:59 2026,4328500000,EM_ANDAMENTO,d,5943bb0f
Thu Jan  1 19:25:01 2026,4329000000,EM_ANDAMENTO,PZ5og6fQN,9a12357d
Thu Jan  1 19:25:03 2026,4329500000,EM_ANDAMENTO,eTz7HjSkFnP1,5fa4084c
Thu Jan  1 19:25:05 2026,4330000000,EM_ANDAMENTO,djImDOBd,e75a4857
Thu Jan  1 19:25:06 2026,4330500000,EM_ANDAMENTO,TiIFbZNio,04275741
Thu Jan  1 19:25:08 2026,4331000000,EM_ANDAMENTO,SA9ziqLjuxG,46c75bbc
Thu Jan  1 19:25:10 2026,4331500000,EM_ANDAMENTO,lx,29fc5b5a
Thu Jan  1 19:25:11 2026,4332000000,EM_ANDAMENTO,Bj,07d6a6ef
Thu Jan  1 19:25:13 2026,4332500000,EM_ANDAMENTO,aAcaBacvAx,d7565e86
Thu Jan  1 19:25:14 2026,4333000000,EM_ANDAMENTO,bMk7YOY,82a45196
Thu Jan  1 19:25:16 2026,4333500000,EM_ANDAMENTO,xf,9a8ad547
Thu Jan  1 19:25:18 2026,4334000000,EM_ANDAMENTO,i4z,92792a5b
Thu Jan  1 19:25:19 2026,4334500000,EM_ANDAMENTO,2fyKtOT9RjLu,b4cbcae4
Thu Jan  1 19:25:21 2026,4335000000,EM_ANDAMENTO,NMKsT3N7TBC0,b33258ea
Thu Jan  1 19:25:22 2026,4335500000,EM_ANDAMENTO,lJt5lMa,8cbcd3eb
Thu Jan  1 19:25:25 2026,4336000000,EM_ANDAMENTO,X,a378c3f6
Thu Jan  1 19:25:26 2026,4336500000,EM_ANDAMENTO,M,b969a39b
Thu Jan  1 19:25:28 2026,4337000000,EM_ANDAMENTO,2WhJiU,74198a12
Thu Jan  1 19:25:29 2026,4337500000,EM_ANDAMENTO,pjBoTl,5f08742d
Thu Jan  1 19:25:31 2026,4338000000,EM_ANDAMENTO,ZqPuRYUJDjU,d3f4db7a
Thu Jan  1 19:25:33 2026,4338500000,EM_ANDAMENTO,kMkb8kd,baa745bb
Thu Jan  1 19:25:34 2026,4339000000,EM_ANDAMENTO,1Qc,0cc09317
Thu Jan  1 19:25:36 2026,4339500000,EM_ANDAMENTO,27fnRpKRzI,058a38ba
Thu Jan  1 19:25:37 2026,4340000000,EM_ANDAMENTO,l1,5917a232
Thu Jan  1 19:25:39 2026,4340500000,EM_ANDAMENTO,Cy,8de3439a
Thu Jan  1 19:25:41 2026,4341000000,EM_ANDAMENTO,jN0eYDxAhdd,07864539
Thu Jan  1 19:25:42 2026,4341500000,EM_ANDAMENTO,nP4I,f49b7cf4
Thu Jan  1 19:25:44 2026,4342000000,EM_ANDAMENTO,9ldEaLylYg,10753f41
Thu Jan  1 19:25:45 2026,4342500000,EM_ANDAMENTO,XQr,b6225f52
Thu Jan  1 19:25:47 2026,4343000000,EM_ANDAMENTO,mdxwkxI,d5346134
Thu Jan  1 19:25:48 2026,4343500000,EM_ANDAMENTO,e,bb2b536f
Thu Jan  1 19:25:50 2026,4344000000,EM_ANDAMENTO,p1F,8adb6609
Thu Jan  1 19:25:52 2026,4344500000,EM_ANDAMENTO,IWVPr5Z0z,7d6c58d6
Thu Jan  1 19:25:53 2026,4345000000,EM_ANDAMENTO,Z0vwsjyGmneJ,96a13b4e
Thu Jan  1 19:25:55 2026,4345500000,EM_ANDAMENTO,iXxqZi8Jy,f4bb9fe2
Thu Jan  1 19:25:57 2026,4346000000,EM_ANDAMENTO,r47Ji,d1da3ca9
Thu Jan  1 19:25:58 2026,4346500000,EM_ANDAMENTO,Mh6jDN,ccd59796
Thu Jan  1 19:26:00 2026,4347000000,EM_ANDAMENTO,bEJmBRQ8IY,39e12d43
Thu Jan  1 19:26:02 2026,4347500000,EM_ANDAMENTO,iKkysRI7jtll,a348d945
Thu Jan  1 19:26:03 2026,4348000000,EM_ANDAMENTO,MQrLEUHeyHnK,05aa58a5
Thu Jan  1 19:26:05 2026,4348500000,EM_ANDAMENTO,d9E,7fe0d0d1
Thu Jan  1 19:26:06 2026,4349000000,EM_ANDAMENTO,e,bb2b536f
Thu Jan  1 19:26:08 2026,4349500000,EM_ANDAMENTO,YD,5decff96
Thu Jan  1 19:26:10 2026,4350000000,EM_ANDAMENTO,hzoFGJ1w31q,ebb7b220
Thu Jan  1 19:26:11 2026,4350500000,EM_ANDAMENTO,BwAtoZVWV,5fc82507
Thu Jan  1 19:26:13 2026,4351000000,EM_ANDAMENTO,UvRmAh93cOeG,99c54513
Thu Jan  1 19:26:14 2026,4351500000,EM_ANDAMENTO,YIrxj1fi,a4433441
Thu Jan  1 19:26:16 2026,4352000000,EM_ANDAMENTO,9w5F,3d58f25e
Thu Jan  1 19:26:18 2026,4352500000,EM_ANDAMENTO,7W3Ex,f9c3b867
Thu Jan  1 19:26:19 2026,4353000000,EM_ANDAMENTO,pS3a,7cf00300
Thu Jan  1 19:26:21 2026,4353500000,EM_ANDAMENTO,dTJEMmIFuBgy,1095e541
Thu Jan  1 19:26:23 2026,4354000000,EM_ANDAMENTO,CpKI3S,904c5d69
Thu Jan  1 19:26:24 2026,4354500000,EM_ANDAMENTO,iqG44W1OncZN,83feef3d
Thu Jan  1 19:26:26 2026,4355000000,EM_ANDAMENTO,Miy,47b762c2
Thu Jan  1 19:26:28 2026,4355500000,EM_ANDAMENTO,xawHTmSS,a8e2b560
Thu Jan  1 19:26:29 2026,4356000000,EM_ANDAMENTO,zHGvk26bLHZ2,f0c108b1
Thu Jan  1 19:26:31 2026,4356500000,EM_ANDAMENTO,LSW0gaGy,6ed68c08
Thu Jan  1 19:26:32 2026,4357000000,EM_ANDAMENTO,vI,a4bc839a
Thu Jan  1 19:26:34 2026,4357500000,EM_ANDAMENTO,H0g3,991f6752
Thu Jan  1 19:26:36 2026,4358000000,EM_ANDAMENTO,graPbtqiL,c3eb171c
Thu Jan  1 19:26:37 2026,4358500000,EM_ANDAMENTO,e2QQP,b6d66d2f
Thu Jan  1 19:26:39 2026,4359000000,EM_ANDAMENTO,PdMviIWlbDob,7bb4e37c
Thu Jan  1 19:26:40 2026,4359500000,EM_ANDAMENTO,62vm9,b499db82
Thu Jan  1 19:26:42 2026,4360000000,EM_ANDAMENTO,whDkAN,ab1068f4
Thu Jan  1 19:26:44 2026,4360500000,EM_ANDAMENTO,xes1IVtv,6708ce6f
Thu Jan  1 19:26:45 2026,4361000000,EM_ANDAMENTO,VkC,daf30e13
Thu Jan  1 19:26:47 2026,4361500000,EM_ANDAMENTO,J4DPNzCEqg,e5c9542c
Thu Jan  1 19:26:48 2026,4362000000,EM_ANDAMENTO,lsEnLHQV8cW,054ae3e9
Thu Jan  1 19:26:50 2026,4362500000,EM_ANDAMENTO,Fhv0SNC,1038f350
Thu Jan  1 19:26:52 2026,4363000000,EM_ANDAMENTO,Jcfx,61765aa3
Thu Jan  1 19:26:53 2026,4363500000,EM_ANDAMENTO,AFk7FM,be2b452d
Thu Jan  1 19:26:55 2026,4364000000,EM_ANDAMENTO,kS,944b4ff9
Thu Jan  1 19:26:56 2026,4364500000,EM_ANDAMENTO,q,87b8d13b
Thu Jan  1 19:26:58 2026,4365000000,EM_ANDAMENTO,Ah0,fc63a3e7
Thu Jan  1 19:27:00 2026,4365500000,EM_ANDAMENTO,xg4,307e6e9d
Thu Jan  1 19:27:01 2026,4366000000,EM_ANDAMENTO,e,bb2b536f
Thu Jan  1 19:27:03 2026,4366500000,EM_ANDAMENTO,HX,2707c8c2
Thu Jan  1 19:27:04 2026,4367000000,EM_ANDAMENTO,kNQSo5TAB,0f3e6c12
Thu Jan  1 19:27:06 2026,4367500000,EM_ANDAMENTO,PmRn2Xa,e475e156
Thu Jan  1 19:27:07 2026,4368000000,EM_ANDAMENTO,cLBLZJlZK,fe10ee70
Thu Jan  1 19:27:09 2026,4368500000,EM_ANDAMENTO,F,a2c949bf
Thu Jan  1 19:27:11 2026,4369000000,EM_ANDAMENTO,d60,380e7857
Thu Jan  1 19:27:12 2026,4369500000,EM_ANDAMENTO,AJKoWrC9,2fb1ddf1
Thu Jan  1 19:27:14 2026,4370000000,EM_ANDAMENTO,80Da4cP8HjS,02c46c1e
Thu Jan  1 19:27:15 2026,4370500000,EM_ANDAMENTO,rHEqUTOX9,44b7220e
Thu Jan  1 19:27:17 2026,4371000000,EM_ANDAMENTO,QHdA7OXHj,2a2ce876
Thu Jan  1 19:27:19 2026,4371500000,EM_ANDAMENTO,vI17jwkW,a0221866
Thu Jan  1 19:27:20 2026,4372000000,EM_ANDAMENTO,Oewp4DCVx,f0cbe9d3
Thu Jan  1 19:27:22 2026,4372500000,EM_ANDAMENTO,DWfXh8fAZMy2,78631c9b
Thu Jan  1 19:27:23 2026,4373000000,EM_ANDAMENTO,UjtP,7c6dc244
Thu Jan  1 19:27:25 2026,4373500000,EM_ANDAMENTO,W93ND5O6U,f84ec433
Thu Jan  1 19:27:27 2026,4374000000,EM_ANDAMENTO,tr,95ca145c
Thu Jan  1 19:27:28 2026,4374500000,EM_ANDAMENTO,oXx0W0g2cse,2cc8c175
Thu Jan  1 19:27:30 2026,4375000000,EM_ANDAMENTO,JkHKtf6rgX6,cc640db5
Thu Jan  1 19:27:32 2026,4375500000,EM_ANDAMENTO,1cR3P,6714c7dd
Thu Jan  1 19:27:33 2026,4376000000,EM_ANDAMENTO,rFdo9hDefXH,47f3ef4a
Thu Jan  1 19:27:35 2026,4376500000,EM_ANDAMENTO,UZrzPOvv,b434f68d
Thu Jan  1 19:27:36 2026,4377000000,EM_ANDAMENTO,ulU5VFFzE,d1b5c8da
Thu Jan  1 19:27:38 2026,4377500000,EM_ANDAMENTO,D,f0695584
Thu Jan  1 19:27:40 2026,4378000000,EM_ANDAMENTO,64T,28aa5ff5
Thu Jan  1 19:27:42 2026,4378500000,EM_ANDAMENTO,nmhIesWc,f630865e
Thu Jan  1 19:27:43 2026,4379000000,EM_ANDAMENTO,64,a23e3eff
Thu Jan  1 19:27:45 2026,4379500000,EM_ANDAMENTO,UfcJr,897c1c71
Thu Jan  1 19:27:47 2026,4380000000,EM_ANDAMENTO,pYqK6ai5DCr4,f431e34d
Thu Jan  1 19:27:48 2026,4380500000,EM_ANDAMENTO,Gq8l54j55a,83e06cb3
Thu Jan  1 19:27:50 2026,4381000000,EM_ANDAMENTO,Na4fA8oBlp,bfe91817
Thu Jan  1 19:27:51 2026,4381500000,EM_ANDAMENTO,jBS,afa76325
Thu Jan  1 19:27:53 2026,4382000000,EM_ANDAMENTO,cCeTfUYZ,83ec0418
Thu Jan  1 19:27:55 2026,4382500000,EM_ANDAMENTO,mdpvNGfnE,a081c8e5
Thu Jan  1 19:27:57 2026,4383000000,EM_ANDAMENTO,NRfvF,06202fd2
Thu Jan  1 19:27:58 2026,4383500000,EM_ANDAMENTO,rwtsj,5e2cf0d7
Thu Jan  1 19:28:00 2026,4384000000,EM_ANDAMENTO,4fMMcjW4kJg,50b873c4
Thu Jan  1 19:28:02 2026,4384500000,EM_ANDAMENTO,1dvij,b9f213b5
Thu Jan  1 19:28:03 2026,4385000000,EM_ANDAMENTO,FoT9rLX,523744e5
Thu Jan  1 19:28:05 2026,4385500000,EM_ANDAMENTO,rLdugKH,f1f6a91a
Thu Jan  1 19:28:06 2026,4386000000,EM_ANDAMENTO,JLFR1,d1ce43c0
Thu Jan  1 19:28:08 2026,4386500000,EM_ANDAMENTO,qncI1henVCS,45c16e40
Thu Jan  1 19:28:09 2026,4387000000,EM_ANDAMENTO,1UqbSAH4,9da0c3fa
Thu Jan  1 19:28:11 2026,4387500000,EM_ANDAMENTO,9MM,ada8780e
Thu Jan  1 19:28:13 2026,4388000000,EM_ANDAMENTO,G3khNa2XeFn,15579a51
Thu Jan  1 19:28:14 2026,4388500000,EM_ANDAMENTO,nl,1a193956
Thu Jan  1 19:28:16 2026,4389000000,EM_ANDAMENTO,l,5238d98f
Thu Jan  1 19:28:18 2026,4389500000,EM_ANDAMENTO,7VZw3pv8Hb,62660144
Thu Jan  1 19:28:19 2026,4390000000,EM_ANDAMENTO,bxPwldHRL8Lx,e119c3a0
Thu Jan  1 19:28:21 2026,4390500000,EM_ANDAMENTO,vXj4X,8688f5dc
Thu Jan  1 19:28:22 2026,4391000000,EM_ANDAMENTO,eOIBK56dm,ab466f79
Thu Jan  1 19:28:24 2026,4391500000,EM_ANDAMENTO,ep5U2h,9af1f704
Thu Jan  1 19:28:26 2026,4392000000,EM_ANDAMENTO,K,58a8694c
Thu Jan  1 19:28:27 2026,4392500000,EM_ANDAMENTO,7hJkvS0Zu,098d7595
Thu Jan  1 19:28:29 2026,4393000000,EM_ANDAMENTO,S0GW,ed25d768
Thu Jan  1 19:28:30 2026,4393500000,EM_ANDAMENTO,kEw,84c5d645
Thu Jan  1 19:28:32 2026,4394000000,EM_ANDAMENTO,iEYJW,cd38b2ca
Thu Jan  1 19:28:34 2026,4394500000,EM_ANDAMENTO,MHXST8VS,d66023e7
Thu Jan  1 19:28:35 2026,4395000000,EM_ANDAMENTO,nKqSId,805aa81f
Thu Jan  1 19:28:37 2026,4395500000,EM_ANDAMENTO,TBCxaRxGRFH,fad28299
Thu Jan  1 19:28:39 2026,4396000000,EM_ANDAMENTO,2bRrKS,e719be02
Thu Jan  1 19:28:40 2026,4396500000,EM_ANDAMENTO,Eb0TirGR5Ak,f98a8620
Thu Jan  1 19:28:42 2026,4397000000,EM_ANDAMENTO,k55Lql,fc39e5e3
Thu Jan  1 19:28:43 2026,4397500000,EM_ANDAMENTO,fcf,a6e62ae7
Thu Jan  1 19:28:45 2026,4398000000,EM_ANDAMENTO,Cv1ezDZQGT,6044e0dc
Thu Jan  1 19:28:46 2026,4398500000,EM_ANDAMENTO,BVdl1,cb3681c6
Thu Jan  1 19:28:48 2026,4399000000,EM_ANDAMENTO,x9nQU,1151508d
Thu Jan  1 19:28:50 2026,4399500000,EM_ANDAMENTO,EYUv,7a35389e
Thu Jan  1 19:28:51 2026,4400000000,EM_ANDAMENTO,twhoZeWTnDVu,52e07fe2
Thu Jan  1 19:28:53 2026,4400500000,EM_ANDAMENTO,FN2pSa,bc61af54
Thu Jan  1 19:28:55 2026,4401000000,EM_ANDAMENTO,IarsRZ,7d42b079
Thu Jan  1 19:28:56 2026,4401500000,EM_ANDAMENTO,Bu,8e019bbb
Thu Jan  1 19:28:58 2026,4402000000,EM_ANDAMENTO,AG2XmUS5b,7a4f6e2b
Thu Jan  1 19:29:00 2026,4402500000,EM_ANDAMENTO,pVeRC0,72546506
Thu Jan  1 19:29:01 2026,4403000000,EM_ANDAMENTO,9sRAfEyvMg,42db3c62
Thu Jan  1 19:29:03 2026,4403500000,EM_ANDAMENTO,hirWtok,e0bd6a33
Thu Jan  1 19:29:04 2026,4404000000,EM_ANDAMENTO,ZT,da9a5430
Thu Jan  1 19:29:06 2026,4404500000,EM_ANDAMENTO,tt5bY9,d928cf93
Thu Jan  1 19:29:08 2026,4405000000,EM_ANDAMENTO,8,cac75ec7
Thu Jan  1 19:29:09 2026,4405500000,EM_ANDAMENTO,Ee5D,a3a7f914
Thu Jan  1 19:29:11 2026,4406000000,EM_ANDAMENTO,LzPRHj6sPFpp,da2252e3
Thu Jan  1 19:29:12 2026,4406500000,EM_ANDAMENTO,P5Ym,419e67a6
Thu Jan  1 19:29:14 2026,4407000000,EM_ANDAMENTO,j4H1,07b5839b
Thu Jan  1 19:29:15 2026,4407500000,EM_ANDAMENTO,hX0VS2WU,2cc053b8
Thu Jan  1 19:29:17 2026,4408000000,EM_ANDAMENTO,MhLKr4ieamBi,598c6e9d
Thu Jan  1 19:29:19 2026,4408500000,EM_ANDAMENTO,6pmUxtI,833643b0
Thu Jan  1 19:29:20 2026,4409000000,EM_ANDAMENTO,q5A5ADwWlE,ebfe610f
Thu Jan  1 19:29:22 2026,4409500000,EM_ANDAMENTO,f8,30919c3c
Thu Jan  1 19:29:24 2026,4410000000,EM_ANDAMENTO,Cadp5KHrRpLv,17735610
Thu Jan  1 19:29:26 2026,4410500000,EM_ANDAMENTO,9GuM9,12cba105
Thu Jan  1 19:29:28 2026,4411000000,EM_ANDAMENTO,uQ1hp,cc770d01
Thu Jan  1 19:29:29 2026,4411500000,EM_ANDAMENTO,GjyfFZ,77368967
Thu Jan  1 19:29:31 2026,4412000000,EM_ANDAMENTO,NsW,5fad976a
Thu Jan  1 19:29:33 2026,4412500000,EM_ANDAMENTO,eW7mGh3Xr,8846c418
Thu Jan  1 19:29:34 2026,4413000000,EM_ANDAMENTO,4uwF9b,bd8b8df6
Thu Jan  1 19:29:36 2026,4413500000,EM_ANDAMENTO,dU,6084b48b
Thu Jan  1 19:29:37 2026,4414000000,EM_ANDAMENTO,dqWFP,2e25b8c0
Thu Jan  1 19:29:39 2026,4414500000,EM_ANDAMENTO,5D,d4db8e1c
Thu Jan  1 19:29:41 2026,4415000000,EM_ANDAMENTO,le7fAXlLa3S,30c51b7d
Thu Jan  1 19:29:42 2026,4415500000,EM_ANDAMENTO,qToGUWOU,6549dc96
Thu Jan  1 19:29:44 2026,4416000000,EM_ANDAMENTO,OoymL,df91e65f
Thu Jan  1 19:29:45 2026,4416500000,EM_ANDAMENTO,sf91xlIi,763a52b0
Thu Jan  1 19:29:47 2026,4417000000,EM_ANDAMENTO,ncbhSWcRU0y,20359fd6
Thu Jan  1 19:29:48 2026,4417500000,EM_ANDAMENTO,VgtMmm0sULGb,7bee072b
Thu Jan  1 19:29:50 2026,4418000000,EM_ANDAMENTO,PuGp7Wto6xN6,1a360a66
Thu Jan  1 19:29:52 2026,4418500000,EM_ANDAMENTO,6P,50e2ec5e
Thu Jan  1 19:29:53 2026,4419000000,EM_ANDAMENTO,XO,4dc6ffd1
Thu Jan  1 19:29:55 2026,4419500000,EM_ANDAMENTO,etDiRnLbZ,8e186c8c
Thu Jan  1 19:29:57 2026,4420000000,EM_ANDAMENTO,c,a5c1009b
Thu Jan  1 19:29:58 2026,4420500000,EM_ANDAMENTO,PmYD8snO,2cabfc11
Thu Jan  1 19:30:00 2026,4421000000,EM_ANDAMENTO,lidc7,6670cc49
Thu Jan  1 19:30:02 2026,4421500000,EM_ANDAMENTO,0XUwL,d63c3c1e
Thu Jan  1 19:30:04 2026,4422000000,EM_ANDAMENTO,Cfzjpyq,d272bffc
Thu Jan  1 19:30:05 2026,4422500000,EM_ANDAMENTO,u,4aed0987
Thu Jan  1 19:30:07 2026,4423000000,EM_ANDAMENTO,Nhm36,39adc814
Thu Jan  1 19:30:08 2026,4423500000,EM_ANDAMENTO,bdcDgt,189c5af5
Thu Jan  1 19:30:10 2026,4424000000,EM_ANDAMENTO,b,f0ffa343
Thu Jan  1 19:30:12 2026,4424500000,EM_ANDAMENTO,dK1YQ1j,c8a09e2e
Thu Jan  1 19:30:13 2026,4425000000,EM_ANDAMENTO,v,904f2f17
Thu Jan  1 19:30:15 2026,4425500000,EM_ANDAMENTO,a1q4k,1b6a88c6
Thu Jan  1 19:30:17 2026,4426000000,EM_ANDAMENTO,Jj,38fe8501
Thu Jan  1 19:30:17 2026,4426108071,SUCESSO_FINAL,c2DWbO3T6X,ae27918d,20212.06s
