Horário,Tentativas,Status,Ultima_String,Ultimo_Hash
---,---,META_DO_DESAFIO,ALVO : Aluno: Mateus Lima Rodrigues,HASH : ac334beb
Wed Dec 31 22:01:40 2025,500000,EM_ANDAMENTO,pxTTwqjGm,ab4791f5
Wed Dec 31 22:01:41 2025,1000000,EM_ANDAMENTO,jaB,e432eda8
Wed Dec 31 22:01:43 2025,1500000,EM_ANDAMENTO,jWNkQ,4c692c16
Wed Dec 31 22:01:44 2025,2000000,EM_ANDAMENTO,M8LB8cu,546a812c
Wed Dec 31 22:01:46 2025,2500000,EM_ANDAMENTO,Ba2xLa,efd5fc33
Wed Dec 31 22:01:48 2025,3000000,EM_ANDAMENTO,ugG4Rhrk,704367e1
Wed Dec 31 22:01:49 2025,3500000,EM_ANDAMENTO,6bpIc,5951f7d1
Wed Dec 31 22:01:51 2025,4000000,EM_ANDAMENTO,MYo9laNjlmH,9cb311fc
Wed Dec 31 22:01:53 2025,4500000,EM_ANDAMENTO,b,f0ffa343
Wed Dec 31 22:01:54 2025,5000000,EM_ANDAMENTO,emA5zLoMZgi,8da3ea2a
Wed Dec 31 22:01:56 2025,5500000,EM_ANDAMENTO,QRDn8a,834b2880
Wed Dec 31 22:01:58 2025,6000000,EM_ANDAMENTO,JySZkZ,43e9e899
Wed Dec 31 22:01:59 2025,6500000,EM_ANDAMENTO,kZNF3A,4064c733
Wed Dec 31 22:02:01 2025,7000000,EM_ANDAMENTO,M,b969a39b
Wed Dec 31 22:02:03 2025,7500000,EM_ANDAMENTO,414HRsqD4,3264f1cf
Wed Dec 31 22:02:04 2025,8000000,EM_ANDAMENTO,DUCWbWm,71aea6fd
Wed Dec 31 22:02:06 2025,8500000,EM_ANDAMENTO,z,bb66897e
Wed Dec 31 22:02:08 2025,9000000,EM_ANDAMENTO,lVVJ,ce3c41bf
Wed Dec 31 22:02:09 2025,9500000,EM_ANDAMENTO,9paod0w5,9facaa34
Wed Dec 31 22:02:11 2025,10000000,EM_ANDAMENTO,G30dKYr,23e0e6c9
Wed Dec 31 22:02:13 2025,10500000,EM_ANDAMENTO,ypY6D2h,0c764215
Wed Dec 31 22:02:15 2025,11000000,EM_ANDAMENTO,Q8eU7pJUzFm,4c1701f9
Wed Dec 31 22:02:17 2025,11500000,EM_ANDAMENTO,uQvivxD96XW,7eeb54bf
Wed Dec 31 22:02:18 2025,12000000,EM_ANDAMENTO,hy9Xg8xongaf,3745e9c0
Wed Dec 31 22:02:20 2025,12500000,EM_ANDAMENTO,A1,53108fbd
Wed Dec 31 22:02:22 2025,13000000,EM_ANDAMENTO,LEab,76e82e85
Wed Dec 31 22:02:24 2025,13500000,EM_ANDAMENTO,KDocGZPv3A,636ecb94
Wed Dec 31 22:02:25 2025,14000000,EM_ANDAMENTO,KnNFqlHKj,17b62611
Wed Dec 31 22:02:27 2025,14500000,EM_ANDAMENTO,8,cac75ec7
Wed Dec 31 22:02:28 2025,15000000,EM_ANDAMENTO,M1Oy3Ve,039f969c
Wed Dec 31 22:02:30 2025,15500000,EM_ANDAMENTO,P4JIm,612cb8bd
Wed Dec 31 22:02:32 2025,16000000,EM_ANDAMENTO,rumlxXmm,89c61bde
Wed Dec 31 22:02:33 2025,16500000,EM_ANDAMENTO,I2,0bf2d517
Wed Dec 31 22:02:37 2025,17000000,EM_ANDAMENTO,cPFA,921c34dd
Wed Dec 31 22:02:41 2025,17500000,EM_ANDAMENTO,JfD6,cf08e787
Wed Dec 31 22:02:45 2025,18000000,EM_ANDAMENTO,l0KV8NEKD,58f51cde
Wed Dec 31 22:02:49 2025,18500000,EM_ANDAMENTO,O,4ac61591
Wed Dec 31 22:02:53 2025,19000000,EM_ANDAMENTO,EV,e1ea1724
Wed Dec 31 22:02:57 2025,19500000,EM_ANDAMENTO,UU5,a99608e1
Wed Dec 31 22:03:01 2025,20000000,EM_ANDAMENTO,O,4ac61591
Wed Dec 31 22:03:05 2025,20500000,EM_ANDAMENTO,asVkpRrP8EH,3ff187e4
Wed Dec 31 22:03:09 2025,21000000,EM_ANDAMENTO,22eY0,67a923ba
Wed Dec 31 22:03:13 2025,21500000,EM_ANDAMENTO,sYDiz6Yfd,dd03b08f
Wed Dec 31 22:03:17 2025,22000000,EM_ANDAMENTO,XS7U,4de8a894
Wed Dec 31 22:03:21 2025,22500000,EM_ANDAMENTO,h7X,ae2c4fad
Wed Dec 31 22:03:25 2025,23000000,EM_ANDAMENTO,k9c7QDRq3m,aace3d2d
Wed Dec 31 22:03:30 2025,23500000,EM_ANDAMENTO,9CS4MIp,3ba7a212
Wed Dec 31 22:03:34 2025,24000000,EM_ANDAMENTO,fh,d686631a
Wed Dec 31 22:03:38 2025,24500000,EM_ANDAMENTO,FIlSsP8,2a076ed1
Wed Dec 31 22:03:40 2025,25000000,EM_ANDAMENTO,b0knisT4n6fn,94df293b
Wed Dec 31 22:03:43 2025,25500000,EM_ANDAMENTO,mNSwFToo,b7a11662
Wed Dec 31 22:03:44 2025,26000000,EM_ANDAMENTO,v,904f2f17
Wed Dec 31 22:03:46 2025,26500000,EM_ANDAMENTO,A,a5ba3aee
Wed Dec 31 22:03:47 2025,27000000,EM_ANDAMENTO,xOzDr,daa6506d
Wed Dec 31 22:03:49 2025,27500000,EM_ANDAMENTO,fVlMwZgraJTs,666e335c
Wed Dec 31 22:03:51 2025,28000000,EM_ANDAMENTO,JNec,a0603f66
Wed Dec 31 22:03:52 2025,28500000,EM_ANDAMENTO,yncP6jFbp,2b7ee465
Wed Dec 31 22:03:54 2025,29000000,EM_ANDAMENTO,vPUT7,aeadb75e
Wed Dec 31 22:03:56 2025,29500000,EM_ANDAMENTO,yPFFevkysc,25d2454f
Wed Dec 31 22:03:57 2025,30000000,EM_ANDAMENTO,SRH0fdVA8H,c4c66383
Wed Dec 31 22:03:59 2025,30500000,EM_ANDAMENTO,3pUs6eHCJ,bf477b19
Wed Dec 31 22:04:01 2025,31000000,EM_ANDAMENTO,HmwNrOXaEhh9,2d2309ec
Wed Dec 31 22:04:02 2025,31500000,EM_ANDAMENTO,vPm,1400d9d6
Wed Dec 31 22:04:04 2025,32000000,EM_ANDAMENTO,HAsHWxOm,2f5ce017
Wed Dec 31 22:04:05 2025,32500000,EM_ANDAMENTO,tcg4RM,622a338f
Wed Dec 31 22:04:07 2025,33000000,EM_ANDAMENTO,UqzmxGoVUL2D,1cdb86e2
Wed Dec 31 22:04:09 2025,33500000,EM_ANDAMENTO,9v5,d6c87fd3
Wed Dec 31 22:04:11 2025,34000000,EM_ANDAMENTO,ynj8Dh,5baefd87
Wed Dec 31 22:04:12 2025,34500000,EM_ANDAMENTO,q,87b8d13b
Wed Dec 31 22:04:14 2025,35000000,EM_ANDAMENTO,TbbSa,bfd2674e
Wed Dec 31 22:04:16 2025,35500000,EM_ANDAMENTO,LyMaG,7db79183
Wed Dec 31 22:04:17 2025,36000000,EM_ANDAMENTO,zJkBrr1mPFw,61986bed
Wed Dec 31 22:04:19 2025,36500000,EM_ANDAMENTO,zWCvYTBgsl0,3168ae2f
Wed Dec 31 22:04:20 2025,37000000,EM_ANDAMENTO,wMamv,7a969c9b
Wed Dec 31 22:04:22 2025,37500000,EM_ANDAMENTO,65asn6s4,f4e43dcd
Wed Dec 31 22:04:24 2025,38000000,EM_ANDAMENTO,dDPJkgtuUoqv,f7feca55
Wed Dec 31 22:04:25 2025,38500000,EM_ANDAMENTO,O,4ac61591
Wed Dec 31 22:04:27 2025,39000000,EM_ANDAMENTO,AyvLr,3f6b7d66
Wed Dec 31 22:04:28 2025,39500000,EM_ANDAMENTO,AQ,d61ba5ce
Wed Dec 31 22:04:30 2025,40000000,EM_ANDAMENTO,IIYPz332,ff1a4a4d
Wed Dec 31 22:04:32 2025,40500000,EM_ANDAMENTO,9hAnC,43da0e7e
Wed Dec 31 22:04:33 2025,41000000,EM_ANDAMENTO,9JRcXWQdh0,e919b12f
Wed Dec 31 22:04:35 2025,41500000,EM_ANDAMENTO,MX,7a9b61f2
Wed Dec 31 22:04:36 2025,42000000,EM_ANDAMENTO,Z,dad14f5a
Wed Dec 31 22:04:38 2025,42500000,EM_ANDAMENTO,Uu,39bd9a94
Wed Dec 31 22:04:40 2025,43000000,EM_ANDAMENTO,35VM,23394da7
Wed Dec 31 22:04:41 2025,43500000,EM_ANDAMENTO,k,ac20c833
Wed Dec 31 22:04:43 2025,44000000,EM_ANDAMENTO,rWCG,dee3bdf0
Wed Dec 31 22:04:45 2025,44500000,EM_ANDAMENTO,uCFz2hFU,b5ccd34c
Wed Dec 31 22:04:46 2025,45000000,EM_ANDAMENTO,SB,fbcc5603
Wed Dec 31 22:04:48 2025,45500000,EM_ANDAMENTO,NLxiL,d255e2bd
Wed Dec 31 22:04:49 2025,46000000,EM_ANDAMENTO,2,4e9e3870
Wed Dec 31 22:04:51 2025,46500000,EM_ANDAMENTO,9,d8ef0690
Wed Dec 31 22:04:53 2025,47000000,EM_ANDAMENTO,emPaKVeDbiQ,7d0fd56d
Wed Dec 31 22:04:54 2025,47500000,EM_ANDAMENTO,LAEkbCu7,366d67b9
Wed Dec 31 22:04:56 2025,48000000,EM_ANDAMENTO,GKeavoyusYQ,0928c9c4
Wed Dec 31 22:04:57 2025,48500000,EM_ANDAMENTO,dff2cHnaC,bba95a2e
Wed Dec 31 22:04:59 2025,49000000,EM_ANDAMENTO,Ja,3368ac69
Wed Dec 31 22:05:01 2025,49500000,EM_ANDAMENTO,8mE,7a3b27fc
Wed Dec 31 22:05:02 2025,50000000,EM_ANDAMENTO,TY,8ce69cef
Wed Dec 31 22:05:04 2025,50500000,EM_ANDAMENTO,OmzswHUKD,3cba276d
Wed Dec 31 22:05:05 2025,51000000,EM_ANDAMENTO,RYk0Uh05nU8,d8e6611c
Wed Dec 31 22:05:07 2025,51500000,EM_ANDAMENTO,s,bc5ac4a3
Wed Dec 31 22:05:09 2025,52000000,EM_ANDAMENTO,qXQLz,482be787
Wed Dec 31 22:05:10 2025,52500000,EM_ANDAMENTO,9VMdgnR8,1aa57f48
Wed Dec 31 22:05:12 2025,53000000,EM_ANDAMENTO,0f,d0cb8625
Wed Dec 31 22:05:13 2025,53500000,EM_ANDAMENTO,GlKzhyR46gQu,462132c1
Wed Dec 31 22:05:15 2025,54000000,EM_ANDAMENTO,yNTW5qOPb,6b24a740
Wed Dec 31 22:05:17 2025,54500000,EM_ANDAMENTO,Hfy9VSg,0d25ccfa
Wed Dec 31 22:05:18 2025,55000000,EM_ANDAMENTO,GufsHuKwI3B,fa4836bf
Wed Dec 31 22:05:20 2025,55500000,EM_ANDAMENTO,WXoG,b9cb47fe
Wed Dec 31 22:05:21 2025,56000000,EM_ANDAMENTO,SbPmxOyR3S,6cd6c7cb
Wed Dec 31 22:05:23 2025,56500000,EM_ANDAMENTO,vL,4eb27d4e
Wed Dec 31 22:05:25 2025,57000000,EM_ANDAMENTO,KpQO3oA,acc8236c
Wed Dec 31 22:05:26 2025,57500000,EM_ANDAMENTO,nHSO9,39bf4a39
Wed Dec 31 22:05:28 2025,58000000,EM_ANDAMENTO,N0itiRcV6,b5e7a62f
Wed Dec 31 22:05:29 2025,58500000,EM_ANDAMENTO,RsXFb6v,d686ac48
Wed Dec 31 22:05:31 2025,59000000,EM_ANDAMENTO,rX6Vssz1hUU,5eda650d
Wed Dec 31 22:05:33 2025,59500000,EM_ANDAMENTO,3,0a7fddc2
Wed Dec 31 22:05:34 2025,60000000,EM_ANDAMENTO,2tWy9vE,85ceb861
Wed Dec 31 22:05:36 2025,60500000,EM_ANDAMENTO,t,ef012cb5
Wed Dec 31 22:05:37 2025,61000000,EM_ANDAMENTO,jrK9VEu,4e1358aa
Wed Dec 31 22:05:39 2025,61500000,EM_ANDAMENTO,aHYCzGkF0EE2,a0642f06
Wed Dec 31 22:05:41 2025,62000000,EM_ANDAMENTO,LNOifnsq9Q5,7cc060df
Wed Dec 31 22:05:42 2025,62500000,EM_ANDAMENTO,dRutngEXMt6,591ef756
Wed Dec 31 22:05:44 2025,63000000,EM_ANDAMENTO,d7aBK,8649727e
Wed Dec 31 22:05:45 2025,63500000,EM_ANDAMENTO,Y250hby2Ko,8b3d47ce
Wed Dec 31 22:05:47 2025,64000000,EM_ANDAMENTO,IeUF,656c82d6
Wed Dec 31 22:05:49 2025,64500000,EM_ANDAMENTO,DpkCzTW5JhHi,6df00cd0
Wed Dec 31 22:05:50 2025,65000000,EM_ANDAMENTO,xWH1wTDVH,1ba4f1c8
Wed Dec 31 22:05:52 2025,65500000,EM_ANDAMENTO,D,f0695584
Wed Dec 31 22:05:53 2025,66000000,EM_ANDAMENTO,UGd,da815f6a
Wed Dec 31 22:05:55 2025,66500000,EM_ANDAMENTO,XO,4dc6ffd1
Wed Dec 31 22:05:57 2025,67000000,EM_ANDAMENTO,zkVok,c4ef7703
Wed Dec 31 22:05:58 2025,67500000,EM_ANDAMENTO,ctZ,9d10537f
Wed Dec 31 22:06:00 2025,68000000,EM_ANDAMENTO,cbX1JTSTaUDH,5256092e
Wed Dec 31 22:06:01 2025,68500000,EM_ANDAMENTO,w,1e332829
Wed Dec 31 22:06:03 2025,69000000,EM_ANDAMENTO,DpR,583a0776
Wed Dec 31 22:06:05 2025,69500000,EM_ANDAMENTO,kSoonge,cfb1152b
Wed Dec 31 22:06:06 2025,70000000,EM_ANDAMENTO,uH,bcc8a286
Wed Dec 31 22:06:08 2025,70500000,EM_ANDAMENTO,HwXePwQlm,367b983c
Wed Dec 31 22:06:10 2025,71000000,EM_ANDAMENTO,HtN9958ayxK,dc9ecc75
Wed Dec 31 22:06:11 2025,71500000,EM_ANDAMENTO,pRE0TaATGY,b38a9269
Wed Dec 31 22:06:13 2025,72000000,EM_ANDAMENTO,hDugWpfk,df714918
Wed Dec 31 22:06:14 2025,72500000,EM_ANDAMENTO,1n,01732ea5
Wed Dec 31 22:06:16 2025,73000000,EM_ANDAMENTO,ZjzTs9e,a87b6369
Wed Dec 31 22:06:18 2025,73500000,EM_ANDAMENTO,a,85c8de88
Wed Dec 31 22:06:19 2025,74000000,EM_ANDAMENTO,YEvIOR,1ef59d09
Wed Dec 31 22:06:21 2025,74500000,EM_ANDAMENTO,Td,4e4f4c86
Wed Dec 31 22:06:22 2025,75000000,EM_ANDAMENTO,7w7n,44a6ce25
Wed Dec 31 22:06:24 2025,75500000,EM_ANDAMENTO,dAJzhovEEWE,0cb54e83
Wed Dec 31 22:06:26 2025,76000000,EM_ANDAMENTO,OaW,d3dcda23
Wed Dec 31 22:06:27 2025,76500000,EM_ANDAMENTO,eLwjYtGn,2badb4ae
Wed Dec 31 22:06:29 2025,77000000,EM_ANDAMENTO,IfDZlriBns,f7c5e188
Wed Dec 31 22:06:30 2025,77500000,EM_ANDAMENTO,j1hK0cp2G4x,f585de52
Wed Dec 31 22:06:32 2025,78000000,EM_ANDAMENTO,p1l3GjV,c5ad6910
Wed Dec 31 22:06:34 2025,78500000,EM_ANDAMENTO,2uq,1aa7e1d6
Wed Dec 31 22:06:35 2025,79000000,EM_ANDAMENTO,3AX1MoQhp1,8eb3cf9f
Wed Dec 31 22:06:37 2025,79500000,EM_ANDAMENTO,dgYXv,f38be962
Wed Dec 31 22:06:38 2025,80000000,EM_ANDAMENTO,Q1B7hKFmvg,3776144d
Wed Dec 31 22:06:40 2025,80500000,EM_ANDAMENTO,35B9e,55d3930e
Wed Dec 31 22:06:42 2025,81000000,EM_ANDAMENTO,e2t5M6ns,95f99d3a
Wed Dec 31 22:06:43 2025,81500000,EM_ANDAMENTO,T,9dd7847b
Wed Dec 31 22:06:45 2025,82000000,EM_ANDAMENTO,FaBA,59847b71
Wed Dec 31 22:06:46 2025,82500000,EM_ANDAMENTO,bXH,c44836d7
Wed Dec 31 22:06:48 2025,83000000,EM_ANDAMENTO,vjaAsxqduLhR,c8a58448
Wed Dec 31 22:06:50 2025,83500000,EM_ANDAMENTO,P1IVgh2S,37bbc991
Wed Dec 31 22:06:51 2025,84000000,EM_ANDAMENTO,uWMZ0yUMr,bf8f13ac
Wed Dec 31 22:06:53 2025,84500000,EM_ANDAMENTO,C3Arrs4,bf0111c5
Wed Dec 31 22:06:54 2025,85000000,EM_ANDAMENTO,E,9e677faf
Wed Dec 31 22:06:56 2025,85500000,EM_ANDAMENTO,N1uJRB,683c5567
Wed Dec 31 22:06:57 2025,86000000,EM_ANDAMENTO,ds,03abb80d
Wed Dec 31 22:06:59 2025,86500000,EM_ANDAMENTO,Oor,d5945580
Wed Dec 31 22:07:01 2025,87000000,EM_ANDAMENTO,MjQZJ,8fbb57fe
Wed Dec 31 22:07:02 2025,87500000,EM_ANDAMENTO,EyiJliyC,9a113fc6
Wed Dec 31 22:07:04 2025,88000000,EM_ANDAMENTO,D5r7XI,dece7789
Wed Dec 31 22:07:05 2025,88500000,EM_ANDAMENTO,asRK9p3m7jnw,3800fa0b
Wed Dec 31 22:07:07 2025,89000000,EM_ANDAMENTO,ebdTts3ymx,3b1fed6f
Wed Dec 31 22:07:09 2025,89500000,EM_ANDAMENTO,oLxwv,0ef46fd7
Wed Dec 31 22:07:10 2025,90000000,EM_ANDAMENTO,tPwJOxZ,1f8e5533
Wed Dec 31 22:07:12 2025,90500000,EM_ANDAMENTO,iK6N,df67f512
Wed Dec 31 22:07:13 2025,91000000,EM_ANDAMENTO,ezoBzl6X,ce58861a
Wed Dec 31 22:07:15 2025,91500000,EM_ANDAMENTO,PQmq7fs,6106254a
Wed Dec 31 22:07:17 2025,92000000,EM_ANDAMENTO,qI0n8HO,48339e35
Wed Dec 31 22:07:18 2025,92500000,EM_ANDAMENTO,44XnxyrC,f6475803
Wed Dec 31 22:07:20 2025,93000000,EM_ANDAMENTO,wZwoyVKcf,9c4fbec6
Wed Dec 31 22:07:21 2025,93500000,EM_ANDAMENTO,3l8,56c728b6
Wed Dec 31 22:07:23 2025,94000000,EM_ANDAMENTO,hq2Rtc,98b1960c
Wed Dec 31 22:07:25 2025,94500000,EM_ANDAMENTO,OgFq,3fdf8eef
Wed Dec 31 22:07:26 2025,95000000,EM_ANDAMENTO,4dhy,3d219a6c
Wed Dec 31 22:07:28 2025,95500000,EM_ANDAMENTO,Izh8RM,1c5cea98
Wed Dec 31 22:07:30 2025,96000000,EM_ANDAMENTO,bzXKjYTW,b5bd3bd1
Wed Dec 31 22:07:31 2025,96500000,EM_ANDAMENTO,QnTPAZOs0,c4189fc1
Wed Dec 31 22:07:33 2025,97000000,EM_ANDAMENTO,gaJ,3fc83f97
Wed Dec 31 22:07:34 2025,97500000,EM_ANDAMENTO,OtuebNq3wqRl,ce9f08fa
Wed Dec 31 22:07:36 2025,98000000,EM_ANDAMENTO,bWKImlKe,44fabb10
Wed Dec 31 22:07:38 2025,98500000,EM_ANDAMENTO,EF,bb31f6d7
Wed Dec 31 22:07:39 2025,99000000,EM_ANDAMENTO,Fw9,1daf7f99
Wed Dec 31 22:07:41 2025,99500000,EM_ANDAMENTO,Dyi,54ef2905
Wed Dec 31 22:07:42 2025,100000000,EM_ANDAMENTO,nYemJY0mPry,74c11bd2
Wed Dec 31 22:07:44 2025,100500000,EM_ANDAMENTO,oE9,09d3da1b
Wed Dec 31 22:07:46 2025,101000000,EM_ANDAMENTO,xGIs,c2de7a05
Wed Dec 31 22:07:47 2025,101500000,EM_ANDAMENTO,1hMQXJli2,e876c6ba
Wed Dec 31 22:07:49 2025,102000000,EM_ANDAMENTO,eG5g1I,341b55a2
Wed Dec 31 22:07:50 2025,102500000,EM_ANDAMENTO,2t4UWUQ3Vvl,7b10d55e
Wed Dec 31 22:07:52 2025,103000000,EM_ANDAMENTO,2iu6fjiETw,d4a2a962
Wed Dec 31 22:07:54 2025,103500000,EM_ANDAMENTO,fmU8e7lfSDD8,46cf4a11
Wed Dec 31 22:07:55 2025,104000000,EM_ANDAMENTO,6Z3,81a9660a
Wed Dec 31 22:07:57 2025,104500000,EM_ANDAMENTO,BkQq1GxDWtF,ea36e4d0
Wed Dec 31 22:07:58 2025,105000000,EM_ANDAMENTO,QIu7Kq6g,6fb0c334
Wed Dec 31 22:08:00 2025,105500000,EM_ANDAMENTO,aSl7G3cbv7K2,282a2ca1
Wed Dec 31 22:08:02 2025,106000000,EM_ANDAMENTO,8ChacYc9,8df0625b
Wed Dec 31 22:08:03 2025,106500000,EM_ANDAMENTO,SugKUjSCl,8c10fed1
Wed Dec 31 22:08:05 2025,107000000,EM_ANDAMENTO,3dW1Ns,2ff4d2ba
Wed Dec 31 22:08:06 2025,107500000,EM_ANDAMENTO,GEAlCbs,0ca2831b
Wed Dec 31 22:08:08 2025,108000000,EM_ANDAMENTO,UxBHLh9Ma,4d81d8d4
Wed Dec 31 22:08:09 2025,108500000,EM_ANDAMENTO,N0o,2d92198e
Wed Dec 31 22:08:11 2025,109000000,EM_ANDAMENTO,tLvLzt,105b4486
Wed Dec 31 22:08:13 2025,109500000,EM_ANDAMENTO,8Um,6c2ceddd
Wed Dec 31 22:08:14 2025,110000000,EM_ANDAMENTO,JDre3pNj,ec640799
Wed Dec 31 22:08:16 2025,110500000,EM_ANDAMENTO,2,4e9e3870
Wed Dec 31 22:08:17 2025,111000000,EM_ANDAMENTO,bRB,2438d636
Wed Dec 31 22:08:19 2025,111500000,EM_ANDAMENTO,QuKd,0399751a
Wed Dec 31 22:08:21 2025,112000000,EM_ANDAMENTO,rUNlD57cJK,c61c9bed
Wed Dec 31 22:08:22 2025,112500000,EM_ANDAMENTO,wR,45062b96
Wed Dec 31 22:08:24 2025,113000000,EM_ANDAMENTO,kjRy,4f88b934
Wed Dec 31 22:08:25 2025,113500000,EM_ANDAMENTO,96Wkiz,a7903c3f
Wed Dec 31 22:08:27 2025,114000000,EM_ANDAMENTO,LsbYu,95b683e0
Wed Dec 31 22:08:29 2025,114500000,EM_ANDAMENTO,N,9e1bfdab
Wed Dec 31 22:08:30 2025,115000000,EM_ANDAMENTO,NQ,9d946c7f
Wed Dec 31 22:08:32 2025,115500000,EM_ANDAMENTO,vOAYyD1nkh,6903ff73
Wed Dec 31 22:08:33 2025,116000000,EM_ANDAMENTO,bH6vtf,0b250afe
Wed Dec 31 22:08:35 2025,116500000,EM_ANDAMENTO,Z7LNZ,a0d48c86
Wed Dec 31 22:08:36 2025,117000000,EM_ANDAMENTO,Wo6,9ec4a9ab
Wed Dec 31 22:08:38 2025,117500000,EM_ANDAMENTO,GY2qufs0TFm,7dddcce2
Wed Dec 31 22:08:40 2025,118000000,EM_ANDAMENTO,3I4CJfrXCcQl,ac299f2e
Wed Dec 31 22:08:41 2025,118500000,EM_ANDAMENTO,CCGbpqJOA,1ab317db
Wed Dec 31 22:08:43 2025,119000000,EM_ANDAMENTO,I,9264d438
Wed Dec 31 22:08:45 2025,119500000,EM_ANDAMENTO,moMUx5jo,1f90db6e
Wed Dec 31 22:08:46 2025,120000000,EM_ANDAMENTO,v,904f2f17
Wed Dec 31 22:08:48 2025,120500000,EM_ANDAMENTO,zNo0LU9,402a2d0e
Wed Dec 31 22:08:49 2025,121000000,EM_ANDAMENTO,hgsL4w,0e08dc59
Wed Dec 31 22:08:51 2025,121500000,EM_ANDAMENTO,n,68f8ea7d
Wed Dec 31 22:08:52 2025,122000000,EM_ANDAMENTO,Lx2IlJO,83a6083b
Wed Dec 31 22:08:54 2025,122500000,EM_ANDAMENTO,wDRQQfAjl,0f099016
Wed Dec 31 22:08:56 2025,123000000,EM_ANDAMENTO,RSLl,b46bc280
Wed Dec 31 22:08:57 2025,123500000,EM_ANDAMENTO,LRB,3440e0ff
Wed Dec 31 22:08:59 2025,124000000,EM_ANDAMENTO,KHUR,a46f9323
Wed Dec 31 22:09:01 2025,124500000,EM_ANDAMENTO,ut8vxBQfNgTD,2585cd26
Wed Dec 31 22:09:02 2025,125000000,EM_ANDAMENTO,Q,bd3d67b5
Wed Dec 31 22:09:04 2025,125500000,EM_ANDAMENTO,tgk,dd1aa54a
Wed Dec 31 22:09:05 2025,126000000,EM_ANDAMENTO,Du,e5a493e7
Wed Dec 31 22:09:07 2025,126500000,EM_ANDAMENTO,lywMbFylFHiJ,0f98580c
Wed Dec 31 22:09:09 2025,127000000,EM_ANDAMENTO,m,c5c95598
Wed Dec 31 22:09:11 2025,127500000,EM_ANDAMENTO,B4xAvrnAjpA,82860283
Wed Dec 31 22:09:12 2025,128000000,EM_ANDAMENTO,Op,8d7fc553
Wed Dec 31 22:09:14 2025,128500000,EM_ANDAMENTO,br6tbMkaF7B,12217a05
Wed Dec 31 22:09:15 2025,129000000,EM_ANDAMENTO,pNh9,aa160dc8
Wed Dec 31 22:09:17 2025,129500000,EM_ANDAMENTO,bHhdiX,a5d3bcea
Wed Dec 31 22:09:19 2025,130000000,EM_ANDAMENTO,LVStEWihSZpM,b52aaedf
Wed Dec 31 22:09:21 2025,130500000,EM_ANDAMENTO,QFCTUxuBS,37aabc87
Wed Dec 31 22:09:22 2025,131000000,EM_ANDAMENTO,BqQ,52306a3a
Wed Dec 31 22:09:24 2025,131500000,EM_ANDAMENTO,E8mDvmpm,8761f321
Wed Dec 31 22:09:25 2025,132000000,EM_ANDAMENTO,ctisd,93b22595
Wed Dec 31 22:09:27 2025,132500000,EM_ANDAMENTO,Q,bd3d67b5
Wed Dec 31 22:09:29 2025,133000000,EM_ANDAMENTO,tXf,21b82a55
Wed Dec 31 22:09:30 2025,133500000,EM_ANDAMENTO,ViWsyvU4kq,391bc2d4
Wed Dec 31 22:09:32 2025,134000000,EM_ANDAMENTO,GktpzuLNq,3cb2572a
Wed Dec 31 22:09:33 2025,134500000,EM_ANDAMENTO,gYq1fCL5hrIG,1b5a4c6f
Wed Dec 31 22:09:35 2025,135000000,EM_ANDAMENTO,DFy0x,411b94b3
Wed Dec 31 22:09:37 2025,135500000,EM_ANDAMENTO,tpCK,b4996bea
Wed Dec 31 22:09:38 2025,136000000,EM_ANDAMENTO,hhM,a2c8bd39
Wed Dec 31 22:09:40 2025,136500000,EM_ANDAMENTO,YPYSXbJpEQ,8a151145
Wed Dec 31 22:09:41 2025,137000000,EM_ANDAMENTO,SjgOYB,a0bb2dac
Wed Dec 31 22:09:43 2025,137500000,EM_ANDAMENTO,I3UiIf,02bdd47b
Wed Dec 31 22:09:44 2025,138000000,EM_ANDAMENTO,z,bb66897e
Wed Dec 31 22:09:46 2025,138500000,EM_ANDAMENTO,LvKphEfVR,0b013288
Wed Dec 31 22:09:48 2025,139000000,EM_ANDAMENTO,fTzsMW8,a55675e6
Wed Dec 31 22:09:49 2025,139500000,EM_ANDAMENTO,hH2DHfc,42d60651
Wed Dec 31 22:09:51 2025,140000000,EM_ANDAMENTO,K4D5AG7cDz6R,c0ab4640
Wed Dec 31 22:09:52 2025,140500000,EM_ANDAMENTO,gsm,e6cb6bb5
Wed Dec 31 22:09:54 2025,141000000,EM_ANDAMENTO,DBekMI,a2d5716c
Wed Dec 31 22:09:56 2025,141500000,EM_ANDAMENTO,rBMS,654ff78a
Wed Dec 31 22:09:57 2025,142000000,EM_ANDAMENTO,AlOVCvwLzjl,6c51e1aa
Wed Dec 31 22:09:59 2025,142500000,EM_ANDAMENTO,vZhH24,a36b9ebd
Wed Dec 31 22:10:01 2025,143000000,EM_ANDAMENTO,NdDOKOjx,56203518
Wed Dec 31 22:10:02 2025,143500000,EM_ANDAMENTO,kiU,1aa069d8
Wed Dec 31 22:10:04 2025,144000000,EM_ANDAMENTO,yaQ8EV,308286d4
Wed Dec 31 22:10:05 2025,144500000,EM_ANDAMENTO,KUVFbP,564ddd4f
Wed Dec 31 22:10:07 2025,145000000,EM_ANDAMENTO,bNi,504b8d2d
Wed Dec 31 22:10:08 2025,145500000,EM_ANDAMENTO,EvVvjBdg,2edda1fb
Wed Dec 31 22:10:10 2025,146000000,EM_ANDAMENTO,UXOv49la91,d88d3160
Wed Dec 31 22:10:12 2025,146500000,EM_ANDAMENTO,Zw,031a8590
Wed Dec 31 22:10:13 2025,147000000,EM_ANDAMENTO,qOLn8,2483554c
Wed Dec 31 22:10:15 2025,147500000,EM_ANDAMENTO,7FSqui,136dc7eb
Wed Dec 31 22:10:16 2025,148000000,EM_ANDAMENTO,GAN,8cf6aefb
Wed Dec 31 22:10:18 2025,148500000,EM_ANDAMENTO,F7eaMSr,dd781a85
Wed Dec 31 22:10:20 2025,149000000,EM_ANDAMENTO,qDQPplWZb8j,418c0d67
Wed Dec 31 22:10:21 2025,149500000,EM_ANDAMENTO,iqBUKjjMc6G,7aed4cf1
Wed Dec 31 22:10:23 2025,150000000,EM_ANDAMENTO,nuWXgboJrdQY,fb310084
Wed Dec 31 22:10:24 2025,150500000,EM_ANDAMENTO,Cetebnl,b550deef
Wed Dec 31 22:10:26 2025,151000000,EM_ANDAMENTO,e,bb2b536f
Wed Dec 31 22:10:28 2025,151500000,EM_ANDAMENTO,iSct48xTx0,c942cfa9
Wed Dec 31 22:10:29 2025,152000000,EM_ANDAMENTO,4wam1IuT,6ab69a8b
Wed Dec 31 22:10:31 2025,152500000,EM_ANDAMENTO,QI,e6617c91
Wed Dec 31 22:10:32 2025,153000000,EM_ANDAMENTO,lE,c18df206
Wed Dec 31 22:10:34 2025,153500000,EM_ANDAMENTO,TogPjqCHS97,b9ebf23b
Wed Dec 31 22:10:36 2025,154000000,EM_ANDAMENTO,gR,6c183b0e
Wed Dec 31 22:10:37 2025,154500000,EM_ANDAMENTO,RvzRa,7e0a5c98
Wed Dec 31 22:10:39 2025,155000000,EM_ANDAMENTO,j9cF,a4079bf6
Wed Dec 31 22:10:40 2025,155500000,EM_ANDAMENTO,p6fKj2,d10868ae
Wed Dec 31 22:10:42 2025,156000000,EM_ANDAMENTO,EaifGQG,6975d985
Wed Dec 31 22:10:44 2025,156500000,EM_ANDAMENTO,22,e30db0c8
Wed Dec 31 22:10:45 2025,157000000,EM_ANDAMENTO,8MyTueZU1,ce65c46d
Wed Dec 31 22:10:47 2025,157500000,EM_ANDAMENTO,mvVR,681e1542
Wed Dec 31 22:10:48 2025,158000000,EM_ANDAMENTO,pTf4a2z,33b8fac9
Wed Dec 31 22:10:50 2025,158500000,EM_ANDAMENTO,e,bb2b536f
Wed Dec 31 22:10:52 2025,159000000,EM_ANDAMENTO,DAxEa,284ec184
Wed Dec 31 22:10:53 2025,159500000,EM_ANDAMENTO,zS37Hsoyqi,ae18f134
Wed Dec 31 22:10:55 2025,160000000,EM_ANDAMENTO,xw,6a6b1d25
Wed Dec 31 22:10:56 2025,160500000,EM_ANDAMENTO,dCTJlv,00710e7b
Wed Dec 31 22:10:58 2025,161000000,EM_ANDAMENTO,wi,9fc0cf25
Wed Dec 31 22:10:59 2025,161500000,EM_ANDAMENTO,nvy,2c8fd704
Wed Dec 31 22:11:01 2025,162000000,EM_ANDAMENTO,ieO,f462ab56
Wed Dec 31 22:11:03 2025,162500000,EM_ANDAMENTO,YaWh25,57a2b5fb
Wed Dec 31 22:11:04 2025,163000000,EM_ANDAMENTO,r23dVNFHsMCd,f0197485
Wed Dec 31 22:11:06 2025,163500000,EM_ANDAMENTO,mZV8,48d4d939
Wed Dec 31 22:11:07 2025,164000000,EM_ANDAMENTO,4xZ3ymu,cb66df33
Wed Dec 31 22:11:09 2025,164500000,EM_ANDAMENTO,B,74865dbf
Wed Dec 31 22:11:11 2025,165000000,EM_ANDAMENTO,F,a2c949bf
Wed Dec 31 22:11:12 2025,165500000,EM_ANDAMENTO,Xpwm9rl,d8a0d9a0
Wed Dec 31 22:11:14 2025,166000000,EM_ANDAMENTO,dnvP0X0,5c759900
Wed Dec 31 22:11:15 2025,166500000,EM_ANDAMENTO,NWAjIhm6V,d38cfc12
Wed Dec 31 22:11:17 2025,167000000,EM_ANDAMENTO,fGz6BqW,1f889866
Wed Dec 31 22:11:19 2025,167500000,EM_ANDAMENTO,mrhkiIfwn5HX,36e542e2
Wed Dec 31 22:11:20 2025,168000000,EM_ANDAMENTO,J1Zs1OcQSXb,2472f1b9
Wed Dec 31 22:11:22 2025,168500000,EM_ANDAMENTO,fwmjcn,06594cbe
Wed Dec 31 22:11:23 2025,169000000,EM_ANDAMENTO,e,bb2b536f
Wed Dec 31 22:11:25 2025,169500000,EM_ANDAMENTO,cIGXxtQgD,0fbeca01
Wed Dec 31 22:11:27 2025,170000000,EM_ANDAMENTO,YuxpF,be73664e
Wed Dec 31 22:11:28 2025,170500000,EM_ANDAMENTO,fLp,6a93862e
Wed Dec 31 22:11:30 2025,171000000,EM_ANDAMENTO,R8vAn46JpD,d14472a9
Wed Dec 31 22:11:31 2025,171500000,EM_ANDAMENTO,NC,755b61b3
Wed Dec 31 22:11:33 2025,172000000,EM_ANDAMENTO,0xiVl,5fe490ab
Wed Dec 31 22:11:35 2025,172500000,EM_ANDAMENTO,VHD4OsB0,d5244856
Wed Dec 31 22:11:36 2025,173000000,EM_ANDAMENTO,AsEwzv,67dd7371
Wed Dec 31 22:11:38 2025,173500000,EM_ANDAMENTO,rnDmzUCqDg,c5989691
Wed Dec 31 22:11:39 2025,174000000,EM_ANDAMENTO,AOiW,276f1c7a
Wed Dec 31 22:11:41 2025,174500000,EM_ANDAMENTO,Z2x1,23d506d2
Wed Dec 31 22:11:43 2025,175000000,EM_ANDAMENTO,Z,dad14f5a
Wed Dec 31 22:11:44 2025,175500000,EM_ANDAMENTO,g2KvjTJQb16,3fd4f827
Wed Dec 31 22:11:46 2025,176000000,EM_ANDAMENTO,CRH,58999dcb
Wed Dec 31 22:11:47 2025,176500000,EM_ANDAMENTO,Aeppw3G,6d7ac006
Wed Dec 31 22:11:49 2025,177000000,EM_ANDAMENTO,49Pa1jf75ZFz,74924808
Wed Dec 31 22:11:51 2025,177500000,EM_ANDAMENTO,z0qwAvqrqpR,a1d30424
Wed Dec 31 22:11:52 2025,178000000,EM_ANDAMENTO,1RkOszhV,ac57cc61
Wed Dec 31 22:11:54 2025,178500000,EM_ANDAMENTO,d9d6Hu6Kj6,5689b493
Wed Dec 31 22:11:55 2025,179000000,EM_ANDAMENTO,Cz,ec7ce465
Wed Dec 31 22:11:57 2025,179500000,EM_ANDAMENTO,DvT,1171c4a3
Wed Dec 31 22:11:59 2025,180000000,EM_ANDAMENTO,RJscM,c725cd4f
Wed Dec 31 22:12:00 2025,180500000,EM_ANDAMENTO,0W,ca6febb5
Wed Dec 31 22:12:02 2025,181000000,EM_ANDAMENTO,vJu1pdy5O,cd920cfe
Wed Dec 31 22:12:03 2025,181500000,EM_ANDAMENTO,ajluhwzc,827b51f1
Wed Dec 31 22:12:05 2025,182000000,EM_ANDAMENTO,7skY,97507720
Wed Dec 31 22:12:07 2025,182500000,EM_ANDAMENTO,6I1cQ57Mfs2g,d4c7eb80
Wed Dec 31 22:12:08 2025,183000000,EM_ANDAMENTO,XEHSjE,8fb75169
Wed Dec 31 22:12:10 2025,183500000,EM_ANDAMENTO,8a,610e0b1d
Wed Dec 31 22:12:11 2025,184000000,EM_ANDAMENTO,eq1Nkf,0fa655a5
Wed Dec 31 22:12:13 2025,184500000,EM_ANDAMENTO,PG,4bf663a7
Wed Dec 31 22:12:14 2025,185000000,EM_ANDAMENTO,G,81ca32e5
Wed Dec 31 22:12:16 2025,185500000,EM_ANDAMENTO,Z1Vps,28bff8d1
Wed Dec 31 22:12:18 2025,186000000,EM_ANDAMENTO,xO5m,f7422b58
Wed Dec 31 22:12:19 2025,186500000,EM_ANDAMENTO,gqMfHtk57UN,896498ef
Wed Dec 31 22:12:21 2025,187000000,EM_ANDAMENTO,fMZhMRbJ,4064648f
Wed Dec 31 22:12:22 2025,187500000,EM_ANDAMENTO,dQKN7,d5d0ef7e
Wed Dec 31 22:12:24 2025,188000000,EM_ANDAMENTO,FLBmfYFcOAPJ,6aa4d905
Wed Dec 31 22:12:26 2025,188500000,EM_ANDAMENTO,e7w81V,3a1feac5
Wed Dec 31 22:12:27 2025,189000000,EM_ANDAMENTO,WUKEDJL,333634f0
Wed Dec 31 22:12:29 2025,189500000,EM_ANDAMENTO,dEhvnnkyk,121bf32f
Wed Dec 31 22:12:30 2025,190000000,EM_ANDAMENTO,j8hJk5UiD,453c8702
Wed Dec 31 22:12:32 2025,190500000,EM_ANDAMENTO,XgbNod8NW,ec2d0453
Wed Dec 31 22:12:34 2025,191000000,EM_ANDAMENTO,7a,897dc201
Wed Dec 31 22:12:35 2025,191500000,EM_ANDAMENTO,stbBTu7tr4G,841cadbe
Wed Dec 31 22:12:37 2025,192000000,EM_ANDAMENTO,OohVPAiK,c1d736ec
Wed Dec 31 22:12:38 2025,192500000,EM_ANDAMENTO,ySL8NXe4M,ab352189
Wed Dec 31 22:12:40 2025,193000000,EM_ANDAMENTO,lHtzqMAo,5350f1d6
Wed Dec 31 22:12:42 2025,193500000,EM_ANDAMENTO,uegW5m8jRjQs,36c5007c
Wed Dec 31 22:12:43 2025,194000000,EM_ANDAMENTO,Zp1y6pqr,c962aec2
Wed Dec 31 22:12:45 2025,194500000,EM_ANDAMENTO,5YFNkiYFkYQ,ae69ce26
Wed Dec 31 22:12:46 2025,195000000,EM_ANDAMENTO,E2u,149fb3be
Wed Dec 31 22:12:48 2025,195500000,EM_ANDAMENTO,BWRpHIhHL,8707ee3a
Wed Dec 31 22:12:50 2025,196000000,EM_ANDAMENTO,p2,7777079b
Wed Dec 31 22:12:51 2025,196500000,EM_ANDAMENTO,4JD,a8ff267d
Wed Dec 31 22:12:53 2025,197000000,EM_ANDAMENTO,mSHLbN,4aa68d6b
Wed Dec 31 22:12:54 2025,197500000,EM_ANDAMENTO,AxJPm8L0,7b4d6b53
Wed Dec 31 22:12:56 2025,198000000,EM_ANDAMENTO,IIVALg,0ea39eec
Wed Dec 31 22:12:58 2025,198500000,EM_ANDAMENTO,S6W4KJDd9XPE,9124b2f5
Wed Dec 31 22:12:59 2025,199000000,EM_ANDAMENTO,G,81ca32e5
Wed Dec 31 22:13:01 2025,199500000,EM_ANDAMENTO,G3,07b7a5a4
Wed Dec 31 22:13:02 2025,200000000,EM_ANDAMENTO,YWXf85EYnXl,1dde487c
Wed Dec 31 22:13:04 2025,200500000,EM_ANDAMENTO,1JB,b9dd7f44
Wed Dec 31 22:13:06 2025,201000000,EM_ANDAMENTO,r,95434212
Wed Dec 31 22:13:07 2025,201500000,EM_ANDAMENTO,XpqwE0Y,b0796c09
Wed Dec 31 22:13:09 2025,202000000,EM_ANDAMENTO,BirKRBJ9F,d254dbf3
Wed Dec 31 22:13:10 2025,202500000,EM_ANDAMENTO,ccLtpaKvUv,59de3f54
Wed Dec 31 22:13:12 2025,203000000,EM_ANDAMENTO,wAZ,361ca372
Wed Dec 31 22:13:14 2025,203500000,EM_ANDAMENTO,xV4hypXypUCF,76603a34
Wed Dec 31 22:13:15 2025,204000000,EM_ANDAMENTO,mz0C,08c5a5c5
Wed Dec 31 22:13:17 2025,204500000,EM_ANDAMENTO,jo94Yb2S,8782a0cb
Wed Dec 31 22:13:18 2025,205000000,EM_ANDAMENTO,EPPPZTsB,9f8a5603
Wed Dec 31 22:13:20 2025,205500000,EM_ANDAMENTO,5y37ujYX9o1,e3af02eb
Wed Dec 31 22:13:21 2025,206000000,EM_ANDAMENTO,HlPm4UimOc,40614665
Wed Dec 31 22:13:23 2025,206500000,EM_ANDAMENTO,oVgOvo,937499ee
Wed Dec 31 22:13:25 2025,207000000,EM_ANDAMENTO,wg3q,8c4718f0
Wed Dec 31 22:13:26 2025,207500000,EM_ANDAMENTO,rrt0JfOvRUf,52f77c22
Wed Dec 31 22:13:28 2025,208000000,EM_ANDAMENTO,oHTW,3d5b7ec3
Wed Dec 31 22:13:30 2025,208500000,EM_ANDAMENTO,wm4nC3jyEeJ,50e92aec
Wed Dec 31 22:13:31 2025,209000000,EM_ANDAMENTO,7,f99079a8
Wed Dec 31 22:13:33 2025,209500000,EM_ANDAMENTO,JGS7H1elZe,00c5bac2
Wed Dec 31 22:13:35 2025,210000000,EM_ANDAMENTO,Vg,8de24647
Wed Dec 31 22:13:36 2025,210500000,EM_ANDAMENTO,p2hzod3m3bAH,1bad0657
Wed Dec 31 22:13:38 2025,211000000,EM_ANDAMENTO,Ix8z,f694667e
Wed Dec 31 22:13:39 2025,211500000,EM_ANDAMENTO,QSZ4MHZQki,32277369
Wed Dec 31 22:13:41 2025,212000000,EM_ANDAMENTO,wW7rfKTQB,0b32e445
Wed Dec 31 22:13:43 2025,212500000,EM_ANDAMENTO,HGUJ,bb74dabc
Wed Dec 31 22:13:44 2025,213000000,EM_ANDAMENTO,Sl14M3ZqBJ,372a6325
Wed Dec 31 22:13:46 2025,213500000,EM_ANDAMENTO,CH,7b35f6a1
Wed Dec 31 22:13:47 2025,214000000,EM_ANDAMENTO,9YTMSk9q,569b2dd3
Wed Dec 31 22:13:49 2025,214500000,EM_ANDAMENTO,evc7,2356dab0
Wed Dec 31 22:13:51 2025,215000000,EM_ANDAMENTO,WDp,3c0235ee
Wed Dec 31 22:13:52 2025,215500000,EM_ANDAMENTO,jxcDEWcjdjAt,00b0ecf6
Wed Dec 31 22:13:54 2025,216000000,EM_ANDAMENTO,dyi78qo4V76L,5160ac1f
Wed Dec 31 22:13:55 2025,216500000,EM_ANDAMENTO,li,3b1c3387
Wed Dec 31 22:13:57 2025,217000000,EM_ANDAMENTO,Hd9pfaR3Sz,31157f0f
Wed Dec 31 22:13:59 2025,217500000,EM_ANDAMENTO,n8k1K,502b0540
Wed Dec 31 22:14:00 2025,218000000,EM_ANDAMENTO,Vhq7l2aP,e8767d43
Wed Dec 31 22:14:02 2025,218500000,EM_ANDAMENTO,rXcAfQ1UjBOt,73687e77
Wed Dec 31 22:14:03 2025,219000000,EM_ANDAMENTO,t9nlXPefPK,dd8ae121
Wed Dec 31 22:14:05 2025,219500000,EM_ANDAMENTO,T,9dd7847b
Wed Dec 31 22:14:07 2025,220000000,EM_ANDAMENTO,HK2Ns,6648eb37
Wed Dec 31 22:14:08 2025,220500000,EM_ANDAMENTO,kb0mFpsD8TjV,25f942a9
Wed Dec 31 22:14:10 2025,221000000,EM_ANDAMENTO,7qvj75eXKV,19fc98aa
Wed Dec 31 22:14:11 2025,221500000,EM_ANDAMENTO,lxFF6pkP,117365db
Wed Dec 31 22:14:13 2025,222000000,EM_ANDAMENTO,Ce1DJnrShWy,d2c6eea1
Wed Dec 31 22:14:15 2025,222500000,EM_ANDAMENTO,oQSF6yTd,43fc1e53
Wed Dec 31 22:14:16 2025,223000000,EM_ANDAMENTO,9l4vQMpR,e391daba
Wed Dec 31 22:14:18 2025,223500000,EM_ANDAMENTO,XZUwwxFa,465c1950
Wed Dec 31 22:14:19 2025,224000000,EM_ANDAMENTO,1k6,8951bb38
Wed Dec 31 22:14:21 2025,224500000,EM_ANDAMENTO,HwhLO5Hx,15eda3af
Wed Dec 31 22:14:23 2025,225000000,EM_ANDAMENTO,hDzzMentS8S,7fea5c00
Wed Dec 31 22:14:24 2025,225500000,EM_ANDAMENTO,u,4aed0987
Wed Dec 31 22:14:26 2025,226000000,EM_ANDAMENTO,KGYYs,33f74a68
Wed Dec 31 22:14:27 2025,226500000,EM_ANDAMENTO,L,73706247
Wed Dec 31 22:14:29 2025,227000000,EM_ANDAMENTO,p4am,449d75a9
Wed Dec 31 22:14:31 2025,227500000,EM_ANDAMENTO,flgds4T,73bb801d
Wed Dec 31 22:14:32 2025,228000000,EM_ANDAMENTO,Yf,dd9227b1
Wed Dec 31 22:14:34 2025,228500000,EM_ANDAMENTO,NYNRwHoBOf,e7a0ac53
Wed Dec 31 22:14:35 2025,229000000,EM_ANDAMENTO,HFWVtIYQ34,68fb629d
Wed Dec 31 22:14:37 2025,229500000,EM_ANDAMENTO,XMie,3d6120be
Wed Dec 31 22:14:38 2025,230000000,EM_ANDAMENTO,JpdAk2RAzw1,d7893a70
Wed Dec 31 22:14:40 2025,230500000,EM_ANDAMENTO,kxpgVh,8df37442
Wed Dec 31 22:14:42 2025,231000000,EM_ANDAMENTO,NpQW9y8q,a738b6cc
Wed Dec 31 22:14:43 2025,231500000,EM_ANDAMENTO,GFsm,d9c437df
Wed Dec 31 22:14:45 2025,232000000,EM_ANDAMENTO,9A,8b39a773
Wed Dec 31 22:14:47 2025,232500000,EM_ANDAMENTO,BRMIHjR1,1ef8138c
Wed Dec 31 22:14:48 2025,233000000,EM_ANDAMENTO,IaH9JqX,aaec06cb
Wed Dec 31 22:14:50 2025,233500000,EM_ANDAMENTO,pG7Hfw4rNmc,3c196ee7
Wed Dec 31 22:14:51 2025,234000000,EM_ANDAMENTO,Ypi,1ded2720
Wed Dec 31 22:14:53 2025,234500000,EM_ANDAMENTO,cXKuCN9fxSoh,09e46f27
Wed Dec 31 22:14:54 2025,235000000,EM_ANDAMENTO,PxOzLN5J,be56eb96
Wed Dec 31 22:14:56 2025,235500000,EM_ANDAMENTO,9gbqlFuiOO,626a4d50
Wed Dec 31 22:14:58 2025,236000000,EM_ANDAMENTO,dtogi,5b102990
Wed Dec 31 22:14:59 2025,236500000,EM_ANDAMENTO,qxZEBp3HpVl,289f8b69
Wed Dec 31 22:15:01 2025,237000000,EM_ANDAMENTO,ME9Z,08424afc
Wed Dec 31 22:15:02 2025,237500000,EM_ANDAMENTO,UtR4Ha,0bbbeb0a
Wed Dec 31 22:15:04 2025,238000000,EM_ANDAMENTO,UzchzyyKZncb,95cdadff
Wed Dec 31 22:15:06 2025,238500000,EM_ANDAMENTO,M6W9I6,762654a8
Wed Dec 31 22:15:07 2025,239000000,EM_ANDAMENTO,S,9934d41d
Wed Dec 31 22:15:09 2025,239500000,EM_ANDAMENTO,KeJkp4Sj9,9cea8cc6
Wed Dec 31 22:15:10 2025,240000000,EM_ANDAMENTO,KK1,a03d379c
Wed Dec 31 22:15:12 2025,240500000,EM_ANDAMENTO,9I,8e572bea
Wed Dec 31 22:15:14 2025,241000000,EM_ANDAMENTO,eqXk2LGjCZ,ed772990
Wed Dec 31 22:15:15 2025,241500000,EM_ANDAMENTO,RqIjrj,603d38da
Wed Dec 31 22:15:17 2025,242000000,EM_ANDAMENTO,O3E,d6e697c4
Wed Dec 31 22:15:18 2025,242500000,EM_ANDAMENTO,zccx,e4125de6
Wed Dec 31 22:15:20 2025,243000000,EM_ANDAMENTO,szpKPl,ee41e530
Wed Dec 31 22:15:22 2025,243500000,EM_ANDAMENTO,WEeaNArVE7A,a57ae749
Wed Dec 31 22:15:23 2025,244000000,EM_ANDAMENTO,ILHU8UUtSE6,e4813dff
Wed Dec 31 22:15:25 2025,244500000,EM_ANDAMENTO,riiSVPRk,0a2432df
Wed Dec 31 22:15:26 2025,245000000,EM_ANDAMENTO,8Z,8663af12
Wed Dec 31 22:15:28 2025,245500000,EM_ANDAMENTO,OkX,f3aca3c3
Wed Dec 31 22:15:30 2025,246000000,EM_ANDAMENTO,yykbHv4IiU,c35b121f
Wed Dec 31 22:15:31 2025,246500000,EM_ANDAMENTO,ZEaUV,8b9636c5
Wed Dec 31 22:15:33 2025,247000000,EM_ANDAMENTO,1MxSE,734618ff
Wed Dec 31 22:15:34 2025,247500000,EM_ANDAMENTO,DHWnSlZnLOVs,84f884d5
Wed Dec 31 22:15:36 2025,248000000,EM_ANDAMENTO,o6SOZ,2ff3fc25
Wed Dec 31 22:15:38 2025,248500000,EM_ANDAMENTO,Dsz90gC6,e7088db5
Wed Dec 31 22:15:39 2025,249000000,EM_ANDAMENTO,WksXz,b7232658
Wed Dec 31 22:15:41 2025,249500000,EM_ANDAMENTO,cR4WXZ7uRGjq,4ae5dc5e
Wed Dec 31 22:15:42 2025,250000000,EM_ANDAMENTO,3jAX,5be74a2a
Wed Dec 31 22:15:44 2025,250500000,EM_ANDAMENTO,wkmC1xjuqo0p,be81323f
Wed Dec 31 22:15:46 2025,251000000,EM_ANDAMENTO,SUxALxQLrUI,7e2368ce
Wed Dec 31 22:15:47 2025,251500000,EM_ANDAMENTO,O4ObIKv,cfaf0209
Wed Dec 31 22:15:49 2025,252000000,EM_ANDAMENTO,9lO5Ua7GK9,6d1bb556
Wed Dec 31 22:15:50 2025,252500000,EM_ANDAMENTO,syvanHQCCT,1292acea
Wed Dec 31 22:15:52 2025,253000000,EM_ANDAMENTO,2ah7jP,2b849ea8
Wed Dec 31 22:15:54 2025,253500000,EM_ANDAMENTO,2JDL,6b81a76e
Wed Dec 31 22:15:55 2025,254000000,EM_ANDAMENTO,WgqSTSFfY,78d12642
Wed Dec 31 22:15:57 2025,254500000,EM_ANDAMENTO,j8hDFevzdB6,f8e7d8bb
Wed Dec 31 22:15:58 2025,255000000,EM_ANDAMENTO,mn8zVcQ,5be361b1
Wed Dec 31 22:16:00 2025,255500000,EM_ANDAMENTO,whCHpIT4,83378515
Wed Dec 31 22:16:01 2025,256000000,EM_ANDAMENTO,LZ0MRWb,09ffdf0d
Wed Dec 31 22:16:03 2025,256500000,EM_ANDAMENTO,n6fPyb3,110ae83b
Wed Dec 31 22:16:04 2025,257000000,EM_ANDAMENTO,bcHec3Iy,b77e22b4
Wed Dec 31 22:16:06 2025,257500000,EM_ANDAMENTO,A4LQufd1O,f4d00d50
Wed Dec 31 22:16:07 2025,258000000,EM_ANDAMENTO,6OdHmAoTgzp,8e1019a3
Wed Dec 31 22:16:09 2025,258500000,EM_ANDAMENTO,BWFLFlr2t7,1615a8e7
Wed Dec 31 22:16:11 2025,259000000,EM_ANDAMENTO,A5U,cd581ef1
Wed Dec 31 22:16:12 2025,259500000,EM_ANDAMENTO,40dcMsR3t,e5f2a99d
Wed Dec 31 22:16:14 2025,260000000,EM_ANDAMENTO,MhwOsIF7c,41a78f95
Wed Dec 31 22:16:15 2025,260500000,EM_ANDAMENTO,V6saI,e868779a
Wed Dec 31 22:16:17 2025,261000000,EM_ANDAMENTO,3U6QixGX0,f17a9bbb
Wed Dec 31 22:16:18 2025,261500000,EM_ANDAMENTO,VN64JvrZ,9d00c912
Wed Dec 31 22:16:20 2025,262000000,EM_ANDAMENTO,MsA6A1cJ6r,89caae77
Wed Dec 31 22:16:21 2025,262500000,EM_ANDAMENTO,PrX3LIG,5627fd29
Wed Dec 31 22:16:23 2025,263000000,EM_ANDAMENTO,HynJi7eO8B,d56268d2
Wed Dec 31 22:16:25 2025,263500000,EM_ANDAMENTO,O,4ac61591
Wed Dec 31 22:16:26 2025,264000000,EM_ANDAMENTO,Bj7J6,782f363b
Wed Dec 31 22:16:28 2025,264500000,EM_ANDAMENTO,g,7a529e89
Wed Dec 31 22:16:29 2025,265000000,EM_ANDAMENTO,6coaARenF,cebf74fa
Wed Dec 31 22:16:31 2025,265500000,EM_ANDAMENTO,hLNhbHWqxX,fc15eb46
Wed Dec 31 22:16:32 2025,266000000,EM_ANDAMENTO,wqIUcGtP,eeb6bf3b
Wed Dec 31 22:16:34 2025,266500000,EM_ANDAMENTO,TFa6H,fe822fcb
Wed Dec 31 22:16:36 2025,267000000,EM_ANDAMENTO,wUaHlt,75c55760
Wed Dec 31 22:16:37 2025,267500000,EM_ANDAMENTO,gjR,6bbf91f4
Wed Dec 31 22:16:39 2025,268000000,EM_ANDAMENTO,cHif,055a173c
Wed Dec 31 22:16:40 2025,268500000,EM_ANDAMENTO,z0wovX,e55066ed
Wed Dec 31 22:16:42 2025,269000000,EM_ANDAMENTO,Zd6dWKS0,d301fe9b
Wed Dec 31 22:16:43 2025,269500000,EM_ANDAMENTO,Fhupo,c1cecbac
Wed Dec 31 22:16:45 2025,270000000,EM_ANDAMENTO,Wo,413231bf
Wed Dec 31 22:16:46 2025,270500000,EM_ANDAMENTO,GleozzgvjHs,06aba4a4
Wed Dec 31 22:16:48 2025,271000000,EM_ANDAMENTO,McE2Ezv2dbQ,7cd11687
Wed Dec 31 22:16:49 2025,271500000,EM_ANDAMENTO,DpA3p,8a5e735a
Wed Dec 31 22:16:51 2025,272000000,EM_ANDAMENTO,up,64c07c44
Wed Dec 31 22:16:52 2025,272500000,EM_ANDAMENTO,U6KbHnovSz,8b82f46f
Wed Dec 31 22:16:54 2025,273000000,EM_ANDAMENTO,8hjzK,1e16d57b
Wed Dec 31 22:16:56 2025,273500000,EM_ANDAMENTO,rvhbzdmTVlgq,38d65844
Wed Dec 31 22:16:57 2025,274000000,EM_ANDAMENTO,Y4asE3yR1yu,dabd2136
Wed Dec 31 22:16:59 2025,274500000,EM_ANDAMENTO,hHXrq46eQI,3dc019a9
Wed Dec 31 22:17:00 2025,275000000,EM_ANDAMENTO,a,85c8de88
Wed Dec 31 22:17:02 2025,275500000,EM_ANDAMENTO,4FhA,ad6a9dc5
Wed Dec 31 22:17:03 2025,276000000,EM_ANDAMENTO,W7Ib4wIf,b4c2cce1
Wed Dec 31 22:17:05 2025,276500000,EM_ANDAMENTO,DDG5EMAO,b48e299f
Wed Dec 31 22:17:06 2025,277000000,EM_ANDAMENTO,5EKj4g,832a2252
Wed Dec 31 22:17:08 2025,277500000,EM_ANDAMENTO,3DqJw,b3c65121
Wed Dec 31 22:17:09 2025,278000000,EM_ANDAMENTO,fvhDve,f22f98a9
Wed Dec 31 22:17:11 2025,278500000,EM_ANDAMENTO,zF,4a77f027
Wed Dec 31 22:17:13 2025,279000000,EM_ANDAMENTO,akb3wm,ee01138a
Wed Dec 31 22:17:14 2025,279500000,EM_ANDAMENTO,oPZ0,887e038d
Wed Dec 31 22:17:16 2025,280000000,EM_ANDAMENTO,lL0ff2wJ42Pv,01029c3f
Wed Dec 31 22:17:17 2025,280500000,EM_ANDAMENTO,Pg99kNHlGOl,5ba0fe37
Wed Dec 31 22:17:19 2025,281000000,EM_ANDAMENTO,ZWLhLoxgxi,71538730
Wed Dec 31 22:17:20 2025,281500000,EM_ANDAMENTO,SE7SsO,f4d4a307
Wed Dec 31 22:17:22 2025,282000000,EM_ANDAMENTO,UxKO,6ac6d4d3
Wed Dec 31 22:17:23 2025,282500000,EM_ANDAMENTO,rPFaPx0cRW,69f55eed
Wed Dec 31 22:17:25 2025,283000000,EM_ANDAMENTO,3uafiyCjGK,c5d706fe
Wed Dec 31 22:17:26 2025,283500000,EM_ANDAMENTO,gdR,5638561c
Wed Dec 31 22:17:28 2025,284000000,EM_ANDAMENTO,pcJsEMKeGmzC,2f39d8e8
Wed Dec 31 22:17:29 2025,284500000,EM_ANDAMENTO,4v3UyD,f1f967df
Wed Dec 31 22:17:31 2025,285000000,EM_ANDAMENTO,kJ,fcfc60a5
Wed Dec 31 22:17:33 2025,285500000,EM_ANDAMENTO,VXd3P,b6b925c5
Wed Dec 31 22:17:34 2025,286000000,EM_ANDAMENTO,CGbo6X,3aab08f7
Wed Dec 31 22:17:36 2025,286500000,EM_ANDAMENTO,y,4cccd98d
Wed Dec 31 22:17:37 2025,287000000,EM_ANDAMENTO,Xuj,2c45449e
Wed Dec 31 22:17:39 2025,287500000,EM_ANDAMENTO,1ZS0mnrVK1G4,a998ee60
Wed Dec 31 22:17:40 2025,288000000,EM_ANDAMENTO,iBmyUTjqx7U,4b66bf11
Wed Dec 31 22:17:42 2025,288500000,EM_ANDAMENTO,T74QSgdhQb,a08e6154
Wed Dec 31 22:17:43 2025,289000000,EM_ANDAMENTO,NWzHG0hCFBRU,6aa6438d
Wed Dec 31 22:17:45 2025,289500000,EM_ANDAMENTO,7eVwLyZjvxt,c2c72ef5
Wed Dec 31 22:17:46 2025,290000000,EM_ANDAMENTO,ob94eNlFV,0718aba5
Wed Dec 31 22:17:48 2025,290500000,EM_ANDAMENTO,rp42Mf27ZJE6,e86732f8
Wed Dec 31 22:17:49 2025,291000000,EM_ANDAMENTO,JL6nWoWKyK0k,112a4b90
Wed Dec 31 22:17:51 2025,291500000,EM_ANDAMENTO,Ypsf,96eba1c8
Wed Dec 31 22:17:53 2025,292000000,EM_ANDAMENTO,ti0D9c8,209931e0
Wed Dec 31 22:17:54 2025,292500000,EM_ANDAMENTO,STOwTY,19d240be
Wed Dec 31 22:17:56 2025,293000000,EM_ANDAMENTO,RkoZJtp,759414ee
Wed Dec 31 22:17:57 2025,293500000,EM_ANDAMENTO,U3,e7ee68fb
Wed Dec 31 22:17:59 2025,294000000,EM_ANDAMENTO,SwTj,1418edb3
Wed Dec 31 22:18:00 2025,294500000,EM_ANDAMENTO,jzrt5myrTz,dc493633
Wed Dec 31 22:18:02 2025,295000000,EM_ANDAMENTO,yLsb,520255ab
Wed Dec 31 22:18:03 2025,295500000,EM_ANDAMENTO,5ppVu3w5Zllc,e9e058ce
Wed Dec 31 22:18:05 2025,296000000,EM_ANDAMENTO,spbRKV,1203e0f9
Wed Dec 31 22:18:06 2025,296500000,EM_ANDAMENTO,A1CdVb9oJ,80ed3ede
Wed Dec 31 22:18:08 2025,297000000,EM_ANDAMENTO,Fr6Lms7NPL,1637195e
Wed Dec 31 22:18:10 2025,297500000,EM_ANDAMENTO,imI69EO,75f34884
Wed Dec 31 22:18:11 2025,298000000,EM_ANDAMENTO,7u0bDbh,2d4b8d9e
Wed Dec 31 22:18:13 2025,298500000,EM_ANDAMENTO,JFOxW4w8bkRG,4343031d
Wed Dec 31 22:18:14 2025,299000000,EM_ANDAMENTO,sfKoS,865dcb11
Wed Dec 31 22:18:16 2025,299500000,EM_ANDAMENTO,E9a4,7f8b450e
Wed Dec 31 22:18:17 2025,300000000,EM_ANDAMENTO,wOgLB,ab2413ae
Wed Dec 31 22:18:19 2025,300500000,EM_ANDAMENTO,iA3Z,523594f8
Wed Dec 31 22:18:20 2025,301000000,EM_ANDAMENTO,w4hvI9h11Y,cd91a1c2
Wed Dec 31 22:18:22 2025,301500000,EM_ANDAMENTO,3Ag7,ac254a93
Wed Dec 31 22:18:23 2025,302000000,EM_ANDAMENTO,Ut,325425d1
Wed Dec 31 22:18:25 2025,302500000,EM_ANDAMENTO,LDmOj7Mz,db93ac4d
Wed Dec 31 22:18:26 2025,303000000,EM_ANDAMENTO,GQAemo,a035e0c3
Wed Dec 31 22:18:28 2025,303500000,EM_ANDAMENTO,2yHtl,8f8a73b1
Wed Dec 31 22:18:30 2025,304000000,EM_ANDAMENTO,dbX,0cc556a2
Wed Dec 31 22:18:31 2025,304500000,EM_ANDAMENTO,pBBL4f4agiUC,aecdc085
Wed Dec 31 22:18:33 2025,305000000,EM_ANDAMENTO,TWDx,9aefa6f7
Wed Dec 31 22:18:34 2025,305500000,EM_ANDAMENTO,pa,87296b72
Wed Dec 31 22:18:36 2025,306000000,EM_ANDAMENTO,nmjgL,b9cff4d1
Wed Dec 31 22:18:37 2025,306500000,EM_ANDAMENTO,i,78ac692a
Wed Dec 31 22:18:39 2025,307000000,EM_ANDAMENTO,sbuik2,f8753e43
Wed Dec 31 22:18:40 2025,307500000,EM_ANDAMENTO,tx7m2lPZh,a4344ba1
Wed Dec 31 22:18:42 2025,308000000,EM_ANDAMENTO,td4di0Wx,89d1d6d5
Wed Dec 31 22:18:43 2025,308500000,EM_ANDAMENTO,8cO1sW2XsLm,ac41ce21
Wed Dec 31 22:18:45 2025,309000000,EM_ANDAMENTO,hAHSJQTj,1a23ec2d
Wed Dec 31 22:18:47 2025,309500000,EM_ANDAMENTO,xqOYDE,40743598
Wed Dec 31 22:18:48 2025,310000000,EM_ANDAMENTO,0hfvvR3QGdwZ,c3c9ca3d
Wed Dec 31 22:18:50 2025,310500000,EM_ANDAMENTO,rc93X,6faa3bf4
Wed Dec 31 22:18:51 2025,311000000,EM_ANDAMENTO,tVViI,2d5066a5
Wed Dec 31 22:18:53 2025,311500000,EM_ANDAMENTO,HmqVUZJokwTR,892c4def
Wed Dec 31 22:18:54 2025,312000000,EM_ANDAMENTO,mZRqOX9hhUv,bff30074
Wed Dec 31 22:18:56 2025,312500000,EM_ANDAMENTO,EduFBAk74,f30684ba
Wed Dec 31 22:18:57 2025,313000000,EM_ANDAMENTO,fgqIwzKoZM3x,468aec31
Wed Dec 31 22:18:59 2025,313500000,EM_ANDAMENTO,5T,944a604b
Wed Dec 31 22:19:01 2025,314000000,EM_ANDAMENTO,nvSa6,471e3b9f
Wed Dec 31 22:19:02 2025,314500000,EM_ANDAMENTO,yQu1o,7639651e
Wed Dec 31 22:19:04 2025,315000000,EM_ANDAMENTO,SrzXB7,22c9e58f
Wed Dec 31 22:19:05 2025,315500000,EM_ANDAMENTO,I,9264d438
Wed Dec 31 22:19:07 2025,316000000,EM_ANDAMENTO,vlkg,a78163b2
Wed Dec 31 22:19:08 2025,316500000,EM_ANDAMENTO,dRHmB8Tw,3d6f6031
Wed Dec 31 22:19:10 2025,317000000,EM_ANDAMENTO,Pfg,ef8f3b3d
Wed Dec 31 22:19:11 2025,317500000,EM_ANDAMENTO,1qGZ60,6be7d2c1
Wed Dec 31 22:19:13 2025,318000000,EM_ANDAMENTO,jy1lxGYP9,4733df43
Wed Dec 31 22:19:14 2025,318500000,EM_ANDAMENTO,RAkRwXYA88OU,c4c442ab
Wed Dec 31 22:19:16 2025,319000000,EM_ANDAMENTO,o5U7cDj,d95d94e4
Wed Dec 31 22:19:17 2025,319500000,EM_ANDAMENTO,mF9,43e9abb5
Wed Dec 31 22:19:19 2025,320000000,EM_ANDAMENTO,J857,dbdd42fb
Wed Dec 31 22:19:21 2025,320500000,EM_ANDAMENTO,ZWDjppFPbDED,c54d70a3
Wed Dec 31 22:19:22 2025,321000000,EM_ANDAMENTO,Ec,c4b2c2a7
Wed Dec 31 22:19:24 2025,321500000,EM_ANDAMENTO,prZUFyDo1ct,7fa7bde7
Wed Dec 31 22:19:25 2025,322000000,EM_ANDAMENTO,Hxdqa5SSA,4e66bd40
Wed Dec 31 22:19:27 2025,322500000,EM_ANDAMENTO,t4ytGY1x,8653c005
Wed Dec 31 22:19:28 2025,323000000,EM_ANDAMENTO,Ax,b7bf17a9
Wed Dec 31 22:19:30 2025,323500000,EM_ANDAMENTO,boBbt51Kb,0c4ba880
Wed Dec 31 22:19:31 2025,324000000,EM_ANDAMENTO,xcbQ,2d3da1b9
Wed Dec 31 22:19:33 2025,324500000,EM_ANDAMENTO,xyIU36S9,237d1fc7
Wed Dec 31 22:19:34 2025,325000000,EM_ANDAMENTO,hixj,a725ab23
Wed Dec 31 22:19:36 2025,325500000,EM_ANDAMENTO,9dlHXSddblFV,201e15b0
Wed Dec 31 22:19:37 2025,326000000,EM_ANDAMENTO,xw95ly1eo,f5fb1e47
Wed Dec 31 22:19:39 2025,326500000,EM_ANDAMENTO,vjkKqEuGoLO,a12c38e1
Wed Dec 31 22:19:41 2025,327000000,EM_ANDAMENTO,e,bb2b536f
Wed Dec 31 22:19:42 2025,327500000,EM_ANDAMENTO,3CIUMRnI75xN,d35620fd
Wed Dec 31 22:19:44 2025,328000000,EM_ANDAMENTO,4xjYuTDlA,afec379c
Wed Dec 31 22:19:45 2025,328500000,EM_ANDAMENTO,KmNENxiQaz,1b6f8be0
Wed Dec 31 22:19:47 2025,329000000,EM_ANDAMENTO,MXKxu,1ec1981b
Wed Dec 31 22:19:48 2025,329500000,EM_ANDAMENTO,YkErDjke,1551dfe6
Wed Dec 31 22:19:50 2025,330000000,EM_ANDAMENTO,c8X5heiS1kbA,7c3d5817
Wed Dec 31 22:19:51 2025,330500000,EM_ANDAMENTO,v,904f2f17
Wed Dec 31 22:19:53 2025,331000000,EM_ANDAMENTO,uI9Rad7C9WG,3672cb11
Wed Dec 31 22:19:54 2025,331500000,EM_ANDAMENTO,2,4e9e3870
Wed Dec 31 22:19:56 2025,332000000,EM_ANDAMENTO,2h,d11b6601
Wed Dec 31 22:19:58 2025,332500000,EM_ANDAMENTO,EC9tGqc9,0ad73e2e
Wed Dec 31 22:19:59 2025,333000000,EM_ANDAMENTO,BV,e86a456c
Wed Dec 31 22:20:01 2025,333500000,EM_ANDAMENTO,T4Onw,253ddaca
Wed Dec 31 22:20:02 2025,334000000,EM_ANDAMENTO,SOx5s3ZZ,d14d3f47
Wed Dec 31 22:20:04 2025,334500000,EM_ANDAMENTO,wXn9gOHklg7,cd537cd9
Wed Dec 31 22:20:05 2025,335000000,EM_ANDAMENTO,XzTmcgR,87ba9e3e
Wed Dec 31 22:20:07 2025,335500000,EM_ANDAMENTO,Ssik,38018858
Wed Dec 31 22:20:08 2025,336000000,EM_ANDAMENTO,qRlmH,e1abb181
Wed Dec 31 22:20:10 2025,336500000,EM_ANDAMENTO,BCl4DKM0,9e52a8ff
Wed Dec 31 22:20:11 2025,337000000,EM_ANDAMENTO,v8OT8M30I0,d44eb660
Wed Dec 31 22:20:13 2025,337500000,EM_ANDAMENTO,mq8AjlAPg,69efd335
Wed Dec 31 22:20:15 2025,338000000,EM_ANDAMENTO,mvKbtNr,bb09a17f
Wed Dec 31 22:20:16 2025,338500000,EM_ANDAMENTO,MINm13,d64c46dc
Wed Dec 31 22:20:18 2025,339000000,EM_ANDAMENTO,QL,a30fd4c3
Wed Dec 31 22:20:19 2025,339500000,EM_ANDAMENTO,6o5CDXqZrj1,0b769b07
Wed Dec 31 22:20:21 2025,340000000,EM_ANDAMENTO,mXQYIojXg,6ae020c2
Wed Dec 31 22:20:22 2025,340500000,EM_ANDAMENTO,QgI5HwOBq,c8a8c17b
Wed Dec 31 22:20:24 2025,341000000,EM_ANDAMENTO,qiEuZIyj,ad2c0892
Wed Dec 31 22:20:25 2025,341500000,EM_ANDAMENTO,Nmx,2475cf58
Wed Dec 31 22:20:27 2025,342000000,EM_ANDAMENTO,0NqWPz,cbf56d9d
Wed Dec 31 22:20:28 2025,342500000,EM_ANDAMENTO,N1GagfMUDCBl,4de21428
Wed Dec 31 22:20:30 2025,343000000,EM_ANDAMENTO,dMz,d852d37d
Wed Dec 31 22:20:31 2025,343500000,EM_ANDAMENTO,yNQUxYL,79b5ba3f
Wed Dec 31 22:20:33 2025,344000000,EM_ANDAMENTO,5Kyw8YiLh,ae92c77b
Wed Dec 31 22:20:35 2025,344500000,EM_ANDAMENTO,7s,454a50ed
Wed Dec 31 22:20:36 2025,345000000,EM_ANDAMENTO,yE2O1rP75Ya,52445683
Wed Dec 31 22:20:38 2025,345500000,EM_ANDAMENTO,i,78ac692a
Wed Dec 31 22:20:39 2025,346000000,EM_ANDAMENTO,Ldqr4AYt2dqh,55baea77
Wed Dec 31 22:20:41 2025,346500000,EM_ANDAMENTO,YuNt1koQ,cbd0b768
Wed Dec 31 22:20:42 2025,347000000,EM_ANDAMENTO,deFTve5Md,318e6add
Wed Dec 31 22:20:44 2025,347500000,EM_ANDAMENTO,NpAld,1cfca331
Wed Dec 31 22:20:45 2025,348000000,EM_ANDAMENTO,La0UFc,2f398fcf
Wed Dec 31 22:20:47 2025,348500000,EM_ANDAMENTO,oMGNdaiWU2,360b9cd7
Wed Dec 31 22:20:49 2025,349000000,EM_ANDAMENTO,jg3X750,6736cada
Wed Dec 31 22:20:50 2025,349500000,EM_ANDAMENTO,o9ep8WiCI,88721989
Wed Dec 31 22:20:52 2025,350000000,EM_ANDAMENTO,YJ,85f2422a
Wed Dec 31 22:20:53 2025,350500000,EM_ANDAMENTO,tV6f,b443f084
Wed Dec 31 22:20:55 2025,351000000,EM_ANDAMENTO,hqSvpbLmW,b9a9113f
Wed Dec 31 22:20:56 2025,351500000,EM_ANDAMENTO,o2ZHcqc,d1053b5a
Wed Dec 31 22:20:58 2025,352000000,EM_ANDAMENTO,U3sF0Cl8D2,efdfa521
Wed Dec 31 22:20:59 2025,352500000,EM_ANDAMENTO,3TplU6pcOHL,46569fa7
Wed Dec 31 22:21:01 2025,353000000,EM_ANDAMENTO,pHDXBGaz,08dda786
Wed Dec 31 22:21:02 2025,353500000,EM_ANDAMENTO,JCyfIp,219902b9
Wed Dec 31 22:21:04 2025,354000000,EM_ANDAMENTO,QLYB4NOas,2740f948
Wed Dec 31 22:21:06 2025,354500000,EM_ANDAMENTO,w7h,3b7d1bcb
Wed Dec 31 22:21:07 2025,355000000,EM_ANDAMENTO,dzcyZZHHOR,76e6f47c
Wed Dec 31 22:21:09 2025,355500000,EM_ANDAMENTO,f,2c6c3bcd
Wed Dec 31 22:21:10 2025,356000000,EM_ANDAMENTO,97aNKR1Ohxdc,a527a52d
Wed Dec 31 22:21:12 2025,356500000,EM_ANDAMENTO,7x0petue,49746dba
Wed Dec 31 22:21:13 2025,357000000,EM_ANDAMENTO,MySHWNT9NmE,ebcf26f1
Wed Dec 31 22:21:15 2025,357500000,EM_ANDAMENTO,r,95434212
Wed Dec 31 22:21:16 2025,358000000,EM_ANDAMENTO,8,cac75ec7
Wed Dec 31 22:21:18 2025,358500000,EM_ANDAMENTO,qnFKCD7,abf6cfe4
Wed Dec 31 22:21:20 2025,359000000,EM_ANDAMENTO,s,bc5ac4a3
Wed Dec 31 22:21:21 2025,359500000,EM_ANDAMENTO,d62vMZF7,f44cea31
Wed Dec 31 22:21:23 2025,360000000,EM_ANDAMENTO,zgVT,4983e47b
Wed Dec 31 22:21:24 2025,360500000,EM_ANDAMENTO,cUFxFjWxWJb,f246b940
Wed Dec 31 22:21:26 2025,361000000,EM_ANDAMENTO,t3mwaVXg,ebf88fb9
Wed Dec 31 22:21:27 2025,361500000,EM_ANDAMENTO,8REV7by,9617ca35
Wed Dec 31 22:21:29 2025,362000000,EM_ANDAMENTO,rMLlkXL,2eb89ce0
Wed Dec 31 22:21:30 2025,362500000,EM_ANDAMENTO,B7n,fbe1183a
Wed Dec 31 22:21:32 2025,363000000,EM_ANDAMENTO,l3fwi,fe0d4386
Wed Dec 31 22:21:33 2025,363500000,EM_ANDAMENTO,nkUFgJ,375e5ff0
Wed Dec 31 22:21:35 2025,364000000,EM_ANDAMENTO,gfS,1079478b
Wed Dec 31 22:21:37 2025,364500000,EM_ANDAMENTO,FQULxH,5f45d51f
Wed Dec 31 22:21:38 2025,365000000,EM_ANDAMENTO,j40wQWePTDuJ,fb2406c5
Wed Dec 31 22:21:40 2025,365500000,EM_ANDAMENTO,nFNqS,73a4a4b7
Wed Dec 31 22:21:41 2025,366000000,EM_ANDAMENTO,Q0tIKKM45,257d31f9
Wed Dec 31 22:21:43 2025,366500000,EM_ANDAMENTO,Fak9TVRz,ed0157a8
Wed Dec 31 22:21:44 2025,367000000,EM_ANDAMENTO,KQdarVh4C,e311b127
Wed Dec 31 22:21:46 2025,367500000,EM_ANDAMENTO,7,f99079a8
Wed Dec 31 22:21:47 2025,368000000,EM_ANDAMENTO,jhu3hIxMUZf,b9fa3b3e
Wed Dec 31 22:21:49 2025,368500000,EM_ANDAMENTO,hv5ESLIUZ,65abfd44
Wed Dec 31 22:21:50 2025,369000000,EM_ANDAMENTO,jBR,f2f5c5f8
Wed Dec 31 22:21:52 2025,369500000,EM_ANDAMENTO,3P2Zl,bec98201
Wed Dec 31 22:21:53 2025,370000000,EM_ANDAMENTO,4yto,fb9979f0
Wed Dec 31 22:21:55 2025,370500000,EM_ANDAMENTO,aRqwqVA,b243e920
Wed Dec 31 22:21:57 2025,371000000,EM_ANDAMENTO,aCRloc4O,cdc247aa
Wed Dec 31 22:21:58 2025,371500000,EM_ANDAMENTO,dcr7F,6e103790
Wed Dec 31 22:22:00 2025,372000000,EM_ANDAMENTO,RytMY,b87677e4
Wed Dec 31 22:22:01 2025,372500000,EM_ANDAMENTO,Qc0L,6e0fbdfa
Wed Dec 31 22:22:03 2025,373000000,EM_ANDAMENTO,MHg4adFkbWLf,1be5e03b
Wed Dec 31 22:22:04 2025,373500000,EM_ANDAMENTO,sKT1a,8dc73ce1
Wed Dec 31 22:22:06 2025,374000000,EM_ANDAMENTO,Oj9,c2d6295d
Wed Dec 31 22:22:07 2025,374500000,EM_ANDAMENTO,ONwOSo,341abf52
Wed Dec 31 22:22:09 2025,375000000,EM_ANDAMENTO,QUgCtHXI1XHp,a17f8ced
Wed Dec 31 22:22:10 2025,375500000,EM_ANDAMENTO,Bmkcj0XRN6,8fe6bb1c
Wed Dec 31 22:22:12 2025,376000000,EM_ANDAMENTO,4uO,710a0ff2
Wed Dec 31 22:22:13 2025,376500000,EM_ANDAMENTO,n4naEcv262,8399e261
Wed Dec 31 22:22:15 2025,377000000,EM_ANDAMENTO,m,c5c95598
Wed Dec 31 22:22:17 2025,377500000,EM_ANDAMENTO,uBcQ1dfGKHA,d1f9252d
Wed Dec 31 22:22:18 2025,378000000,EM_ANDAMENTO,2QLAjyKwd,dc2c1973
Wed Dec 31 22:22:20 2025,378500000,EM_ANDAMENTO,vzwc,deab098d
Wed Dec 31 22:22:21 2025,379000000,EM_ANDAMENTO,e,bb2b536f
Wed Dec 31 22:22:23 2025,379500000,EM_ANDAMENTO,inKs,37c4b771
Wed Dec 31 22:22:24 2025,380000000,EM_ANDAMENTO,xHY0a,14dced87
Wed Dec 31 22:22:26 2025,380500000,EM_ANDAMENTO,DwKdpU,8185ec7c
Wed Dec 31 22:22:27 2025,381000000,EM_ANDAMENTO,LWd,b960739a
Wed Dec 31 22:22:29 2025,381500000,EM_ANDAMENTO,ceRwl6dzi,efb1f3a8
Wed Dec 31 22:22:30 2025,382000000,EM_ANDAMENTO,6QhmAEQZ1,26e7d64f
Wed Dec 31 22:22:32 2025,382500000,EM_ANDAMENTO,VTn,4023906f
Wed Dec 31 22:22:33 2025,383000000,EM_ANDAMENTO,Jv1g,172452d9
Wed Dec 31 22:22:35 2025,383500000,EM_ANDAMENTO,PUcN56Y1fYT,b62286d9
Wed Dec 31 22:22:37 2025,384000000,EM_ANDAMENTO,PrlFY4JlmGY,9c72035e
Wed Dec 31 22:22:38 2025,384500000,EM_ANDAMENTO,gmaWYxEKU,1966ff83
Wed Dec 31 22:22:40 2025,385000000,EM_ANDAMENTO,hl8d,dacda004
Wed Dec 31 22:22:41 2025,385500000,EM_ANDAMENTO,M,b969a39b
Wed Dec 31 22:22:43 2025,386000000,EM_ANDAMENTO,4qkX0reM,edcd1aff
Wed Dec 31 22:22:44 2025,386500000,EM_ANDAMENTO,EigAdaq7,f2584454
Wed Dec 31 22:22:46 2025,387000000,EM_ANDAMENTO,o,a0b20673
Wed Dec 31 22:22:47 2025,387500000,EM_ANDAMENTO,s,bc5ac4a3
Wed Dec 31 22:22:49 2025,388000000,EM_ANDAMENTO,r,95434212
Wed Dec 31 22:22:50 2025,388500000,EM_ANDAMENTO,sQlv8E6p2u,99ad9d9f
Wed Dec 31 22:22:52 2025,389000000,EM_ANDAMENTO,uOUDCR,66e2f41a
Wed Dec 31 22:22:54 2025,389500000,EM_ANDAMENTO,BUyJfcs92IzN,01fd5603
Wed Dec 31 22:22:55 2025,390000000,EM_ANDAMENTO,CiOaguw0yRO,e84f8522
Wed Dec 31 22:22:57 2025,390500000,EM_ANDAMENTO,KzUNznZNlr,6565a42a
Wed Dec 31 22:22:58 2025,391000000,EM_ANDAMENTO,A81Uv,dc4357a5
Wed Dec 31 22:23:00 2025,391500000,EM_ANDAMENTO,n8i,9b05e4ab
Wed Dec 31 22:23:01 2025,392000000,EM_ANDAMENTO,z,bb66897e
Wed Dec 31 22:23:03 2025,392500000,EM_ANDAMENTO,imL91n,97f1c3c8
Wed Dec 31 22:23:04 2025,393000000,EM_ANDAMENTO,rpEnNEmPbv,29a977bf
Wed Dec 31 22:23:06 2025,393500000,EM_ANDAMENTO,Nbob,dfe19cd6
Wed Dec 31 22:23:07 2025,394000000,EM_ANDAMENTO,D6g5U,73301eff
Wed Dec 31 22:23:09 2025,394500000,EM_ANDAMENTO,LApVXMt,c98dad60
Wed Dec 31 22:23:11 2025,395000000,EM_ANDAMENTO,A,a5ba3aee
Wed Dec 31 22:23:12 2025,395500000,EM_ANDAMENTO,32tJ3VnZ1Yt,54f4fc85
Wed Dec 31 22:23:14 2025,396000000,EM_ANDAMENTO,hJsUN,fac7513c
Wed Dec 31 22:23:15 2025,396500000,EM_ANDAMENTO,tvwgZMzZC,7a106b73
Wed Dec 31 22:23:17 2025,397000000,EM_ANDAMENTO,r8P,e377f313
Wed Dec 31 22:23:18 2025,397500000,EM_ANDAMENTO,kqO,c40ac8a5
Wed Dec 31 22:23:20 2025,398000000,EM_ANDAMENTO,hGLCG,5a4c2043
Wed Dec 31 22:23:21 2025,398500000,EM_ANDAMENTO,TY7m9z0WHK,f14a8d6a
Wed Dec 31 22:23:23 2025,399000000,EM_ANDAMENTO,kaS2boHCLjPd,4b026809
Wed Dec 31 22:23:24 2025,399500000,EM_ANDAMENTO,tdZPw,fa14bc18
Wed Dec 31 22:23:26 2025,400000000,EM_ANDAMENTO,H3m,3fbe5449
Wed Dec 31 22:23:28 2025,400500000,EM_ANDAMENTO,4,f7275a1e
Wed Dec 31 22:23:29 2025,401000000,EM_ANDAMENTO,liv2,84538245
Wed Dec 31 22:23:31 2025,401500000,EM_ANDAMENTO,sd,7bfa504f
Wed Dec 31 22:23:32 2025,402000000,EM_ANDAMENTO,OejRFs0avsj,98e8fe7e
Wed Dec 31 22:23:34 2025,402500000,EM_ANDAMENTO,kIh50IyWCeac,59d0de6c
Wed Dec 31 22:23:35 2025,403000000,EM_ANDAMENTO,WFNY,afc2ded6
Wed Dec 31 22:23:37 2025,403500000,EM_ANDAMENTO,TUKJc2gKHB1,eac0a0c8
Wed Dec 31 22:23:38 2025,404000000,EM_ANDAMENTO,LcMHQQNZF,466550b0
Wed Dec 31 22:23:40 2025,404500000,EM_ANDAMENTO,y,4cccd98d
Wed Dec 31 22:23:41 2025,405000000,EM_ANDAMENTO,hKq,61f8f0c6
Wed Dec 31 22:23:43 2025,405500000,EM_ANDAMENTO,dP55zIRW8F,e92ff959
Wed Dec 31 22:23:45 2025,406000000,EM_ANDAMENTO,NASCL8wrYP,f697ca84
Wed Dec 31 22:23:46 2025,406500000,EM_ANDAMENTO,wqy8,90e71015
Wed Dec 31 22:23:48 2025,407000000,EM_ANDAMENTO,j,60e284f4
Wed Dec 31 22:23:49 2025,407500000,EM_ANDAMENTO,w,1e332829
Wed Dec 31 22:23:51 2025,408000000,EM_ANDAMENTO,T2R,b13c1ef3
Wed Dec 31 22:23:52 2025,408500000,EM_ANDAMENTO,e5DYLAC5urf,b588d296
Wed Dec 31 22:23:54 2025,409000000,EM_ANDAMENTO,R1qklEj,93c39277
Wed Dec 31 22:23:55 2025,409500000,EM_ANDAMENTO,ZFYpbHpu0M,52a54999
Wed Dec 31 22:23:57 2025,410000000,EM_ANDAMENTO,J7sYgsxM6K,bb98bf2a
Wed Dec 31 22:23:58 2025,410500000,EM_ANDAMENTO,SLtq6EQ,2c604017
Wed Dec 31 22:24:00 2025,411000000,EM_ANDAMENTO,7sB,dfaf14d7
Wed Dec 31 22:24:02 2025,411500000,EM_ANDAMENTO,na,062655ff
Wed Dec 31 22:24:03 2025,412000000,EM_ANDAMENTO,jyqb6Pd,9cccdcf9
Wed Dec 31 22:24:05 2025,412500000,EM_ANDAMENTO,jBtV3LNDx,8477d737
Wed Dec 31 22:24:06 2025,413000000,EM_ANDAMENTO,c6MV1Vy,36ab437c
Wed Dec 31 22:24:08 2025,413500000,EM_ANDAMENTO,gjgJBlyK9a,edce0021
Wed Dec 31 22:24:09 2025,414000000,EM_ANDAMENTO,4eP,23e4e5f7
Wed Dec 31 22:24:11 2025,414500000,EM_ANDAMENTO,vcHBOb,cc1a38b8
Wed Dec 31 22:24:12 2025,415000000,EM_ANDAMENTO,6FNZcXdzq1SC,fc762a13
Wed Dec 31 22:24:14 2025,415500000,EM_ANDAMENTO,f,2c6c3bcd
Wed Dec 31 22:24:15 2025,416000000,EM_ANDAMENTO,YBUmb,d89e02fe
Wed Dec 31 22:24:17 2025,416500000,EM_ANDAMENTO,HUnccy4LQD,ead0bedb
Wed Dec 31 22:24:18 2025,417000000,EM_ANDAMENTO,TrlzBDeivE,39c6cf44
Wed Dec 31 22:24:20 2025,417500000,EM_ANDAMENTO,Rmq,10dd2c34
Wed Dec 31 22:24:22 2025,418000000,EM_ANDAMENTO,JJjK67NOvQ,91dec7a2
Wed Dec 31 22:24:23 2025,418500000,EM_ANDAMENTO,w7,3b01d950
Wed Dec 31 22:24:25 2025,419000000,EM_ANDAMENTO,Ciax,c150a8ca
Wed Dec 31 22:24:26 2025,419500000,EM_ANDAMENTO,el5ZOt2,c6a7ac49
Wed Dec 31 22:24:28 2025,420000000,EM_ANDAMENTO,tnoeEl5s,929062f5
Wed Dec 31 22:24:29 2025,420500000,EM_ANDAMENTO,e0Y,7da6f1d1
Wed Dec 31 22:24:31 2025,421000000,EM_ANDAMENTO,5U,980ff564
Wed Dec 31 22:24:32 2025,421500000,EM_ANDAMENTO,F2,993045e0
Wed Dec 31 22:24:34 2025,422000000,EM_ANDAMENTO,nOeujjv2EK,dfc0cb4d
Wed Dec 31 22:24:36 2025,422500000,EM_ANDAMENTO,RDK8Q,2a9ae3f6
Wed Dec 31 22:24:37 2025,423000000,EM_ANDAMENTO,w,1e332829
Wed Dec 31 22:24:39 2025,423500000,EM_ANDAMENTO,SxKXYxX8Ka,1ba142c4
Wed Dec 31 22:24:40 2025,424000000,EM_ANDAMENTO,n7x,7b1670d7
Wed Dec 31 22:24:42 2025,424500000,EM_ANDAMENTO,K,58a8694c
Wed Dec 31 22:24:43 2025,425000000,EM_ANDAMENTO,VBOzBcnHc,e2752a1c
Wed Dec 31 22:24:45 2025,425500000,EM_ANDAMENTO,YiLpb,adef5097
Wed Dec 31 22:24:46 2025,426000000,EM_ANDAMENTO,lzvN8V,00abb883
Wed Dec 31 22:24:48 2025,426500000,EM_ANDAMENTO,QsTr6P92BO,d804d23b
Wed Dec 31 22:24:49 2025,427000000,EM_ANDAMENTO,6VitG5,ed2524ab
Wed Dec 31 22:24:51 2025,427500000,EM_ANDAMENTO,Vz8L,0898ba2c
Wed Dec 31 22:24:53 2025,428000000,EM_ANDAMENTO,Q,bd3d67b5
Wed Dec 31 22:24:54 2025,428500000,EM_ANDAMENTO,Cs,4dc41050
Wed Dec 31 22:24:56 2025,429000000,EM_ANDAMENTO,3jdLf3l,5fa44fca
Wed Dec 31 22:24:57 2025,429500000,EM_ANDAMENTO,r,95434212
Wed Dec 31 22:24:59 2025,430000000,EM_ANDAMENTO,KGaxE,4d1913a1
Wed Dec 31 22:25:00 2025,430500000,EM_ANDAMENTO,WhQ02DhoRBaq,bcaab675
Wed Dec 31 22:25:02 2025,431000000,EM_ANDAMENTO,1Dyuhm8ryiAl,9e5fe479
Wed Dec 31 22:25:03 2025,431500000,EM_ANDAMENTO,10,be8eb23c
Wed Dec 31 22:25:05 2025,432000000,EM_ANDAMENTO,AK,153ce7ce
Wed Dec 31 22:25:06 2025,432500000,EM_ANDAMENTO,jB9wYW0,1bfc0158
Wed Dec 31 22:25:08 2025,433000000,EM_ANDAMENTO,uzG3kdCKyJ6e,eaaed60c
Wed Dec 31 22:25:10 2025,433500000,EM_ANDAMENTO,u,4aed0987
Wed Dec 31 22:25:11 2025,434000000,EM_ANDAMENTO,xd,4cbebbc0
Wed Dec 31 22:25:13 2025,434500000,EM_ANDAMENTO,ZuOHqQ,23ac4d48
Wed Dec 31 22:25:14 2025,435000000,EM_ANDAMENTO,S5F3OUW,9c350a19
Wed Dec 31 22:25:16 2025,435500000,EM_ANDAMENTO,E,9e677faf
Wed Dec 31 22:25:17 2025,436000000,EM_ANDAMENTO,iPma92Y,820f4d14
Wed Dec 31 22:25:19 2025,436500000,EM_ANDAMENTO,iOFSTfxZt3C,5afe9580
Wed Dec 31 22:25:20 2025,437000000,EM_ANDAMENTO,kqocDrPfG,e3aa601c
Wed Dec 31 22:25:22 2025,437500000,EM_ANDAMENTO,DM7mRaFg,ecc1ba2e
Wed Dec 31 22:25:24 2025,438000000,EM_ANDAMENTO,v,904f2f17
Wed Dec 31 22:25:25 2025,438500000,EM_ANDAMENTO,7Nk0leTj,8c5ab8dc
Wed Dec 31 22:25:27 2025,439000000,EM_ANDAMENTO,6L0q,571029a6
Wed Dec 31 22:25:28 2025,439500000,EM_ANDAMENTO,QdEGo,848322a8
Wed Dec 31 22:25:30 2025,440000000,EM_ANDAMENTO,ET0nOjwHk,9726a52f
Wed Dec 31 22:25:32 2025,440500000,EM_ANDAMENTO,IRIY6y,9916556e
Wed Dec 31 22:25:33 2025,441000000,EM_ANDAMENTO,0YV,5cdd9217
Wed Dec 31 22:25:35 2025,441500000,EM_ANDAMENTO,uJDEijY,5620e951
Wed Dec 31 22:25:36 2025,442000000,EM_ANDAMENTO,mm,f1b92c37
Wed Dec 31 22:25:38 2025,442500000,EM_ANDAMENTO,ACWPeuOhu,5efc4682
Wed Dec 31 22:25:39 2025,443000000,EM_ANDAMENTO,gWea,88b187ef
Wed Dec 31 22:25:41 2025,443500000,EM_ANDAMENTO,46UxifBY30,a0281a6b
Wed Dec 31 22:25:42 2025,444000000,EM_ANDAMENTO,vFnTThj0JAd,6fedc6d3
Wed Dec 31 22:25:44 2025,444500000,EM_ANDAMENTO,OWhf,3b00feda
Wed Dec 31 22:25:45 2025,445000000,EM_ANDAMENTO,rABcd,d4f93b1d
Wed Dec 31 22:25:47 2025,445500000,EM_ANDAMENTO,jhpgRHd,664e2600
Wed Dec 31 22:25:49 2025,446000000,EM_ANDAMENTO,3ytSZgzMtF,8f7dc11c
Wed Dec 31 22:25:50 2025,446500000,EM_ANDAMENTO,4Ko9kw,a80bea95
Wed Dec 31 22:25:52 2025,447000000,EM_ANDAMENTO,UK,a36f3714
Wed Dec 31 22:25:53 2025,447500000,EM_ANDAMENTO,60kDhMMnVyw,2ec15aae
Wed Dec 31 22:25:55 2025,448000000,EM_ANDAMENTO,S78s8hniNYF6,2fcc9fb9
Wed Dec 31 22:25:56 2025,448500000,EM_ANDAMENTO,gjigNISrmG,5dc38406
Wed Dec 31 22:25:58 2025,449000000,EM_ANDAMENTO,pAzkZGPW,53cd146b
Wed Dec 31 22:25:59 2025,449500000,EM_ANDAMENTO,rmBn5dEBj9,01e06c85
Wed Dec 31 22:26:01 2025,450000000,EM_ANDAMENTO,ZNn,40e457ae
Wed Dec 31 22:26:02 2025,450500000,EM_ANDAMENTO,oDv,ed0dc017
Wed Dec 31 22:26:04 2025,451000000,EM_ANDAMENTO,fIndkXc,0d24bd5f
Wed Dec 31 22:26:06 2025,451500000,EM_ANDAMENTO,3SEfI5lFk3Z,07e31414
Wed Dec 31 22:26:07 2025,452000000,EM_ANDAMENTO,grA3exBrue,6909fe9e
Wed Dec 31 22:26:09 2025,452500000,EM_ANDAMENTO,N,9e1bfdab
Wed Dec 31 22:26:10 2025,453000000,EM_ANDAMENTO,h,ed6dba4b
Wed Dec 31 22:26:12 2025,453500000,EM_ANDAMENTO,pOzjBIMB,b6d83fa9
Wed Dec 31 22:26:13 2025,454000000,EM_ANDAMENTO,n8qu,535e332f
Wed Dec 31 22:26:15 2025,454500000,EM_ANDAMENTO,j2cBK,f956aacc
Wed Dec 31 22:26:16 2025,455000000,EM_ANDAMENTO,i5E7,5fcff369
Wed Dec 31 22:26:18 2025,455500000,EM_ANDAMENTO,h7y6QPT8ZTg,9ca2fa0f
Wed Dec 31 22:26:20 2025,456000000,EM_ANDAMENTO,Zr29QUsSu8h,f42195da
Wed Dec 31 22:26:21 2025,456500000,EM_ANDAMENTO,u6d6h,eda49f7f
Wed Dec 31 22:26:23 2025,457000000,EM_ANDAMENTO,1eBteZc,bac6df46
Wed Dec 31 22:26:24 2025,457500000,EM_ANDAMENTO,uD,ce71c4d6
Wed Dec 31 22:26:26 2025,458000000,EM_ANDAMENTO,52,509ab3ba
Wed Dec 31 22:26:27 2025,458500000,EM_ANDAMENTO,0J1Dvbx2kbPy,05350228
Wed Dec 31 22:26:29 2025,459000000,EM_ANDAMENTO,IpTo,28fb2a2b
Wed Dec 31 22:26:30 2025,459500000,EM_ANDAMENTO,8OSFTuWof,7a490a31
Wed Dec 31 22:26:32 2025,460000000,EM_ANDAMENTO,pZnO1zsX9,006211e6
Wed Dec 31 22:26:33 2025,460500000,EM_ANDAMENTO,olP2FGbTKgK,8f804161
Wed Dec 31 22:26:35 2025,461000000,EM_ANDAMENTO,Qma3muUy4wD,d01f5ca6
Wed Dec 31 22:26:36 2025,461500000,EM_ANDAMENTO,vlS7,fbea66df
Wed Dec 31 22:26:38 2025,462000000,EM_ANDAMENTO,jwrz5qT,011670e9
Wed Dec 31 22:26:40 2025,462500000,EM_ANDAMENTO,6OqhFyLxzZ,7a475408
Wed Dec 31 22:26:41 2025,463000000,EM_ANDAMENTO,fE0Hw6McK,6149c736
Wed Dec 31 22:26:43 2025,463500000,EM_ANDAMENTO,zFYV3eyBcRT,c0bc7534
Wed Dec 31 22:26:44 2025,464000000,EM_ANDAMENTO,dHF,a8ace979
Wed Dec 31 22:26:46 2025,464500000,EM_ANDAMENTO,7QO,708fa7bd
Wed Dec 31 22:26:47 2025,465000000,EM_ANDAMENTO,VqYDpqTU9A,b0d0c3e6
Wed Dec 31 22:26:49 2025,465500000,EM_ANDAMENTO,IRzrDOU3x,00796a2c
Wed Dec 31 22:26:50 2025,466000000,EM_ANDAMENTO,tLBJVtnq,f8816d60
Wed Dec 31 22:26:52 2025,466500000,EM_ANDAMENTO,AQ3Ih,c1bca91d
Wed Dec 31 22:26:53 2025,467000000,EM_ANDAMENTO,ye211S,671df997
Wed Dec 31 22:26:55 2025,467500000,EM_ANDAMENTO,4cJPCu6,7b9fbbb4
Wed Dec 31 22:26:57 2025,468000000,EM_ANDAMENTO,jOP,f3af4c73
Wed Dec 31 22:26:58 2025,468500000,EM_ANDAMENTO,SMUZBCMe,bc8a78af
Wed Dec 31 22:27:00 2025,469000000,EM_ANDAMENTO,6fE,71b55e99
Wed Dec 31 22:27:01 2025,469500000,EM_ANDAMENTO,l7rCjQpu4v,94c6950d
Wed Dec 31 22:27:03 2025,470000000,EM_ANDAMENTO,lsRgk9Quz0,4e5ab369
Wed Dec 31 22:27:04 2025,470500000,EM_ANDAMENTO,xOwR,e5df83cc
Wed Dec 31 22:27:06 2025,471000000,EM_ANDAMENTO,6qBu,7b8497a3
Wed Dec 31 22:27:07 2025,471500000,EM_ANDAMENTO,2z,30bee494
Wed Dec 31 22:27:09 2025,472000000,EM_ANDAMENTO,iS36dI1Dl,92cfac40
Wed Dec 31 22:27:11 2025,472500000,EM_ANDAMENTO,P8mfHNAD,b48b8ede
Wed Dec 31 22:27:12 2025,473000000,EM_ANDAMENTO,GzoxJUH,e75a4c29
Wed Dec 31 22:27:14 2025,473500000,EM_ANDAMENTO,YFxNmv,0091a759
Wed Dec 31 22:27:15 2025,474000000,EM_ANDAMENTO,N7YYt5Wu,861f7145
Wed Dec 31 22:27:17 2025,474500000,EM_ANDAMENTO,jhyk,97b79632
Wed Dec 31 22:27:18 2025,475000000,EM_ANDAMENTO,b,f0ffa343
Wed Dec 31 22:27:20 2025,475500000,EM_ANDAMENTO,mrR29A0YHp,a9972a0b
Wed Dec 31 22:27:21 2025,476000000,EM_ANDAMENTO,UClB,56c7e563
Wed Dec 31 22:27:23 2025,476500000,EM_ANDAMENTO,cB5zlSgb,52c94fe8
Wed Dec 31 22:27:24 2025,477000000,EM_ANDAMENTO,faqhsWxBj,04d72c14
Wed Dec 31 22:27:26 2025,477500000,EM_ANDAMENTO,mXNP,520bde89
Wed Dec 31 22:27:28 2025,478000000,EM_ANDAMENTO,bGRq8IoQgb,0044643a
Wed Dec 31 22:27:29 2025,478500000,EM_ANDAMENTO,g,7a529e89
Wed Dec 31 22:27:31 2025,479000000,EM_ANDAMENTO,BxFrLWTu,fc8f8dfe
Wed Dec 31 22:27:32 2025,479500000,EM_ANDAMENTO,U,286668ef
Wed Dec 31 22:27:34 2025,480000000,EM_ANDAMENTO,ceBS,1adc7560
Wed Dec 31 22:27:35 2025,480500000,EM_ANDAMENTO,KjMiaRuQ5,8ce08b18
Wed Dec 31 22:27:37 2025,481000000,EM_ANDAMENTO,hjc,3e3c3931
Wed Dec 31 22:27:38 2025,481500000,EM_ANDAMENTO,C1hNk9MP6UK,faed0d50
Wed Dec 31 22:27:40 2025,482000000,EM_ANDAMENTO,XhwI,361cd737
Wed Dec 31 22:27:41 2025,482500000,EM_ANDAMENTO,kLMHADVyu5eZ,cbf0ed38
Wed Dec 31 22:27:43 2025,483000000,EM_ANDAMENTO,r1,2979961b
Wed Dec 31 22:27:44 2025,483500000,EM_ANDAMENTO,1AO8KU,9fe61f7d
Wed Dec 31 22:27:46 2025,484000000,EM_ANDAMENTO,YbXJAOuBsZ9,b836ccf5
Wed Dec 31 22:27:48 2025,484500000,EM_ANDAMENTO,YZDeUpLajSd2,0e6082a9
Wed Dec 31 22:27:49 2025,485000000,EM_ANDAMENTO,If9p,cc4c52c2
Wed Dec 31 22:27:51 2025,485500000,EM_ANDAMENTO,IZxMDY4e8,53319d4a
Wed Dec 31 22:27:52 2025,486000000,EM_ANDAMENTO,CVj,0108da8b
Wed Dec 31 22:27:54 2025,486500000,EM_ANDAMENTO,HPxS,7d4420c7
Wed Dec 31 22:27:55 2025,487000000,EM_ANDAMENTO,rRvB3VGAtS,c5ab77dc
Wed Dec 31 22:27:57 2025,487500000,EM_ANDAMENTO,OoRBG,6d8ac5e0
Wed Dec 31 22:27:58 2025,488000000,EM_ANDAMENTO,gD2cqT,e0458cd6
Wed Dec 31 22:28:00 2025,488500000,EM_ANDAMENTO,BhDO8YVW5nym,4b4b7a70
Wed Dec 31 22:28:02 2025,489000000,EM_ANDAMENTO,4Jb7j,b6b504ac
Wed Dec 31 22:28:03 2025,489500000,EM_ANDAMENTO,uYzOs4d6,058c8ab6
Wed Dec 31 22:28:05 2025,490000000,EM_ANDAMENTO,Jffip,69018539
Wed Dec 31 22:28:06 2025,490500000,EM_ANDAMENTO,deh,4d6a6ba9
Wed Dec 31 22:28:08 2025,491000000,EM_ANDAMENTO,f3,8850f8fb
Wed Dec 31 22:28:09 2025,491500000,EM_ANDAMENTO,MSlK,7e0a0518
Wed Dec 31 22:28:11 2025,492000000,EM_ANDAMENTO,QeUsGLtClbI7,4447f4de
Wed Dec 31 22:28:12 2025,492500000,EM_ANDAMENTO,sy7Z,5fa1a13b
Wed Dec 31 22:28:14 2025,493000000,EM_ANDAMENTO,LDEc9cYti,b16a3008
Wed Dec 31 22:28:15 2025,493500000,EM_ANDAMENTO,kuyh0VPxD,e22892ae
Wed Dec 31 22:28:17 2025,494000000,EM_ANDAMENTO,gwu5FHmmp,06d42c36
Wed Dec 31 22:28:19 2025,494500000,EM_ANDAMENTO,jsREODYzU0,503a5a1a
Wed Dec 31 22:28:20 2025,495000000,EM_ANDAMENTO,7Q4BglF2fk5,442c7ada
Wed Dec 31 22:28:22 2025,495500000,EM_ANDAMENTO,opU,d354369f
Wed Dec 31 22:28:23 2025,496000000,EM_ANDAMENTO,RTY15sIQsT,be725ac0
Wed Dec 31 22:28:25 2025,496500000,EM_ANDAMENTO,k8ggH,7f4f2ab9
Wed Dec 31 22:28:26 2025,497000000,EM_ANDAMENTO,zrdFZ,54525379
Wed Dec 31 22:28:28 2025,497500000,EM_ANDAMENTO,tarpkzz,0943dc79
Wed Dec 31 22:28:29 2025,498000000,EM_ANDAMENTO,3mexlMyq,40397b8f
Wed Dec 31 22:28:31 2025,498500000,EM_ANDAMENTO,2y,2ae21497
Wed Dec 31 22:28:33 2025,499000000,EM_ANDAMENTO,KihVQKC,af33350a
Wed Dec 31 22:28:34 2025,499500000,EM_ANDAMENTO,rVc1vnGxh,4e937224
Wed Dec 31 22:28:36 2025,500000000,EM_ANDAMENTO,H,db72f8cc
Wed Dec 31 22:28:37 2025,500500000,EM_ANDAMENTO,DNP3Y8,c5d243c4
Wed Dec 31 22:28:39 2025,501000000,EM_ANDAMENTO,loJMigXMEn,913e8114
Wed Dec 31 22:28:40 2025,501500000,EM_ANDAMENTO,AJ,95a19179
Wed Dec 31 22:28:42 2025,502000000,EM_ANDAMENTO,YqA,4daf8caa
Wed Dec 31 22:28:43 2025,502500000,EM_ANDAMENTO,edz,671ce0e5
Wed Dec 31 22:28:45 2025,503000000,EM_ANDAMENTO,Et9,3dc28825
Wed Dec 31 22:28:46 2025,503500000,EM_ANDAMENTO,klbod,03896b8d
Wed Dec 31 22:28:48 2025,504000000,EM_ANDAMENTO,F6YfwVAovF,382df893
Wed Dec 31 22:28:50 2025,504500000,EM_ANDAMENTO,2NeaaZ4w9,cd0c7b0f
Wed Dec 31 22:28:51 2025,505000000,EM_ANDAMENTO,05,2ac4fd59
Wed Dec 31 22:28:53 2025,505500000,EM_ANDAMENTO,n,68f8ea7d
Wed Dec 31 22:28:54 2025,506000000,EM_ANDAMENTO,r9J,1c5e9893
Wed Dec 31 22:28:56 2025,506500000,EM_ANDAMENTO,NT,5f943e87
Wed Dec 31 22:28:57 2025,507000000,EM_ANDAMENTO,riyJ,295687d4
Wed Dec 31 22:28:59 2025,507500000,EM_ANDAMENTO,LOP9kVxLn,d6230a58
Wed Dec 31 22:29:00 2025,508000000,EM_ANDAMENTO,KlNQ1iJnF,02937daf
Wed Dec 31 22:29:02 2025,508500000,EM_ANDAMENTO,vujRoV9Qa,4fd30d8a
Wed Dec 31 22:29:04 2025,509000000,EM_ANDAMENTO,o8vacGixQo,9d559cf3
Wed Dec 31 22:29:05 2025,509500000,EM_ANDAMENTO,0sJ,6be48529
Wed Dec 31 22:29:07 2025,510000000,EM_ANDAMENTO,f9K0s,ef669558
Wed Dec 31 22:29:08 2025,510500000,EM_ANDAMENTO,a1O,2fd660d0
Wed Dec 31 22:29:10 2025,511000000,EM_ANDAMENTO,d7RpN,95df9d94
Wed Dec 31 22:29:11 2025,511500000,EM_ANDAMENTO,TJFJd,f4e43358
Wed Dec 31 22:29:13 2025,512000000,EM_ANDAMENTO,9UBSXf,d98bb491
Wed Dec 31 22:29:14 2025,512500000,EM_ANDAMENTO,UrOlbNyn5,f640d82a
Wed Dec 31 22:29:16 2025,513000000,EM_ANDAMENTO,bpdjkpOgyT9,2b6d103d
Wed Dec 31 22:29:17 2025,513500000,EM_ANDAMENTO,cFJwnhpiq31,ad1f5200
Wed Dec 31 22:29:19 2025,514000000,EM_ANDAMENTO,PMi,4ccd5d4a
Wed Dec 31 22:29:21 2025,514500000,EM_ANDAMENTO,tzp9H,d0464734
Wed Dec 31 22:29:22 2025,515000000,EM_ANDAMENTO,c,a5c1009b
Wed Dec 31 22:29:24 2025,515500000,EM_ANDAMENTO,b2,9adae407
Wed Dec 31 22:29:25 2025,516000000,EM_ANDAMENTO,PIHoCpi,6a856a88
Wed Dec 31 22:29:27 2025,516500000,EM_ANDAMENTO,7rA9TqE,5634f497
Wed Dec 31 22:29:28 2025,517000000,EM_ANDAMENTO,mbJApRszdC,03a1bb45
Wed Dec 31 22:29:30 2025,517500000,EM_ANDAMENTO,Q57sAku,2a6a0d5e
Wed Dec 31 22:29:31 2025,518000000,EM_ANDAMENTO,ooGejnFLCzi,aaeec78b
Wed Dec 31 22:29:33 2025,518500000,EM_ANDAMENTO,YXkccesppSj,aafce114
Wed Dec 31 22:29:35 2025,519000000,EM_ANDAMENTO,LxYzrOL,d5d7c225
Wed Dec 31 22:29:36 2025,519500000,EM_ANDAMENTO,zsk4Qi2xtV,0769db98
Wed Dec 31 22:29:38 2025,520000000,EM_ANDAMENTO,S3X1E,65deb0e5
Wed Dec 31 22:29:39 2025,520500000,EM_ANDAMENTO,5Ev,d954e047
Wed Dec 31 22:29:41 2025,521000000,EM_ANDAMENTO,V6EsFEEP,7a1ab3c5
Wed Dec 31 22:29:42 2025,521500000,EM_ANDAMENTO,HLetBztf,4ba7fce2
Wed Dec 31 22:29:44 2025,522000000,EM_ANDAMENTO,hvlPtblstR,da845113
Wed Dec 31 22:29:45 2025,522500000,EM_ANDAMENTO,7HuHxt,d0f2c3e6
Wed Dec 31 22:29:47 2025,523000000,EM_ANDAMENTO,ayzk7P,2226f072
Wed Dec 31 22:29:49 2025,523500000,EM_ANDAMENTO,OyVjf,ed4a5e88
Wed Dec 31 22:29:50 2025,524000000,EM_ANDAMENTO,8Z2UlqPvFb,a84e4743
Wed Dec 31 22:29:52 2025,524500000,EM_ANDAMENTO,wJfEdSc,93d52fcc
Wed Dec 31 22:29:53 2025,525000000,EM_ANDAMENTO,yoeX1f2f9rpv,364de494
Wed Dec 31 22:29:55 2025,525500000,EM_ANDAMENTO,O0b3ohObg,4d73de85
Wed Dec 31 22:29:56 2025,526000000,EM_ANDAMENTO,cH1tfi,c9cb67dd
Wed Dec 31 22:29:58 2025,526500000,EM_ANDAMENTO,61h,a55003cf
Wed Dec 31 22:29:59 2025,527000000,EM_ANDAMENTO,9Fccj7bt1,377fff07
Wed Dec 31 22:30:01 2025,527500000,EM_ANDAMENTO,8QrWtKJ,5dfe4653
Wed Dec 31 22:30:02 2025,528000000,EM_ANDAMENTO,JPU010Wzi5qj,ffa0ddfd
Wed Dec 31 22:30:04 2025,528500000,EM_ANDAMENTO,FF,27702790
Wed Dec 31 22:30:06 2025,529000000,EM_ANDAMENTO,C5y5IIuG,373c1faa
Wed Dec 31 22:30:07 2025,529500000,EM_ANDAMENTO,bbJ5,777fd814
Wed Dec 31 22:30:09 2025,530000000,EM_ANDAMENTO,1j1ob5TWYt,87b624ab
Wed Dec 31 22:30:10 2025,530500000,EM_ANDAMENTO,az8,12e70cbf
Wed Dec 31 22:30:12 2025,531000000,EM_ANDAMENTO,E5a,3b4f66fb
Wed Dec 31 22:30:13 2025,531500000,EM_ANDAMENTO,bc,57a37507
Wed Dec 31 22:30:15 2025,532000000,EM_ANDAMENTO,C,2e9587f4
Wed Dec 31 22:30:17 2025,532500000,EM_ANDAMENTO,G1YHwPByrsm,a32102a4
Wed Dec 31 22:30:18 2025,533000000,EM_ANDAMENTO,QdqY,935c44fd
Wed Dec 31 22:30:20 2025,533500000,EM_ANDAMENTO,jpslKdZlzGO,88485dfa
Wed Dec 31 22:30:21 2025,534000000,EM_ANDAMENTO,sXjZmV,7763cf19
Wed Dec 31 22:30:23 2025,534500000,EM_ANDAMENTO,o,a0b20673
Wed Dec 31 22:30:24 2025,535000000,EM_ANDAMENTO,sK3Yps,670f1596
Wed Dec 31 22:30:26 2025,535500000,EM_ANDAMENTO,y,4cccd98d
Wed Dec 31 22:30:27 2025,536000000,EM_ANDAMENTO,3T4CQAlD,7880bc3f
Wed Dec 31 22:30:29 2025,536500000,EM_ANDAMENTO,19ZTpSYKcVG,70b5a220
Wed Dec 31 22:30:30 2025,537000000,EM_ANDAMENTO,Td64O,7fee0294
Wed Dec 31 22:30:32 2025,537500000,EM_ANDAMENTO,miQ3,2d5b47bd
Wed Dec 31 22:30:34 2025,538000000,EM_ANDAMENTO,py,be46fe6c
Wed Dec 31 22:30:35 2025,538500000,EM_ANDAMENTO,m0u,ba8d85d9
Wed Dec 31 22:30:37 2025,539000000,EM_ANDAMENTO,mxNaHgp2dIm,009724dc
Wed Dec 31 22:30:38 2025,539500000,EM_ANDAMENTO,jjwjTLB0tx7f,c2d5b7e4
Wed Dec 31 22:30:40 2025,540000000,EM_ANDAMENTO,zN4VsfQV,6fab900a
Wed Dec 31 22:30:41 2025,540500000,EM_ANDAMENTO,KTO0Urh,7b858b8d
Wed Dec 31 22:30:43 2025,541000000,EM_ANDAMENTO,F,a2c949bf
Wed Dec 31 22:30:44 2025,541500000,EM_ANDAMENTO,t,ef012cb5
Wed Dec 31 22:30:46 2025,542000000,EM_ANDAMENTO,C1K18,bcdc4b09
Wed Dec 31 22:30:48 2025,542500000,EM_ANDAMENTO,QnFQOUacrBeA,ffc96995
Wed Dec 31 22:30:49 2025,543000000,EM_ANDAMENTO,lsM,c6f0b130
Wed Dec 31 22:30:51 2025,543500000,EM_ANDAMENTO,cy7L,988d8a6a
Wed Dec 31 22:30:52 2025,544000000,EM_ANDAMENTO,yYo,caedcfc6
Wed Dec 31 22:30:54 2025,544500000,EM_ANDAMENTO,XQfM,b4cf2fa8
Wed Dec 31 22:30:55 2025,545000000,EM_ANDAMENTO,jQQ,619daca5
Wed Dec 31 22:30:57 2025,545500000,EM_ANDAMENTO,udUY,2c4a6015
Wed Dec 31 22:30:58 2025,546000000,EM_ANDAMENTO,ksQsVjos,9add2097
Wed Dec 31 22:31:00 2025,546500000,EM_ANDAMENTO,RC,206abe07
Wed Dec 31 22:31:01 2025,547000000,EM_ANDAMENTO,sq,74590660
Wed Dec 31 22:31:03 2025,547500000,EM_ANDAMENTO,yqVaD2tvc,34772d1b
Wed Dec 31 22:31:05 2025,548000000,EM_ANDAMENTO,XKX,e95ce73a
Wed Dec 31 22:31:06 2025,548500000,EM_ANDAMENTO,n,68f8ea7d
Wed Dec 31 22:31:08 2025,549000000,EM_ANDAMENTO,Yfzgy13,2004ea05
Wed Dec 31 22:31:09 2025,549500000,EM_ANDAMENTO,p6toBHWL,e962608b
Wed Dec 31 22:31:11 2025,550000000,EM_ANDAMENTO,aS,8530d922
Wed Dec 31 22:31:12 2025,550500000,EM_ANDAMENTO,g,7a529e89
Wed Dec 31 22:31:14 2025,551000000,EM_ANDAMENTO,pftIpmvZ19H,c0e7bb68
Wed Dec 31 22:31:15 2025,551500000,EM_ANDAMENTO,B2FNafdlL,56a492bf
Wed Dec 31 22:31:17 2025,552000000,EM_ANDAMENTO,cfaI0XQF,1b2ccde4
Wed Dec 31 22:31:19 2025,552500000,EM_ANDAMENTO,diEdQ,b9b44a0c
Wed Dec 31 22:31:20 2025,553000000,EM_ANDAMENTO,nWT0p4ZtEV,3096d7e4
Wed Dec 31 22:31:22 2025,553500000,EM_ANDAMENTO,jSGQ5,abd7a508
Wed Dec 31 22:31:23 2025,554000000,EM_ANDAMENTO,22I3KYP4f1c,bdf7ae25
Wed Dec 31 22:31:25 2025,554500000,EM_ANDAMENTO,bLlfJju9ZY8r,49eea513
Wed Dec 31 22:31:26 2025,555000000,EM_ANDAMENTO,uwwE,409ee5a1
Wed Dec 31 22:31:28 2025,555500000,EM_ANDAMENTO,3ewPHgRikR,9a709204
Wed Dec 31 22:31:29 2025,556000000,EM_ANDAMENTO,vyj2hnnsG8gB,6cc5c7d9
Wed Dec 31 22:31:31 2025,556500000,EM_ANDAMENTO,o0ugXwQFuAfk,2065aa64
Wed Dec 31 22:31:32 2025,557000000,EM_ANDAMENTO,8H,3d82aada
Wed Dec 31 22:31:34 2025,557500000,EM_ANDAMENTO,dqPFDs7yACZ,2f299a19
Wed Dec 31 22:31:36 2025,558000000,EM_ANDAMENTO,9DBKN,86f9191c
Wed Dec 31 22:31:37 2025,558500000,EM_ANDAMENTO,4h2v7OqZQHuz,c112e0f0
Wed Dec 31 22:31:39 2025,559000000,EM_ANDAMENTO,X0zDE,afa419e8
Wed Dec 31 22:31:40 2025,559500000,EM_ANDAMENTO,ZbB1jV,57bf9bb1
Wed Dec 31 22:31:42 2025,560000000,EM_ANDAMENTO,i1,c11bdb2a
Wed Dec 31 22:31:43 2025,560500000,EM_ANDAMENTO,KcCLBtT4,1c5304f6
Wed Dec 31 22:31:45 2025,561000000,EM_ANDAMENTO,VFqWnNVrKc,5721abb3
Wed Dec 31 22:31:46 2025,561500000,EM_ANDAMENTO,CU,ff269b1f
Wed Dec 31 22:31:48 2025,562000000,EM_ANDAMENTO,T80b22ysKrZp,b8d772dc
Wed Dec 31 22:31:50 2025,562500000,EM_ANDAMENTO,G2VYyRiAjp,dd1325cf
Wed Dec 31 22:31:51 2025,563000000,EM_ANDAMENTO,Mu1lta,cd2746bb
Wed Dec 31 22:31:53 2025,563500000,EM_ANDAMENTO,DC1zORHW,244c338a
Wed Dec 31 22:31:54 2025,564000000,EM_ANDAMENTO,rFa9dmycCy,7f703831
Wed Dec 31 22:31:56 2025,564500000,EM_ANDAMENTO,li3iApiV8xE,fbebd787
Wed Dec 31 22:31:57 2025,565000000,EM_ANDAMENTO,Mff0SFbj84,823ce25d
Wed Dec 31 22:31:59 2025,565500000,EM_ANDAMENTO,zCzpxG7O0X,011b25db
Wed Dec 31 22:32:00 2025,566000000,EM_ANDAMENTO,n5mR5,cd633fd7
Wed Dec 31 22:32:02 2025,566500000,EM_ANDAMENTO,mQPTT,6c88ee99
Wed Dec 31 22:32:03 2025,567000000,EM_ANDAMENTO,KZqk2u5fsauz,fe3c843a
Wed Dec 31 22:32:05 2025,567500000,EM_ANDAMENTO,ZP6,f6a2dccb
Wed Dec 31 22:32:07 2025,568000000,EM_ANDAMENTO,1OvrD2yU,836e3b93
Wed Dec 31 22:32:08 2025,568500000,EM_ANDAMENTO,jn1giZ,8a98ce58
Wed Dec 31 22:32:10 2025,569000000,EM_ANDAMENTO,kHhsrdHuN,2eb1f522
Wed Dec 31 22:32:11 2025,569500000,EM_ANDAMENTO,b4GXVAyyrhI,2ef438b3
Wed Dec 31 22:32:13 2025,570000000,EM_ANDAMENTO,T2M,b2244510
Wed Dec 31 22:32:14 2025,570500000,EM_ANDAMENTO,1RUPcj,919bae6f
Wed Dec 31 22:32:16 2025,571000000,EM_ANDAMENTO,yKzvc,6be35410
Wed Dec 31 22:32:17 2025,571500000,EM_ANDAMENTO,wbf,81bca6b9
Wed Dec 31 22:32:19 2025,572000000,EM_ANDAMENTO,VTcXchifzbx,1dd5b434
Wed Dec 31 22:32:21 2025,572500000,EM_ANDAMENTO,dfAndbT,b7463ed3
Wed Dec 31 22:32:22 2025,573000000,EM_ANDAMENTO,hHCbkooU0etb,f42b3b98
Wed Dec 31 22:32:24 2025,573500000,EM_ANDAMENTO,umoAW,0c8f1ec8
Wed Dec 31 22:32:25 2025,574000000,EM_ANDAMENTO,K5GkZK3PSgW,6d17430a
Wed Dec 31 22:32:27 2025,574500000,EM_ANDAMENTO,U,286668ef
Wed Dec 31 22:32:28 2025,575000000,EM_ANDAMENTO,lFwAAUnB,2ab123c3
Wed Dec 31 22:32:30 2025,575500000,EM_ANDAMENTO,Opuzy4Cjbk6N,b73606da
Wed Dec 31 22:32:31 2025,576000000,EM_ANDAMENTO,ZK6gj,c11702a5
Wed Dec 31 22:32:33 2025,576500000,EM_ANDAMENTO,oFK,c167742b
Wed Dec 31 22:32:34 2025,577000000,EM_ANDAMENTO,ouW9,942ef3a9
Wed Dec 31 22:32:36 2025,577500000,EM_ANDAMENTO,3xTBv0y,bfdf696e
Wed Dec 31 22:32:37 2025,578000000,EM_ANDAMENTO,INS,d5ee39ba
Wed Dec 31 22:32:39 2025,578500000,EM_ANDAMENTO,hebIhH05I,a957abbe
Wed Dec 31 22:32:41 2025,579000000,EM_ANDAMENTO,g,7a529e89
Wed Dec 31 22:32:42 2025,579500000,EM_ANDAMENTO,B4o,9660f5b8
Wed Dec 31 22:32:44 2025,580000000,EM_ANDAMENTO,6gzHxqbB,6478ee2f
Wed Dec 31 22:32:45 2025,580500000,EM_ANDAMENTO,Zrd2PyXEJAs7,24f90ca3
Wed Dec 31 22:32:47 2025,581000000,EM_ANDAMENTO,176OwmDKkpW,ada3c7a6
Wed Dec 31 22:32:48 2025,581500000,EM_ANDAMENTO,GpVrPwWgB,0d50f106
Wed Dec 31 22:32:50 2025,582000000,EM_ANDAMENTO,BdOXPck6U,b0353315
Wed Dec 31 22:32:52 2025,582500000,EM_ANDAMENTO,ZulovZw,ff1caaab
Wed Dec 31 22:32:53 2025,583000000,EM_ANDAMENTO,3sQ,c24240db
Wed Dec 31 22:32:55 2025,583500000,EM_ANDAMENTO,LYoNxA2shKaY,9ba92a9b
Wed Dec 31 22:32:56 2025,584000000,EM_ANDAMENTO,1QtFh9KUA3oB,d53613d5
Wed Dec 31 22:32:58 2025,584500000,EM_ANDAMENTO,5,b485d77f
Wed Dec 31 22:32:59 2025,585000000,EM_ANDAMENTO,ODQLUOAGXZE0,4606ce82
Wed Dec 31 22:33:01 2025,585500000,EM_ANDAMENTO,iOSpIiJBX,72dd7a90
Wed Dec 31 22:33:02 2025,586000000,EM_ANDAMENTO,KoX2FHA,8a6cdc3c
Wed Dec 31 22:33:04 2025,586500000,EM_ANDAMENTO,j9Sg07bzkjHC,36195244
Wed Dec 31 22:33:05 2025,587000000,EM_ANDAMENTO,IujJFGudd,7aa62834
Wed Dec 31 22:33:07 2025,587500000,EM_ANDAMENTO,XCRdf5I,5d2e700f
Wed Dec 31 22:33:09 2025,588000000,EM_ANDAMENTO,RGg,cc34e39b
Wed Dec 31 22:33:10 2025,588500000,EM_ANDAMENTO,ibUsZw0lkC,acd462a2
Wed Dec 31 22:33:12 2025,589000000,EM_ANDAMENTO,hH2x,a51a259a
Wed Dec 31 22:33:13 2025,589500000,EM_ANDAMENTO,zrCWiBNtK,f2ade42e
Wed Dec 31 22:33:15 2025,590000000,EM_ANDAMENTO,TmIxPYbq9i,03b11d2c
Wed Dec 31 22:33:16 2025,590500000,EM_ANDAMENTO,0hdT6,9c76de4f
Wed Dec 31 22:33:18 2025,591000000,EM_ANDAMENTO,jlmvyXx,aeb0e6d8
Wed Dec 31 22:33:19 2025,591500000,EM_ANDAMENTO,jVjj,6da2871b
Wed Dec 31 22:33:21 2025,592000000,EM_ANDAMENTO,sIEbTar,1d9a5134
Wed Dec 31 22:33:22 2025,592500000,EM_ANDAMENTO,Nw8QWa9,1b43fe6a
Wed Dec 31 22:33:24 2025,593000000,EM_ANDAMENTO,tK9EJ2Lcn,a97f5cc3
Wed Dec 31 22:33:26 2025,593500000,EM_ANDAMENTO,gaIrA3dbNioq,29f8859b
Wed Dec 31 22:33:27 2025,594000000,EM_ANDAMENTO,fRJRsZa,91fc6c7a
Wed Dec 31 22:33:29 2025,594500000,EM_ANDAMENTO,L4Xb,a478c48b
Wed Dec 31 22:33:30 2025,595000000,EM_ANDAMENTO,zZNPrvSn8w,3ae31027
Wed Dec 31 22:33:32 2025,595500000,EM_ANDAMENTO,mTHBWjI,5c36b854
Wed Dec 31 22:33:33 2025,596000000,EM_ANDAMENTO,a2p,ffc1d8a3
Wed Dec 31 22:33:35 2025,596500000,EM_ANDAMENTO,5iuqe,a047b104
Wed Dec 31 22:33:36 2025,597000000,EM_ANDAMENTO,Je4,64e574b2
Wed Dec 31 22:33:38 2025,597500000,EM_ANDAMENTO,TcKxtK,5c077566
Wed Dec 31 22:33:39 2025,598000000,EM_ANDAMENTO,oZfT,fefe126d
Wed Dec 31 22:33:41 2025,598500000,EM_ANDAMENTO,o,a0b20673
Wed Dec 31 22:33:43 2025,599000000,EM_ANDAMENTO,5BwKD6G,54cd179c
Wed Dec 31 22:33:44 2025,599500000,EM_ANDAMENTO,qOXz,31d03645
Wed Dec 31 22:33:46 2025,600000000,EM_ANDAMENTO,81OPGpaPZ53,11ead6e4
Wed Dec 31 22:33:47 2025,600500000,EM_ANDAMENTO,uJP8xCwkTXDK,000ae573
Wed Dec 31 22:33:49 2025,601000000,EM_ANDAMENTO,5PKF7,a399679b
Wed Dec 31 22:33:50 2025,601500000,EM_ANDAMENTO,9A,8b39a773
Wed Dec 31 22:33:52 2025,602000000,EM_ANDAMENTO,QnSCbQr,295ceaf4
Wed Dec 31 22:33:53 2025,602500000,EM_ANDAMENTO,LKdKtoeWyuJ,17dfe006
Wed Dec 31 22:33:55 2025,603000000,EM_ANDAMENTO,0llWIEM,eb7ddd7d
Wed Dec 31 22:33:57 2025,603500000,EM_ANDAMENTO,pNglmKSd8TU,1ae14ed8
Wed Dec 31 22:33:58 2025,604000000,EM_ANDAMENTO,3lLvw6,e4f10d2d
Wed Dec 31 22:34:00 2025,604500000,EM_ANDAMENTO,Wv9mUf48,adb70d14
Wed Dec 31 22:34:01 2025,605000000,EM_ANDAMENTO,ir4rtQ,0478ea95
Wed Dec 31 22:34:03 2025,605500000,EM_ANDAMENTO,VmiA1Jui5,951a6bd5
Wed Dec 31 22:34:04 2025,606000000,EM_ANDAMENTO,0pFqh,61e5e382
Wed Dec 31 22:34:06 2025,606500000,EM_ANDAMENTO,EEbi7,a1711dc9
Wed Dec 31 22:34:07 2025,607000000,EM_ANDAMENTO,HkS47u,cd0fa24e
Wed Dec 31 22:34:09 2025,607500000,EM_ANDAMENTO,RBaZzlTUmwg,588c12a3
Wed Dec 31 22:34:11 2025,608000000,EM_ANDAMENTO,NOetNcy00su,78c7bb41
Wed Dec 31 22:34:12 2025,608500000,EM_ANDAMENTO,WLonS,c63f4c04
Wed Dec 31 22:34:14 2025,609000000,EM_ANDAMENTO,lTQGw,31e865f8
Wed Dec 31 22:34:15 2025,609500000,EM_ANDAMENTO,dFBg4P,b5e020f4
Wed Dec 31 22:34:17 2025,610000000,EM_ANDAMENTO,YHRI21GqT4Z,177493b7
Wed Dec 31 22:34:18 2025,610500000,EM_ANDAMENTO,cGFcaGuCdRS,b1f4c1f5
Wed Dec 31 22:34:20 2025,611000000,EM_ANDAMENTO,ckE2n,7477d938
Wed Dec 31 22:34:21 2025,611500000,EM_ANDAMENTO,b3Ea1s,2c099ab3
Wed Dec 31 22:34:23 2025,612000000,EM_ANDAMENTO,Anlm5H,0192c952
Wed Dec 31 22:34:25 2025,612500000,EM_ANDAMENTO,pZ,b70f34bd
Wed Dec 31 22:34:26 2025,613000000,EM_ANDAMENTO,x,e472c5e3
Wed Dec 31 22:34:28 2025,613500000,EM_ANDAMENTO,rVQGFqZKF,8a4bb9cb
Wed Dec 31 22:34:29 2025,614000000,EM_ANDAMENTO,sQfuMN,8992a78c
Wed Dec 31 22:34:31 2025,614500000,EM_ANDAMENTO,2mqKWONex,2f3f438c
Wed Dec 31 22:34:32 2025,615000000,EM_ANDAMENTO,n7vDTiumVUV,e3fe377b
Wed Dec 31 22:34:34 2025,615500000,EM_ANDAMENTO,NbIAwjVn9,17e72a44
Wed Dec 31 22:34:36 2025,616000000,EM_ANDAMENTO,FiMAV7lskjA,9ab4935f
Wed Dec 31 22:34:38 2025,616500000,EM_ANDAMENTO,Ik7Uw,4f9ad51f
Wed Dec 31 22:34:39 2025,617000000,EM_ANDAMENTO,JmNC6a0k,cb2959d1
Wed Dec 31 22:34:41 2025,617500000,EM_ANDAMENTO,Jpk5hM,3fd3e3e3
Wed Dec 31 22:34:42 2025,618000000,EM_ANDAMENTO,K7EW01vUB,b649e8ff
Wed Dec 31 22:34:44 2025,618500000,EM_ANDAMENTO,cF,995716fb
Wed Dec 31 22:34:45 2025,619000000,EM_ANDAMENTO,I9C8NmM,dcc0bf66
Wed Dec 31 22:34:47 2025,619500000,EM_ANDAMENTO,Qgodq,41a281a8
Wed Dec 31 22:34:48 2025,620000000,EM_ANDAMENTO,D5ZDDF,143fdd5d
Wed Dec 31 22:34:50 2025,620500000,EM_ANDAMENTO,4JvwqiN,622d064e
Wed Dec 31 22:34:52 2025,621000000,EM_ANDAMENTO,aQpbAZOj1Si1,2b40bd4c
Wed Dec 31 22:34:53 2025,621500000,EM_ANDAMENTO,IssXhWJk,a1b376c8
Wed Dec 31 22:34:55 2025,622000000,EM_ANDAMENTO,kuntoJdT,ccff6857
Wed Dec 31 22:34:56 2025,622500000,EM_ANDAMENTO,iRHTyy2,632b2b29
Wed Dec 31 22:34:58 2025,623000000,EM_ANDAMENTO,HOiRmrv,1cf665d4
Wed Dec 31 22:34:59 2025,623500000,EM_ANDAMENTO,8HBV4dGGACww,15f5f852
Wed Dec 31 22:35:01 2025,624000000,EM_ANDAMENTO,LZRBCUi,2ed1667b
Wed Dec 31 22:35:02 2025,624500000,EM_ANDAMENTO,voA,d8381415
Wed Dec 31 22:35:04 2025,625000000,EM_ANDAMENTO,LeAutn0a,aa86633e
Wed Dec 31 22:35:06 2025,625500000,EM_ANDAMENTO,NKIjv6V,e075cbf7
Wed Dec 31 22:35:07 2025,626000000,EM_ANDAMENTO,73TFysE,bc795ecc
Wed Dec 31 22:35:09 2025,626500000,EM_ANDAMENTO,nOW,f4494740
Wed Dec 31 22:35:10 2025,627000000,EM_ANDAMENTO,CKu7M7V3Ka,d3f6e850
Wed Dec 31 22:35:12 2025,627500000,EM_ANDAMENTO,YvWZZax4,3697b5a8
Wed Dec 31 22:35:13 2025,628000000,EM_ANDAMENTO,bTG3kUFJ,6eb13deb
Wed Dec 31 22:35:15 2025,628500000,EM_ANDAMENTO,G7j,be4c35b6
Wed Dec 31 22:35:16 2025,629000000,EM_ANDAMENTO,V,55360b71
Wed Dec 31 22:35:18 2025,629500000,EM_ANDAMENTO,2TNuaW8wT6ZF,0f5510c5
Wed Dec 31 22:35:19 2025,630000000,EM_ANDAMENTO,HfV3lwDE4X,ea302b97
Wed Dec 31 22:35:21 2025,630500000,EM_ANDAMENTO,f6XIfJR4mOA,322f2b88
Wed Dec 31 22:35:23 2025,631000000,EM_ANDAMENTO,Hbi7,2668013f
Wed Dec 31 22:35:24 2025,631500000,EM_ANDAMENTO,EpfJsw4Hfrd,5f375c06
Wed Dec 31 22:35:26 2025,632000000,EM_ANDAMENTO,bAzJwrjVVy,b365b400
Wed Dec 31 22:35:27 2025,632500000,EM_ANDAMENTO,J4B4XccmzV,72ca1bd1
Wed Dec 31 22:35:29 2025,633000000,EM_ANDAMENTO,aLHlBL,44cbc032
Wed Dec 31 22:35:30 2025,633500000,EM_ANDAMENTO,x,e472c5e3
Wed Dec 31 22:35:32 2025,634000000,EM_ANDAMENTO,TUXJ5j,68f527ee
Wed Dec 31 22:35:33 2025,634500000,EM_ANDAMENTO,GVDS8,cc0cb0e5
Wed Dec 31 22:35:35 2025,635000000,EM_ANDAMENTO,oFAsv0vjg,54746634
Wed Dec 31 22:35:37 2025,635500000,EM_ANDAMENTO,UXwq1,be54234d
Wed Dec 31 22:35:38 2025,636000000,EM_ANDAMENTO,jnNJaN5UjuR,d4d58366
Wed Dec 31 22:35:40 2025,636500000,EM_ANDAMENTO,xFqf0wgM9GR2,34496931
Wed Dec 31 22:35:41 2025,637000000,EM_ANDAMENTO,HNSOG5ZWX,576ea879
Wed Dec 31 22:35:43 2025,637500000,EM_ANDAMENTO,aoIoZmgyP,0af3ea09
Wed Dec 31 22:35:44 2025,638000000,EM_ANDAMENTO,9cW,3c2788e9
Wed Dec 31 22:35:46 2025,638500000,EM_ANDAMENTO,10XSUA4,b4bb23ad
Wed Dec 31 22:35:48 2025,639000000,EM_ANDAMENTO,Tyv4i,21712c69
Wed Dec 31 22:35:49 2025,639500000,EM_ANDAMENTO,VMuk,99d71ab4
Wed Dec 31 22:35:51 2025,640000000,EM_ANDAMENTO,GbH59z6s,5d1e44bd
Wed Dec 31 22:35:52 2025,640500000,EM_ANDAMENTO,cBVvrbfl2OfI,80c883d2
Wed Dec 31 22:35:54 2025,641000000,EM_ANDAMENTO,1Ccbc,7f3fa44d
Wed Dec 31 22:35:55 2025,641500000,EM_ANDAMENTO,0z,474e6155
Wed Dec 31 22:35:57 2025,642000000,EM_ANDAMENTO,j4c,019942cd
Wed Dec 31 22:35:58 2025,642500000,EM_ANDAMENTO,c,a5c1009b
Wed Dec 31 22:36:00 2025,643000000,EM_ANDAMENTO,xmP,2a832447
Wed Dec 31 22:36:01 2025,643500000,EM_ANDAMENTO,v4XwkG,e751e7a7
Wed Dec 31 22:36:03 2025,644000000,EM_ANDAMENTO,eZcH,959f713b
Wed Dec 31 22:36:05 2025,644500000,EM_ANDAMENTO,lm37fM,67a9a5b1
Wed Dec 31 22:36:06 2025,645000000,EM_ANDAMENTO,kMXhEums8h,06d01347
Wed Dec 31 22:36:08 2025,645500000,EM_ANDAMENTO,HPg,1a2070b9
Wed Dec 31 22:36:09 2025,646000000,EM_ANDAMENTO,K,58a8694c
Wed Dec 31 22:36:11 2025,646500000,EM_ANDAMENTO,W9G3E9CrX,91d4a593
Wed Dec 31 22:36:12 2025,647000000,EM_ANDAMENTO,qzO3AzAW3HY,92315552
Wed Dec 31 22:36:14 2025,647500000,EM_ANDAMENTO,OW,6796db2f
Wed Dec 31 22:36:15 2025,648000000,EM_ANDAMENTO,4mGU1F,dc03b99e
Wed Dec 31 22:36:17 2025,648500000,EM_ANDAMENTO,9sFsEzODJ,dfa6c253
Wed Dec 31 22:36:19 2025,649000000,EM_ANDAMENTO,Go,1d6490a7
Wed Dec 31 22:36:20 2025,649500000,EM_ANDAMENTO,f,2c6c3bcd
Wed Dec 31 22:36:22 2025,650000000,EM_ANDAMENTO,Gi7RMUQwc8Uw,6e1a2719
Wed Dec 31 22:36:23 2025,650500000,EM_ANDAMENTO,Chq0H,7a12e15d
Wed Dec 31 22:36:25 2025,651000000,EM_ANDAMENTO,ocvgDR8sWw7Y,467a92c4
Wed Dec 31 22:36:26 2025,651500000,EM_ANDAMENTO,I2reOZr5lX,67e7f83f
Wed Dec 31 22:36:28 2025,652000000,EM_ANDAMENTO,AOGvQUi,3d45094e
Wed Dec 31 22:36:30 2025,652500000,EM_ANDAMENTO,AUxt11m,2171bf1a
Wed Dec 31 22:36:31 2025,653000000,EM_ANDAMENTO,521,530ec109
Wed Dec 31 22:36:33 2025,653500000,EM_ANDAMENTO,b2L3Dt,d9a9b7ad
Wed Dec 31 22:36:34 2025,654000000,EM_ANDAMENTO,ew4neY,8e7bc533
Wed Dec 31 22:36:36 2025,654500000,EM_ANDAMENTO,BMnS2T27,5b229dd8
Wed Dec 31 22:36:37 2025,655000000,EM_ANDAMENTO,E,9e677faf
Wed Dec 31 22:36:39 2025,655500000,EM_ANDAMENTO,th6Lq0igtLw,565f5f40
Wed Dec 31 22:36:40 2025,656000000,EM_ANDAMENTO,hrJ4,e31998ad
Wed Dec 31 22:36:42 2025,656500000,EM_ANDAMENTO,I67o5UVU4,daf1d028
Wed Dec 31 22:36:44 2025,657000000,EM_ANDAMENTO,X7oFib6,c8f9be36
Wed Dec 31 22:36:45 2025,657500000,EM_ANDAMENTO,xd,4cbebbc0
Wed Dec 31 22:36:47 2025,658000000,EM_ANDAMENTO,gZOI5976M,5ed12f39
Wed Dec 31 22:36:48 2025,658500000,EM_ANDAMENTO,Si7OADfu6Uc,5e6156d9
Wed Dec 31 22:36:50 2025,659000000,EM_ANDAMENTO,oD,840f0f8b
Wed Dec 31 22:36:51 2025,659500000,EM_ANDAMENTO,DSCqzflU,81668a6c
Wed Dec 31 22:36:53 2025,660000000,EM_ANDAMENTO,PpQubsax9,e0a21d48
Wed Dec 31 22:36:54 2025,660500000,EM_ANDAMENTO,IFv,57d10fdd
Wed Dec 31 22:36:56 2025,661000000,EM_ANDAMENTO,7J2ty,7e1fd5e7
Wed Dec 31 22:36:57 2025,661500000,EM_ANDAMENTO,nrM3n,f9ad039d
Wed Dec 31 22:36:59 2025,662000000,EM_ANDAMENTO,s,bc5ac4a3
Wed Dec 31 22:37:01 2025,662500000,EM_ANDAMENTO,PH9aDz1nTung,9a56b063
Wed Dec 31 22:37:02 2025,663000000,EM_ANDAMENTO,wU,19a975da
Wed Dec 31 22:37:04 2025,663500000,EM_ANDAMENTO,c5,72960a30
Wed Dec 31 22:37:05 2025,664000000,EM_ANDAMENTO,bRVQGT,7f3b608b
Wed Dec 31 22:37:07 2025,664500000,EM_ANDAMENTO,oIj,fbde1977
Wed Dec 31 22:37:08 2025,665000000,EM_ANDAMENTO,9,d8ef0690
Wed Dec 31 22:37:10 2025,665500000,EM_ANDAMENTO,R6XLeaD46f58,4e1b1458
Wed Dec 31 22:37:12 2025,666000000,EM_ANDAMENTO,F2o3,c732fb59
Wed Dec 31 22:37:13 2025,666500000,EM_ANDAMENTO,9eP,d7cb8bd7
Wed Dec 31 22:37:15 2025,667000000,EM_ANDAMENTO,WXNlziEK,f6698a7c
Wed Dec 31 22:37:16 2025,667500000,EM_ANDAMENTO,M43dAaWkwZ,435c5a40
Wed Dec 31 22:37:18 2025,668000000,EM_ANDAMENTO,w7URbChyP3,92f9af4b
Wed Dec 31 22:37:19 2025,668500000,EM_ANDAMENTO,3TSn5,9d601057
Wed Dec 31 22:37:21 2025,669000000,EM_ANDAMENTO,KkYd6T5,9846a26a
Wed Dec 31 22:37:22 2025,669500000,EM_ANDAMENTO,n,68f8ea7d
Wed Dec 31 22:37:24 2025,670000000,EM_ANDAMENTO,qRl,34056126
Wed Dec 31 22:37:26 2025,670500000,EM_ANDAMENTO,eKXv1S7Tj,31f9111d
Wed Dec 31 22:37:27 2025,671000000,EM_ANDAMENTO,033uGaYYSo,c16f52f8
Wed Dec 31 22:37:29 2025,671500000,EM_ANDAMENTO,kDK,f8c5233c
Wed Dec 31 22:37:30 2025,672000000,EM_ANDAMENTO,iPIJ9E0wRwy,bc314aa5
Wed Dec 31 22:37:32 2025,672500000,EM_ANDAMENTO,aiHYF70nYFu,57114dda
Wed Dec 31 22:37:33 2025,673000000,EM_ANDAMENTO,LHXtVsFN,9b70a846
Wed Dec 31 22:37:35 2025,673500000,EM_ANDAMENTO,JAoFBDNtO,34380ee9
Wed Dec 31 22:37:36 2025,674000000,EM_ANDAMENTO,2KnV6uiYm,731beccd
Wed Dec 31 22:37:38 2025,674500000,EM_ANDAMENTO,snzm4,55027abb
Wed Dec 31 22:37:39 2025,675000000,EM_ANDAMENTO,P6LHntJbjdmR,3713e1b5
Wed Dec 31 22:37:41 2025,675500000,EM_ANDAMENTO,8NU6nLytN,d87be8fa
Wed Dec 31 22:37:43 2025,676000000,EM_ANDAMENTO,06pw,da212674
Wed Dec 31 22:37:44 2025,676500000,EM_ANDAMENTO,a6a57FIKU,175ca8d2
Wed Dec 31 22:37:46 2025,677000000,EM_ANDAMENTO,Xoi,2f016f5a
Wed Dec 31 22:37:47 2025,677500000,EM_ANDAMENTO,gwcrDOUpg,5c0ead85
Wed Dec 31 22:37:49 2025,678000000,EM_ANDAMENTO,gtM2BJnOuO,c12d6ed1
Wed Dec 31 22:37:50 2025,678500000,EM_ANDAMENTO,9gKGgv2yUaw0,00bf71f9
Wed Dec 31 22:37:52 2025,679000000,EM_ANDAMENTO,mkfwCr,7416e55c
Wed Dec 31 22:37:54 2025,679500000,EM_ANDAMENTO,pml,dbe14314
Wed Dec 31 22:37:55 2025,680000000,EM_ANDAMENTO,OzAPFm,781ff47f
Wed Dec 31 22:37:57 2025,680500000,EM_ANDAMENTO,JxtCeWRAw,395d8ce8
Wed Dec 31 22:37:58 2025,681000000,EM_ANDAMENTO,R,613edcc8
Wed Dec 31 22:38:00 2025,681500000,EM_ANDAMENTO,7px,7aba6222
Wed Dec 31 22:38:01 2025,682000000,EM_ANDAMENTO,1J1h,f8b046f4
Wed Dec 31 22:38:03 2025,682500000,EM_ANDAMENTO,TGrRUANdM,af3f1f84
Wed Dec 31 22:38:04 2025,683000000,EM_ANDAMENTO,DzEeZKz,71f2cfce
Wed Dec 31 22:38:06 2025,683500000,EM_ANDAMENTO,2nM,42d21dc6
Wed Dec 31 22:38:07 2025,684000000,EM_ANDAMENTO,Oz,bd4a2f04
Wed Dec 31 22:38:09 2025,684500000,EM_ANDAMENTO,L50BQ9wrP,397d0f31
Wed Dec 31 22:38:11 2025,685000000,EM_ANDAMENTO,41UybMm4CLK,311c98c5
Wed Dec 31 22:38:12 2025,685500000,EM_ANDAMENTO,73wheP0Fr,24f8f48b
Wed Dec 31 22:38:14 2025,686000000,EM_ANDAMENTO,6,21d93093
Wed Dec 31 22:38:15 2025,686500000,EM_ANDAMENTO,l1HnJ6r32,3b1a7a3e
Wed Dec 31 22:38:17 2025,687000000,EM_ANDAMENTO,BvX626,d814eb04
Wed Dec 31 22:38:18 2025,687500000,EM_ANDAMENTO,NZ2O,aab3bb0b
Wed Dec 31 22:38:20 2025,688000000,EM_ANDAMENTO,cbOVmC,3adb355c
Wed Dec 31 22:38:21 2025,688500000,EM_ANDAMENTO,V0EPL,a832995c
Wed Dec 31 22:38:23 2025,689000000,EM_ANDAMENTO,6BaNNslsR7W,17add1c7
Wed Dec 31 22:38:25 2025,689500000,EM_ANDAMENTO,KluLvmLTZ,4265b509
Wed Dec 31 22:38:26 2025,690000000,EM_ANDAMENTO,D8yjU,6861080b
Wed Dec 31 22:38:28 2025,690500000,EM_ANDAMENTO,AI04ixsgr,620a29c5
Wed Dec 31 22:38:29 2025,691000000,EM_ANDAMENTO,1wP8,0387d3cd
Wed Dec 31 22:38:31 2025,691500000,EM_ANDAMENTO,I5ga,a1a6bff6
Wed Dec 31 22:38:32 2025,692000000,EM_ANDAMENTO,Bjt3d,f8846ba7
Wed Dec 31 22:38:34 2025,692500000,EM_ANDAMENTO,ULbrA2E6,46b57e20
Wed Dec 31 22:38:35 2025,693000000,EM_ANDAMENTO,Mvyx1,765eba01
Wed Dec 31 22:38:37 2025,693500000,EM_ANDAMENTO,6PlfryH8Y,7f220a39
Wed Dec 31 22:38:39 2025,694000000,EM_ANDAMENTO,VODEF3T9t,64f0ecf8
Wed Dec 31 22:38:40 2025,694500000,EM_ANDAMENTO,rC3n9y,1a420816
Wed Dec 31 22:38:42 2025,695000000,EM_ANDAMENTO,03GrL,8777cf61
Wed Dec 31 22:38:43 2025,695500000,EM_ANDAMENTO,1OUjuxtnwueJ,383991a0
Wed Dec 31 22:38:45 2025,696000000,EM_ANDAMENTO,MhqW12VLL,fe20b9aa
Wed Dec 31 22:38:46 2025,696500000,EM_ANDAMENTO,3tBzs,493b4036
Wed Dec 31 22:38:48 2025,697000000,EM_ANDAMENTO,gYwIMthW19,eb2d1bd0
Wed Dec 31 22:38:50 2025,697500000,EM_ANDAMENTO,M4iCH8,7a1e6b4d
Wed Dec 31 22:38:51 2025,698000000,EM_ANDAMENTO,8FTb7r,cc2205e5
Wed Dec 31 22:38:53 2025,698500000,EM_ANDAMENTO,0IPGj3W,09879064
Wed Dec 31 22:38:54 2025,699000000,EM_ANDAMENTO,6X,cfe4967f
Wed Dec 31 22:38:56 2025,699500000,EM_ANDAMENTO,qh6Pmlj5v2,7fa22794
Wed Dec 31 22:38:57 2025,700000000,EM_ANDAMENTO,zYCHx8ut,183300a0
Wed Dec 31 22:38:59 2025,700500000,EM_ANDAMENTO,zU,7164bb72
Wed Dec 31 22:39:01 2025,701000000,EM_ANDAMENTO,ElA98cD,a67fd891
Wed Dec 31 22:39:02 2025,701500000,EM_ANDAMENTO,q7ytJFn4LVv,bd189897
Wed Dec 31 22:39:04 2025,702000000,EM_ANDAMENTO,b78,184a931e
Wed Dec 31 22:39:05 2025,702500000,EM_ANDAMENTO,EZU,352ac584
Wed Dec 31 22:39:07 2025,703000000,EM_ANDAMENTO,UAKNpUOnW,dd8db288
Wed Dec 31 22:39:08 2025,703500000,EM_ANDAMENTO,M7CH1G,874abb74
Wed Dec 31 22:39:10 2025,704000000,EM_ANDAMENTO,N6H,b4ea607c
Wed Dec 31 22:39:11 2025,704500000,EM_ANDAMENTO,NpmfP1uEfTyR,0c2f9158
Wed Dec 31 22:39:13 2025,705000000,EM_ANDAMENTO,34d,f9290d49
Wed Dec 31 22:39:15 2025,705500000,EM_ANDAMENTO,mOyWGTGy,9826517e
Wed Dec 31 22:39:16 2025,706000000,EM_ANDAMENTO,a,85c8de88
Wed Dec 31 22:39:18 2025,706500000,EM_ANDAMENTO,ZNG,12d07feb
Wed Dec 31 22:39:19 2025,707000000,EM_ANDAMENTO,N6PjF,f2210acc
Wed Dec 31 22:39:21 2025,707500000,EM_ANDAMENTO,O5tEMYSHG75q,4d634186
Wed Dec 31 22:39:22 2025,708000000,EM_ANDAMENTO,dq8N2oG,d65fec71
Wed Dec 31 22:39:24 2025,708500000,EM_ANDAMENTO,hHTmslE,671e231b
Wed Dec 31 22:39:26 2025,709000000,EM_ANDAMENTO,u1CGDwecPV6,24a3573d
Wed Dec 31 22:39:27 2025,709500000,EM_ANDAMENTO,8B0pcI1aBP3,dcd71645
Wed Dec 31 22:39:29 2025,710000000,EM_ANDAMENTO,q7,d6da75ed
Wed Dec 31 22:39:30 2025,710500000,EM_ANDAMENTO,6COeVFLh4,2ddae8e5
Wed Dec 31 22:39:32 2025,711000000,EM_ANDAMENTO,RmShCE2x,ef8573fb
Wed Dec 31 22:39:33 2025,711500000,EM_ANDAMENTO,oRm2pE3,62f8a9de
Wed Dec 31 22:39:35 2025,712000000,EM_ANDAMENTO,N,9e1bfdab
Wed Dec 31 22:39:36 2025,712500000,EM_ANDAMENTO,u,4aed0987
Wed Dec 31 22:39:38 2025,713000000,EM_ANDAMENTO,uXO9sL,84ac422a
Wed Dec 31 22:39:40 2025,713500000,EM_ANDAMENTO,xD,08f46997
Wed Dec 31 22:39:41 2025,714000000,EM_ANDAMENTO,m09yUK4Y0FyY,2d090fdc
Wed Dec 31 22:39:43 2025,714500000,EM_ANDAMENTO,S5,078a2318
Wed Dec 31 22:39:44 2025,715000000,EM_ANDAMENTO,Y0Dx,e428cad6
Wed Dec 31 22:39:46 2025,715500000,EM_ANDAMENTO,vEf,964fff6c
Wed Dec 31 22:39:48 2025,716000000,EM_ANDAMENTO,eg4,d381928a
Wed Dec 31 22:39:49 2025,716500000,EM_ANDAMENTO,G7Bwke9jZk,5a97c6a4
Wed Dec 31 22:39:51 2025,717000000,EM_ANDAMENTO,9,d8ef0690
Wed Dec 31 22:39:52 2025,717500000,EM_ANDAMENTO,HzbjlsF,205e847a
Wed Dec 31 22:39:54 2025,718000000,EM_ANDAMENTO,71EOMoUdXlpF,41f7e863
Wed Dec 31 22:39:55 2025,718500000,EM_ANDAMENTO,gEB5,54eaea21
Wed Dec 31 22:39:57 2025,719000000,EM_ANDAMENTO,MEBbSsMqk4,43c67771
Wed Dec 31 22:39:58 2025,719500000,EM_ANDAMENTO,Lg,4afe4ff3
Wed Dec 31 22:40:00 2025,720000000,EM_ANDAMENTO,wqj6,9d1990c6
Wed Dec 31 22:40:02 2025,720500000,EM_ANDAMENTO,b1i2oL8FG,323120e3
Wed Dec 31 22:40:03 2025,721000000,EM_ANDAMENTO,7SJAOBks,234d4f93
Wed Dec 31 22:40:05 2025,721500000,EM_ANDAMENTO,w,1e332829
Wed Dec 31 22:40:06 2025,722000000,EM_ANDAMENTO,EPHPG,2f25c855
Wed Dec 31 22:40:08 2025,722500000,EM_ANDAMENTO,SdhxYjFIz0Il,090335a9
Wed Dec 31 22:40:09 2025,723000000,EM_ANDAMENTO,2VRPXsQQ9Chy,d3315629
Wed Dec 31 22:40:11 2025,723500000,EM_ANDAMENTO,k0qNPTlIN1Fa,e88bdef1
Wed Dec 31 22:40:13 2025,724000000,EM_ANDAMENTO,0hdJogRM8dz,5e02daa1
Wed Dec 31 22:40:14 2025,724500000,EM_ANDAMENTO,cfuH6oZIFSS,c8765635
Wed Dec 31 22:40:16 2025,725000000,EM_ANDAMENTO,67kZTjIZ,8cde5b0a
Wed Dec 31 22:40:17 2025,725500000,EM_ANDAMENTO,s,bc5ac4a3
Wed Dec 31 22:40:19 2025,726000000,EM_ANDAMENTO,18Fi2eF2,a516539c
Wed Dec 31 22:40:20 2025,726500000,EM_ANDAMENTO,ETioo4,8730b55a
Wed Dec 31 22:40:22 2025,727000000,EM_ANDAMENTO,yUCx,57fb5ef2
Wed Dec 31 22:40:23 2025,727500000,EM_ANDAMENTO,Mpztu4NJrb,6bbf9115
Wed Dec 31 22:40:25 2025,728000000,EM_ANDAMENTO,fuL8PTaKgk,a109cf90
Wed Dec 31 22:40:27 2025,728500000,EM_ANDAMENTO,887cNPoWhae,5b2a07d8
Wed Dec 31 22:40:28 2025,729000000,EM_ANDAMENTO,Ahu0GwV6vn,73265bda
Wed Dec 31 22:40:30 2025,729500000,EM_ANDAMENTO,fV,1744614f
Wed Dec 31 22:40:31 2025,730000000,EM_ANDAMENTO,HLZOKOi,d18803bc
Wed Dec 31 22:40:33 2025,730500000,EM_ANDAMENTO,7pzfGyrhD,b4a38da4
Wed Dec 31 22:40:34 2025,731000000,EM_ANDAMENTO,Gd0,7295006d
Wed Dec 31 22:40:36 2025,731500000,EM_ANDAMENTO,oqDw7,ccdfb7c4
Wed Dec 31 22:40:37 2025,732000000,EM_ANDAMENTO,f4I5nP,603e115d
Wed Dec 31 22:40:39 2025,732500000,EM_ANDAMENTO,u,4aed0987
Wed Dec 31 22:40:40 2025,733000000,EM_ANDAMENTO,aT,fc743a03
Wed Dec 31 22:40:42 2025,733500000,EM_ANDAMENTO,j2prjM,ff7a086f
Wed Dec 31 22:40:44 2025,734000000,EM_ANDAMENTO,UnIEBYa,322eb2bc
Wed Dec 31 22:40:45 2025,734500000,EM_ANDAMENTO,a2aaee,49f60046
Wed Dec 31 22:40:47 2025,735000000,EM_ANDAMENTO,Mg3,d1d7d0a2
Wed Dec 31 22:40:48 2025,735500000,EM_ANDAMENTO,sI5yBt,fd48f16d
Wed Dec 31 22:40:50 2025,736000000,EM_ANDAMENTO,pIFkte,d4d2d588
Wed Dec 31 22:40:51 2025,736500000,EM_ANDAMENTO,9,d8ef0690
Wed Dec 31 22:40:53 2025,737000000,EM_ANDAMENTO,l,5238d98f
Wed Dec 31 22:40:55 2025,737500000,EM_ANDAMENTO,zZVLFfe1,4be182c9
Wed Dec 31 22:40:56 2025,738000000,EM_ANDAMENTO,W9sjqkT9,f87051b3
Wed Dec 31 22:40:58 2025,738500000,EM_ANDAMENTO,FFlnfJC,6f5ce6c7
Wed Dec 31 22:40:59 2025,739000000,EM_ANDAMENTO,Inkt8nx,6d7c1c03
Wed Dec 31 22:41:01 2025,739500000,EM_ANDAMENTO,J,5efe2fba
Wed Dec 31 22:41:02 2025,740000000,EM_ANDAMENTO,06xB5Bp8F,11005e40
Wed Dec 31 22:41:04 2025,740500000,EM_ANDAMENTO,q,87b8d13b
Wed Dec 31 22:41:05 2025,741000000,EM_ANDAMENTO,G5nULQ81lY,276c1bb3
Wed Dec 31 22:41:07 2025,741500000,EM_ANDAMENTO,c9IvcQW99,8b1b249b
Wed Dec 31 22:41:09 2025,742000000,EM_ANDAMENTO,f0,bf5312d0
Wed Dec 31 22:41:10 2025,742500000,EM_ANDAMENTO,kEgA,93385e6e
Wed Dec 31 22:41:12 2025,743000000,EM_ANDAMENTO,09MyPLiXmj,3de8978b
Wed Dec 31 22:41:13 2025,743500000,EM_ANDAMENTO,Akdor,aab68ffc
Wed Dec 31 22:41:15 2025,744000000,EM_ANDAMENTO,geb4Dys5,13347330
Wed Dec 31 22:41:16 2025,744500000,EM_ANDAMENTO,FUv,55cfd111
Wed Dec 31 22:41:18 2025,745000000,EM_ANDAMENTO,4ysNY,7873e7db
Wed Dec 31 22:41:19 2025,745500000,EM_ANDAMENTO,Hlg,d0eeb442
Wed Dec 31 22:41:21 2025,746000000,EM_ANDAMENTO,oGe,64251f8a
Wed Dec 31 22:41:22 2025,746500000,EM_ANDAMENTO,t,ef012cb5
Wed Dec 31 22:41:24 2025,747000000,EM_ANDAMENTO,4,f7275a1e
Wed Dec 31 22:41:26 2025,747500000,EM_ANDAMENTO,I6dp,5e5e2827
Wed Dec 31 22:41:27 2025,748000000,EM_ANDAMENTO,xN3,34dfc57b
Wed Dec 31 22:41:29 2025,748500000,EM_ANDAMENTO,cvBgEN7obP,67d65f89
Wed Dec 31 22:41:30 2025,749000000,EM_ANDAMENTO,uQbAX2H,6b4513ec
Wed Dec 31 22:41:32 2025,749500000,EM_ANDAMENTO,x6CGC,b84e2503
Wed Dec 31 22:41:34 2025,750000000,EM_ANDAMENTO,NdGwZs0xT,97a7fd54
Wed Dec 31 22:41:35 2025,750500000,EM_ANDAMENTO,91ASCIPGRTL,9aff9b77
Wed Dec 31 22:41:37 2025,751000000,EM_ANDAMENTO,V8m3RO,6c0f0480
Wed Dec 31 22:41:38 2025,751500000,EM_ANDAMENTO,v0odB04IUc,1e44da67
Wed Dec 31 22:41:40 2025,752000000,EM_ANDAMENTO,aYsnFKZj,d6922a7f
Wed Dec 31 22:41:41 2025,752500000,EM_ANDAMENTO,B5xGF0,aa95e94e
Wed Dec 31 22:41:43 2025,753000000,EM_ANDAMENTO,ab02,214cb2f0
Wed Dec 31 22:41:44 2025,753500000,EM_ANDAMENTO,n19w5pltALC,3ef89748
Wed Dec 31 22:41:46 2025,754000000,EM_ANDAMENTO,r,95434212
Wed Dec 31 22:41:47 2025,754500000,EM_ANDAMENTO,IBNrpbNdD,e469af4c
Wed Dec 31 22:41:49 2025,755000000,EM_ANDAMENTO,PazPLm,f648757f
Wed Dec 31 22:41:51 2025,755500000,EM_ANDAMENTO,cdWqUsJUTw,e0c801d2
Wed Dec 31 22:41:52 2025,756000000,EM_ANDAMENTO,0gDYjtQ,d2540e03
Wed Dec 31 22:41:54 2025,756500000,EM_ANDAMENTO,H5,8b00963f
Wed Dec 31 22:41:55 2025,757000000,EM_ANDAMENTO,Q,bd3d67b5
Wed Dec 31 22:41:57 2025,757500000,EM_ANDAMENTO,b19Xkam23v6J,d809a006
Wed Dec 31 22:41:58 2025,758000000,EM_ANDAMENTO,UDGX0Rabz,54f34d09
Wed Dec 31 22:42:00 2025,758500000,EM_ANDAMENTO,4rwCKtK,05354772
Wed Dec 31 22:42:02 2025,759000000,EM_ANDAMENTO,VfkfvlzWz,731007a7
Wed Dec 31 22:42:03 2025,759500000,EM_ANDAMENTO,RZu,ebd0f472
Wed Dec 31 22:42:05 2025,760000000,EM_ANDAMENTO,MXhaZuBVSKO2,1724d9e6
Wed Dec 31 22:42:07 2025,760500000,EM_ANDAMENTO,iG5lAKpq34X,e6d9a164
Wed Dec 31 22:42:08 2025,761000000,EM_ANDAMENTO,pStafR,6a3bf989
Wed Dec 31 22:42:10 2025,761500000,EM_ANDAMENTO,1vg,af6c7fc8
Wed Dec 31 22:42:11 2025,762000000,EM_ANDAMENTO,0EH7klesl,618bf79c
Wed Dec 31 22:42:13 2025,762500000,EM_ANDAMENTO,ATD,d88823b3
Wed Dec 31 22:42:14 2025,763000000,EM_ANDAMENTO,bwyVs4gHH,0e2d400c
Wed Dec 31 22:42:16 2025,763500000,EM_ANDAMENTO,PhBv8L,5d3b4b23
Wed Dec 31 22:42:17 2025,764000000,EM_ANDAMENTO,VjPVyx0Q5UpQ,dbec52a1
Wed Dec 31 22:42:19 2025,764500000,EM_ANDAMENTO,Pc,eef32270
Wed Dec 31 22:42:21 2025,765000000,EM_ANDAMENTO,4l3,7b641dc7
Wed Dec 31 22:42:22 2025,765500000,EM_ANDAMENTO,kgdknUcY,91433298
Wed Dec 31 22:42:24 2025,766000000,EM_ANDAMENTO,B,74865dbf
Wed Dec 31 22:42:25 2025,766500000,EM_ANDAMENTO,5s,50e08cd2
Wed Dec 31 22:42:27 2025,767000000,EM_ANDAMENTO,4GPCyx4OX,30c245c2
Wed Dec 31 22:42:28 2025,767500000,EM_ANDAMENTO,MtpTFDO3MXZ,40239381
Wed Dec 31 22:42:30 2025,768000000,EM_ANDAMENTO,p9f,03b8edff
Wed Dec 31 22:42:31 2025,768500000,EM_ANDAMENTO,oS6bJjvjgG,734158d0
Wed Dec 31 22:42:33 2025,769000000,EM_ANDAMENTO,yKDaigokAPO,89d4e8f1
Wed Dec 31 22:42:35 2025,769500000,EM_ANDAMENTO,z,bb66897e
Wed Dec 31 22:42:36 2025,770000000,EM_ANDAMENTO,uNx,62433997
Wed Dec 31 22:42:38 2025,770500000,EM_ANDAMENTO,QzGffpY,64e34f05
Wed Dec 31 22:42:39 2025,771000000,EM_ANDAMENTO,HzmwpeeaSo,ee3e68c7
Wed Dec 31 22:42:41 2025,771500000,EM_ANDAMENTO,D,f0695584
Wed Dec 31 22:42:42 2025,772000000,EM_ANDAMENTO,9CMJm,5ab68f94
Wed Dec 31 22:42:44 2025,772500000,EM_ANDAMENTO,utmy01SdLPaq,11637a84
Wed Dec 31 22:42:46 2025,773000000,EM_ANDAMENTO,On1eNNkm,5c0fc4c2
Wed Dec 31 22:42:47 2025,773500000,EM_ANDAMENTO,ZHQUiioinjy,80990087
Wed Dec 31 22:42:49 2025,774000000,EM_ANDAMENTO,gMHhIhqNTMqJ,39dc3489
Wed Dec 31 22:42:50 2025,774500000,EM_ANDAMENTO,oFaWD1jEnusl,4ad17fed
Wed Dec 31 22:42:52 2025,775000000,EM_ANDAMENTO,3WoDIbMkCpr,755d0cad
Wed Dec 31 22:42:53 2025,775500000,EM_ANDAMENTO,mxR1P38G63Bg,4c74e166
Wed Dec 31 22:42:55 2025,776000000,EM_ANDAMENTO,mcGRHX6y8D,576ee4db
Wed Dec 31 22:42:56 2025,776500000,EM_ANDAMENTO,SP,f4c5e48a
Wed Dec 31 22:42:58 2025,777000000,EM_ANDAMENTO,7Hbn,212ee0f5
Wed Dec 31 22:43:00 2025,777500000,EM_ANDAMENTO,H7OVbyHGHt,471a6b63
Wed Dec 31 22:43:01 2025,778000000,EM_ANDAMENTO,h5zS,a7e95637
Wed Dec 31 22:43:03 2025,778500000,EM_ANDAMENTO,fdxppZ,0320b348
Wed Dec 31 22:43:04 2025,779000000,EM_ANDAMENTO,PxzdkqRZD,b6e59714
Wed Dec 31 22:43:06 2025,779500000,EM_ANDAMENTO,k5kt6dTGOYC,95a684ce
Wed Dec 31 22:43:07 2025,780000000,EM_ANDAMENTO,t8tDmWd,aa409bae
Wed Dec 31 22:43:09 2025,780500000,EM_ANDAMENTO,d,5943bb0f
Wed Dec 31 22:43:10 2025,781000000,EM_ANDAMENTO,1ZtbSg1l,b9729b23
Wed Dec 31 22:43:12 2025,781500000,EM_ANDAMENTO,yI,bf548833
Wed Dec 31 22:43:14 2025,782000000,EM_ANDAMENTO,YpLntvQX6,c26ac7a3
Wed Dec 31 22:43:15 2025,782500000,EM_ANDAMENTO,KMXzhzxLNFp,81a3220e
Wed Dec 31 22:43:17 2025,783000000,EM_ANDAMENTO,t6cT1i,26aa78f9
Wed Dec 31 22:43:18 2025,783500000,EM_ANDAMENTO,JbgcNYNLSN1N,8e8640d0
Wed Dec 31 22:43:20 2025,784000000,EM_ANDAMENTO,KKlA,06b5e7a3
Wed Dec 31 22:43:21 2025,784500000,EM_ANDAMENTO,kfDBrBZRyseE,dadf8069
Wed Dec 31 22:43:23 2025,785000000,EM_ANDAMENTO,7Xa9Ynpqb,51bdd712
Wed Dec 31 22:43:25 2025,785500000,EM_ANDAMENTO,B,74865dbf
Wed Dec 31 22:43:26 2025,786000000,EM_ANDAMENTO,L5G8m,8028b8da
Wed Dec 31 22:43:28 2025,786500000,EM_ANDAMENTO,K,58a8694c
Wed Dec 31 22:43:29 2025,787000000,EM_ANDAMENTO,QlvmD,14307384
Wed Dec 31 22:43:31 2025,787500000,EM_ANDAMENTO,dWdx8Tuy,26e06264
Wed Dec 31 22:43:33 2025,788000000,EM_ANDAMENTO,kff,3a6535fd
Wed Dec 31 22:43:34 2025,788500000,EM_ANDAMENTO,Ay,19f055c4
Wed Dec 31 22:43:36 2025,789000000,EM_ANDAMENTO,LwwDpe,883521f8
Wed Dec 31 22:43:37 2025,789500000,EM_ANDAMENTO,UIR9wZolZBbI,87a9cdeb
Wed Dec 31 22:43:39 2025,790000000,EM_ANDAMENTO,lq0ch0XgXM,b75dfc50
Wed Dec 31 22:43:40 2025,790500000,EM_ANDAMENTO,o8GNM0v,434fe375
Wed Dec 31 22:43:42 2025,791000000,EM_ANDAMENTO,QAnxg19an,8231977c
Wed Dec 31 22:43:43 2025,791500000,EM_ANDAMENTO,de0a11ih,61078dca
Wed Dec 31 22:43:45 2025,792000000,EM_ANDAMENTO,U,286668ef
Wed Dec 31 22:43:46 2025,792500000,EM_ANDAMENTO,HFv,14e0edf7
Wed Dec 31 22:43:48 2025,793000000,EM_ANDAMENTO,xzn,5ea82c52
Wed Dec 31 22:43:50 2025,793500000,EM_ANDAMENTO,oGocKLOILKE,51e10e17
Wed Dec 31 22:43:51 2025,794000000,EM_ANDAMENTO,xec9z,3e1d33e7
Wed Dec 31 22:43:53 2025,794500000,EM_ANDAMENTO,Z1ri7XY,6b3cda55
Wed Dec 31 22:43:54 2025,795000000,EM_ANDAMENTO,IgcW4AD1jA,f1224720
Wed Dec 31 22:43:56 2025,795500000,EM_ANDAMENTO,74RbA1G,28f7b582
Wed Dec 31 22:43:57 2025,796000000,EM_ANDAMENTO,M,b969a39b
Wed Dec 31 22:43:59 2025,796500000,EM_ANDAMENTO,FQsaN6Jb,7e2c98c0
Wed Dec 31 22:44:01 2025,797000000,EM_ANDAMENTO,qBq5Xatbhb,da1af02a
Wed Dec 31 22:44:02 2025,797500000,EM_ANDAMENTO,tQ4vu,a4b93b0a
Wed Dec 31 22:44:04 2025,798000000,EM_ANDAMENTO,N1KTtNFi,2a1ff7d1
Wed Dec 31 22:44:05 2025,798500000,EM_ANDAMENTO,X39Ju7,13c06fc0
Wed Dec 31 22:44:07 2025,799000000,EM_ANDAMENTO,CzsO5sStyZC,4a212814
Wed Dec 31 22:44:08 2025,799500000,EM_ANDAMENTO,niXfl6cx,23504fa3
Wed Dec 31 22:44:10 2025,800000000,EM_ANDAMENTO,9BZ5RaA,88f00c3d
Wed Dec 31 22:44:11 2025,800500000,EM_ANDAMENTO,0oEO4GPH,211280d7
Wed Dec 31 22:44:13 2025,801000000,EM_ANDAMENTO,LnwWNyrF,4c098f3c
Wed Dec 31 22:44:15 2025,801500000,EM_ANDAMENTO,v,904f2f17
Wed Dec 31 22:44:16 2025,802000000,EM_ANDAMENTO,whYTaavd,fe3228fc
Wed Dec 31 22:44:18 2025,802500000,EM_ANDAMENTO,gL1Pl,534efb8e
Wed Dec 31 22:44:19 2025,803000000,EM_ANDAMENTO,Hn5,61bcd658
Wed Dec 31 22:44:21 2025,803500000,EM_ANDAMENTO,qyyfjxY9vvr0,810709a4
Wed Dec 31 22:44:22 2025,804000000,EM_ANDAMENTO,g02YvQyarh,ef808b44
Wed Dec 31 22:44:24 2025,804500000,EM_ANDAMENTO,GpPdA,8fe2049e
Wed Dec 31 22:44:26 2025,805000000,EM_ANDAMENTO,pMZy2O,02665760
Wed Dec 31 22:44:27 2025,805500000,EM_ANDAMENTO,3HuB32Vq2eni,9ce782e5
Wed Dec 31 22:44:29 2025,806000000,EM_ANDAMENTO,O,4ac61591
Wed Dec 31 22:44:30 2025,806500000,EM_ANDAMENTO,qM5P64LQIv,ff241cbb
Wed Dec 31 22:44:32 2025,807000000,EM_ANDAMENTO,xQaUhqmW4ix,c220496b
Wed Dec 31 22:44:33 2025,807500000,EM_ANDAMENTO,djnT3inL4e,7686a92f
Wed Dec 31 22:44:35 2025,808000000,EM_ANDAMENTO,0,628e79cf
Wed Dec 31 22:44:37 2025,808500000,EM_ANDAMENTO,aT,fc743a03
Wed Dec 31 22:44:38 2025,809000000,EM_ANDAMENTO,XFGW4nwO2,f0ca7bfd
Wed Dec 31 22:44:40 2025,809500000,EM_ANDAMENTO,u61HhKFo5lc,58c1038d
Wed Dec 31 22:44:41 2025,810000000,EM_ANDAMENTO,mKBbOzSJhF,7e147256
Wed Dec 31 22:44:43 2025,810500000,EM_ANDAMENTO,pQmPJ0k,982c6acb
Wed Dec 31 22:44:44 2025,811000000,EM_ANDAMENTO,UggrL,dd39349e
Wed Dec 31 22:44:46 2025,811500000,EM_ANDAMENTO,3VYSxdim,cfb310df
Wed Dec 31 22:44:47 2025,812000000,EM_ANDAMENTO,Defedy,f4c0d9c6
Wed Dec 31 22:44:49 2025,812500000,EM_ANDAMENTO,Vs8m,c76d7212
Wed Dec 31 22:44:51 2025,813000000,EM_ANDAMENTO,hfvl,f4da1680
Wed Dec 31 22:44:52 2025,813500000,EM_ANDAMENTO,sHrVlAYp,928966e7
Wed Dec 31 22:44:54 2025,814000000,EM_ANDAMENTO,8zFYQ,fbd96efd
Wed Dec 31 22:44:55 2025,814500000,EM_ANDAMENTO,o1o,7c5a9c1f
Wed Dec 31 22:44:57 2025,815000000,EM_ANDAMENTO,Vx,5444588f
Wed Dec 31 22:44:58 2025,815500000,EM_ANDAMENTO,FwbKIx7oDHs1,0d356c25
Wed Dec 31 22:45:00 2025,816000000,EM_ANDAMENTO,EXKHJQ,cec04ad2
Wed Dec 31 22:45:01 2025,816500000,EM_ANDAMENTO,g9JNU7IGss,1155da44
Wed Dec 31 22:45:03 2025,817000000,EM_ANDAMENTO,sUkmAR,dc97f0b6
Wed Dec 31 22:45:05 2025,817500000,EM_ANDAMENTO,86,7fcb47d3
Wed Dec 31 22:45:06 2025,818000000,EM_ANDAMENTO,6E,7b8bf51c
Wed Dec 31 22:45:08 2025,818500000,EM_ANDAMENTO,xPrf,f48d101a
Wed Dec 31 22:45:09 2025,819000000,EM_ANDAMENTO,zy,a06ede59
Wed Dec 31 22:45:11 2025,819500000,EM_ANDAMENTO,rq74EPkZ95,621286bc
Wed Dec 31 22:45:12 2025,820000000,EM_ANDAMENTO,yIY9,13bd303c
Wed Dec 31 22:45:14 2025,820500000,EM_ANDAMENTO,2MYOzvH7CU,cf752d66
Wed Dec 31 22:45:16 2025,821000000,EM_ANDAMENTO,izIvg7MaeHa,7f86ebca
Wed Dec 31 22:45:17 2025,821500000,EM_ANDAMENTO,3xqAEBbABz,3a65ac55
Wed Dec 31 22:45:19 2025,822000000,EM_ANDAMENTO,Ol8mPPo98AIS,a94ef8aa
Wed Dec 31 22:45:20 2025,822500000,EM_ANDAMENTO,JUDFGkHy7kNu,37425932
Wed Dec 31 22:45:22 2025,823000000,EM_ANDAMENTO,r,95434212
Wed Dec 31 22:45:23 2025,823500000,EM_ANDAMENTO,lhhHQt5,e2ed37e1
Wed Dec 31 22:45:25 2025,824000000,EM_ANDAMENTO,fDx3cAxgs,9c1e8774
Wed Dec 31 22:45:27 2025,824500000,EM_ANDAMENTO,N,9e1bfdab
Wed Dec 31 22:45:28 2025,825000000,EM_ANDAMENTO,j5,42471556
Wed Dec 31 22:45:30 2025,825500000,EM_ANDAMENTO,fOr7nwfH,316e8550
Wed Dec 31 22:45:31 2025,826000000,EM_ANDAMENTO,xH,ca988213
Wed Dec 31 22:45:33 2025,826500000,EM_ANDAMENTO,Cw30,290fc762
Wed Dec 31 22:45:34 2025,827000000,EM_ANDAMENTO,AGgr,9239b6e6
Wed Dec 31 22:45:36 2025,827500000,EM_ANDAMENTO,W4c6J8,7103caf4
Wed Dec 31 22:45:37 2025,828000000,EM_ANDAMENTO,JPMdPMPJ31,dc1092d0
Wed Dec 31 22:45:39 2025,828500000,EM_ANDAMENTO,vx,d53e7b8a
Wed Dec 31 22:45:40 2025,829000000,EM_ANDAMENTO,VNp,794f6de0
Wed Dec 31 22:45:42 2025,829500000,EM_ANDAMENTO,Yv4E,71ddfaa4
Wed Dec 31 22:45:44 2025,830000000,EM_ANDAMENTO,n,68f8ea7d
Wed Dec 31 22:45:45 2025,830500000,EM_ANDAMENTO,kLESS9wNYSjw,f496f46f
Wed Dec 31 22:45:47 2025,831000000,EM_ANDAMENTO,Ix5kbOjqj6,bd9faba3
Wed Dec 31 22:45:48 2025,831500000,EM_ANDAMENTO,H,db72f8cc
Wed Dec 31 22:45:50 2025,832000000,EM_ANDAMENTO,OtB0e,95ee8a15
Wed Dec 31 22:45:51 2025,832500000,EM_ANDAMENTO,vxPQgu,3c4d6d48
Wed Dec 31 22:45:53 2025,833000000,EM_ANDAMENTO,SwN,ca74965a
Wed Dec 31 22:45:54 2025,833500000,EM_ANDAMENTO,z2,a6a3e294
Wed Dec 31 22:45:56 2025,834000000,EM_ANDAMENTO,TAsMChF,ae8580b0
Wed Dec 31 22:45:58 2025,834500000,EM_ANDAMENTO,Zg6,03b7ddb3
Wed Dec 31 22:45:59 2025,835000000,EM_ANDAMENTO,1Avf,0b7996ec
Wed Dec 31 22:46:01 2025,835500000,EM_ANDAMENTO,173Xef0,dedd25a9
Wed Dec 31 22:46:02 2025,836000000,EM_ANDAMENTO,Vuwh2Tgoq,d556b169
Wed Dec 31 22:46:04 2025,836500000,EM_ANDAMENTO,fbMY,2e9c0dca
Wed Dec 31 22:46:05 2025,837000000,EM_ANDAMENTO,8KhgOPw,c2849dfd
Wed Dec 31 22:46:07 2025,837500000,EM_ANDAMENTO,EkKl0Af91CG,0bf1c1e7
Wed Dec 31 22:46:09 2025,838000000,EM_ANDAMENTO,X6HPQ80EhkaQ,feca9a61
Wed Dec 31 22:46:10 2025,838500000,EM_ANDAMENTO,zvgTEn,28e7cc23
Wed Dec 31 22:46:12 2025,839000000,EM_ANDAMENTO,D,f0695584
Wed Dec 31 22:46:13 2025,839500000,EM_ANDAMENTO,g,7a529e89
Wed Dec 31 22:46:15 2025,840000000,EM_ANDAMENTO,FLId,46a67c36
Wed Dec 31 22:46:16 2025,840500000,EM_ANDAMENTO,he4j,6437c637
Wed Dec 31 22:46:18 2025,841000000,EM_ANDAMENTO,yRiLmm4Au,9c3f6f60
Wed Dec 31 22:46:19 2025,841500000,EM_ANDAMENTO,VC8KDN1Ci,ed364913
Wed Dec 31 22:46:21 2025,842000000,EM_ANDAMENTO,1xdL,628d0f65
Wed Dec 31 22:46:22 2025,842500000,EM_ANDAMENTO,T,9dd7847b
Wed Dec 31 22:46:24 2025,843000000,EM_ANDAMENTO,dvNSohsgj09N,8df5aab3
Wed Dec 31 22:46:26 2025,843500000,EM_ANDAMENTO,UzM4e,6df45804
Wed Dec 31 22:46:27 2025,844000000,EM_ANDAMENTO,g3NgPk,2439d16b
Wed Dec 31 22:46:29 2025,844500000,EM_ANDAMENTO,AJ,95a19179
Wed Dec 31 22:46:30 2025,845000000,EM_ANDAMENTO,9m4qfch3d0j,4163f2e8
Wed Dec 31 22:46:32 2025,845500000,EM_ANDAMENTO,9KZ,8b4df7f2
Wed Dec 31 22:46:33 2025,846000000,EM_ANDAMENTO,gTImkzXkDE,d411a6e6
Wed Dec 31 22:46:35 2025,846500000,EM_ANDAMENTO,ZAygCiQKf8K,562347b8
Wed Dec 31 22:46:36 2025,847000000,EM_ANDAMENTO,8,cac75ec7
Wed Dec 31 22:46:38 2025,847500000,EM_ANDAMENTO,Ouz,2998c358
Wed Dec 31 22:46:40 2025,848000000,EM_ANDAMENTO,kDn8a,a769c00b
Wed Dec 31 22:46:42 2025,848500000,EM_ANDAMENTO,9pR,7ae9fdb9
Wed Dec 31 22:46:43 2025,849000000,EM_ANDAMENTO,ji,1fb49aa7
Wed Dec 31 22:46:45 2025,849500000,EM_ANDAMENTO,3MMuEsnpyvk,4b81effb
Wed Dec 31 22:46:47 2025,850000000,EM_ANDAMENTO,j0vcvQ,53e5c31d
Wed Dec 31 22:46:48 2025,850500000,EM_ANDAMENTO,WZA2geSBqa,05fa8987
Wed Dec 31 22:46:50 2025,851000000,EM_ANDAMENTO,tnM,a49d6a06
Wed Dec 31 22:46:51 2025,851500000,EM_ANDAMENTO,2Uh,56138d78
Wed Dec 31 22:46:53 2025,852000000,EM_ANDAMENTO,eo,4c8ea30c
Wed Dec 31 22:46:54 2025,852500000,EM_ANDAMENTO,bGob6xen,cb57bd39
Wed Dec 31 22:46:56 2025,853000000,EM_ANDAMENTO,y,4cccd98d
Wed Dec 31 22:46:57 2025,853500000,EM_ANDAMENTO,g,7a529e89
Wed Dec 31 22:46:59 2025,854000000,EM_ANDAMENTO,le2V3QqwK5rQ,5ed1ef89
Wed Dec 31 22:47:01 2025,854500000,EM_ANDAMENTO,ityroXfi,daecc23e
Wed Dec 31 22:47:02 2025,855000000,EM_ANDAMENTO,6,21d93093
Wed Dec 31 22:47:04 2025,855500000,EM_ANDAMENTO,exjQMmg9K,01724712
Wed Dec 31 22:47:05 2025,856000000,EM_ANDAMENTO,gQ,3bae9899
Wed Dec 31 22:47:07 2025,856500000,EM_ANDAMENTO,Mk7te,9d6785e2
Wed Dec 31 22:47:08 2025,857000000,EM_ANDAMENTO,c0e,153cf010
Wed Dec 31 22:47:10 2025,857500000,EM_ANDAMENTO,FNf,3dda2a89
Wed Dec 31 22:47:12 2025,858000000,EM_ANDAMENTO,0lZ0Gr,c14927db
Wed Dec 31 22:47:13 2025,858500000,EM_ANDAMENTO,w,1e332829
Wed Dec 31 22:47:15 2025,859000000,EM_ANDAMENTO,Gh,28e0917d
Wed Dec 31 22:47:16 2025,859500000,EM_ANDAMENTO,JqeZ,c1e9d5dd
Wed Dec 31 22:47:18 2025,860000000,EM_ANDAMENTO,u,4aed0987
Wed Dec 31 22:47:19 2025,860500000,EM_ANDAMENTO,wT4Cz,8cc4a1c1
Wed Dec 31 22:47:21 2025,861000000,EM_ANDAMENTO,0,628e79cf
Wed Dec 31 22:47:23 2025,861500000,EM_ANDAMENTO,DUnoxH4th,cf4a8c4b
Wed Dec 31 22:47:24 2025,862000000,EM_ANDAMENTO,Lu1MqMp,7002a639
Wed Dec 31 22:47:26 2025,862500000,EM_ANDAMENTO,ct0xnux,d6148cdf
Wed Dec 31 22:47:27 2025,863000000,EM_ANDAMENTO,GggPz2fH2Mk3,e9b0c690
Wed Dec 31 22:47:29 2025,863500000,EM_ANDAMENTO,5DjaS9,0f02fa4f
Wed Dec 31 22:47:30 2025,864000000,EM_ANDAMENTO,aD6RCPgE,1659ddae
Wed Dec 31 22:47:32 2025,864500000,EM_ANDAMENTO,sh1nk4QnOs,9086c215
Wed Dec 31 22:47:33 2025,865000000,EM_ANDAMENTO,AdZo,3b5dab78
Wed Dec 31 22:47:35 2025,865500000,EM_ANDAMENTO,Fd9pwFKC,f88e55de
Wed Dec 31 22:47:37 2025,866000000,EM_ANDAMENTO,vdrOVxke,e1b7d189
Wed Dec 31 22:47:38 2025,866500000,EM_ANDAMENTO,jUreBRUX,e6a53aa5
Wed Dec 31 22:47:40 2025,867000000,EM_ANDAMENTO,t,ef012cb5
Wed Dec 31 22:47:41 2025,867500000,EM_ANDAMENTO,h7DTlg3DH8,882c889d
Wed Dec 31 22:47:43 2025,868000000,EM_ANDAMENTO,8XEKmEmSafS,1ac59808
Wed Dec 31 22:47:44 2025,868500000,EM_ANDAMENTO,1piiEgpNcr3n,7968eada
Wed Dec 31 22:47:46 2025,869000000,EM_ANDAMENTO,JYvP,ba369c7d
Wed Dec 31 22:47:47 2025,869500000,EM_ANDAMENTO,IpH0vbyK,32c6b04d
Wed Dec 31 22:47:49 2025,870000000,EM_ANDAMENTO,NUYb5thdL6e1,cc135083
Wed Dec 31 22:47:51 2025,870500000,EM_ANDAMENTO,yNWA,555c3a23
Wed Dec 31 22:47:52 2025,871000000,EM_ANDAMENTO,rpRwN0,416b66c5
Wed Dec 31 22:47:54 2025,871500000,EM_ANDAMENTO,sFVvkX2GR,63bdf56f
Wed Dec 31 22:47:55 2025,872000000,EM_ANDAMENTO,zbom,4db72300
Wed Dec 31 22:47:57 2025,872500000,EM_ANDAMENTO,ABZt,f357b6f8
Wed Dec 31 22:47:58 2025,873000000,EM_ANDAMENTO,F6p9M66,4d5f380e
Wed Dec 31 22:48:00 2025,873500000,EM_ANDAMENTO,q4,0883d5c9
Wed Dec 31 22:48:02 2025,874000000,EM_ANDAMENTO,g65Rk7szBf,88b9a8ac
Wed Dec 31 22:48:03 2025,874500000,EM_ANDAMENTO,o,a0b20673
Wed Dec 31 22:48:05 2025,875000000,EM_ANDAMENTO,4kLMLkJFh5,acaccac7
Wed Dec 31 22:48:06 2025,875500000,EM_ANDAMENTO,vA379wmUy,b981fad4
Wed Dec 31 22:48:08 2025,876000000,EM_ANDAMENTO,qByHF8d,fc121b53
Wed Dec 31 22:48:09 2025,876500000,EM_ANDAMENTO,zAz,cc3d8f2a
Wed Dec 31 22:48:11 2025,877000000,EM_ANDAMENTO,Kt5Dvu,e8121a16
Wed Dec 31 22:48:13 2025,877500000,EM_ANDAMENTO,AP69,c5655710
Wed Dec 31 22:48:14 2025,878000000,EM_ANDAMENTO,HJtJDiBypwJ,4b0abfa9
Wed Dec 31 22:48:16 2025,878500000,EM_ANDAMENTO,x,e472c5e3
Wed Dec 31 22:48:17 2025,879000000,EM_ANDAMENTO,4neXwe,593ae5c6
Wed Dec 31 22:48:19 2025,879500000,EM_ANDAMENTO,IOjqB6YdJxYX,ec0675a3
Wed Dec 31 22:48:20 2025,880000000,EM_ANDAMENTO,Jx8DK9qeIQ,0bd7b163
Wed Dec 31 22:48:22 2025,880500000,EM_ANDAMENTO,gFjB,3fc81760
Wed Dec 31 22:48:23 2025,881000000,EM_ANDAMENTO,SihY6Wq,1d9e6633
Wed Dec 31 22:48:25 2025,881500000,EM_ANDAMENTO,BaknPJ9F,f3037058
Wed Dec 31 22:48:26 2025,882000000,EM_ANDAMENTO,w3xbr,d137c98f
Wed Dec 31 22:48:28 2025,882500000,EM_ANDAMENTO,aKPKdPcJm,4e89184a
Wed Dec 31 22:48:29 2025,883000000,EM_ANDAMENTO,wNFOeogVV,51f76b9c
Wed Dec 31 22:48:31 2025,883500000,EM_ANDAMENTO,8WmDnM,d88d5780
Wed Dec 31 22:48:33 2025,884000000,EM_ANDAMENTO,ssE,d42fedc0
Wed Dec 31 22:48:34 2025,884500000,EM_ANDAMENTO,g,7a529e89
Wed Dec 31 22:48:36 2025,885000000,EM_ANDAMENTO,ktIpx4L,6146e0d4
Wed Dec 31 22:48:37 2025,885500000,EM_ANDAMENTO,fBngAuE9UV7,07939552
Wed Dec 31 22:48:39 2025,886000000,EM_ANDAMENTO,U,286668ef
Wed Dec 31 22:48:40 2025,886500000,EM_ANDAMENTO,c,a5c1009b
Wed Dec 31 22:48:42 2025,887000000,EM_ANDAMENTO,JNpPbTmsX,2f443437
Wed Dec 31 22:48:44 2025,887500000,EM_ANDAMENTO,6q8hBDQ,9c4e5bce
Wed Dec 31 22:48:45 2025,888000000,EM_ANDAMENTO,llX,14d9b2e2
Wed Dec 31 22:48:47 2025,888500000,EM_ANDAMENTO,wJ5Ny,97ebfd25
Wed Dec 31 22:48:48 2025,889000000,EM_ANDAMENTO,tmEH2neZs,c9af81c1
Wed Dec 31 22:48:50 2025,889500000,EM_ANDAMENTO,IwT204HlAaK,3df77a90
Wed Dec 31 22:48:51 2025,890000000,EM_ANDAMENTO,PAKMJl,39cb1661
Wed Dec 31 22:48:53 2025,890500000,EM_ANDAMENTO,gh3xTEy8P,f28d9bd3
Wed Dec 31 22:48:54 2025,891000000,EM_ANDAMENTO,0tzrfKlgKo,3a32d1aa
Wed Dec 31 22:48:56 2025,891500000,EM_ANDAMENTO,shBMtPjHW,5e85b381
Wed Dec 31 22:48:58 2025,892000000,EM_ANDAMENTO,U,286668ef
Wed Dec 31 22:48:59 2025,892500000,EM_ANDAMENTO,TP,f7ac3adb
Wed Dec 31 22:49:01 2025,893000000,EM_ANDAMENTO,aVzcQP,38d03a0b
Wed Dec 31 22:49:02 2025,893500000,EM_ANDAMENTO,aStbGAWvF,1103c8ee
Wed Dec 31 22:49:04 2025,894000000,EM_ANDAMENTO,i8,bec3cb26
Wed Dec 31 22:49:05 2025,894500000,EM_ANDAMENTO,Z,dad14f5a
Wed Dec 31 22:49:07 2025,895000000,EM_ANDAMENTO,e,bb2b536f
Wed Dec 31 22:49:08 2025,895500000,EM_ANDAMENTO,xeacxogu,5c9c732e
Wed Dec 31 22:49:10 2025,896000000,EM_ANDAMENTO,Y64oI9,921a0f85
Wed Dec 31 22:49:12 2025,896500000,EM_ANDAMENTO,q,87b8d13b
Wed Dec 31 22:49:13 2025,897000000,EM_ANDAMENTO,WXW,c678f32a
Wed Dec 31 22:49:15 2025,897500000,EM_ANDAMENTO,FlASF,3336867c
Wed Dec 31 22:49:16 2025,898000000,EM_ANDAMENTO,qo,885cd001
Wed Dec 31 22:49:18 2025,898500000,EM_ANDAMENTO,F4tq,1f1d946c
Wed Dec 31 22:49:19 2025,899000000,EM_ANDAMENTO,IwGsKYMIUa1,1c37cae8
Wed Dec 31 22:49:21 2025,899500000,EM_ANDAMENTO,ynh0nDtTnY,974e4a0e
Wed Dec 31 22:49:22 2025,900000000,EM_ANDAMENTO,ZeIUG,2fa733a4
Wed Dec 31 22:49:24 2025,900500000,EM_ANDAMENTO,GzmgrNB,99ffd098
Wed Dec 31 22:49:26 2025,901000000,EM_ANDAMENTO,6T30Bd0OH,be6e2ce1
Wed Dec 31 22:49:27 2025,901500000,EM_ANDAMENTO,p2R2kCyhTuvi,15d2d292
Wed Dec 31 22:49:29 2025,902000000,EM_ANDAMENTO,REtB,ac70699e
Wed Dec 31 22:49:30 2025,902500000,EM_ANDAMENTO,NmiSc,2b28c3ce
Wed Dec 31 22:49:32 2025,903000000,EM_ANDAMENTO,WKUgf7zf5utV,a9e94cd4
Wed Dec 31 22:49:33 2025,903500000,EM_ANDAMENTO,sBaqRs1o,101bbed5
Wed Dec 31 22:49:35 2025,904000000,EM_ANDAMENTO,yg5BPI8wRgUZ,187efb00
Wed Dec 31 22:49:36 2025,904500000,EM_ANDAMENTO,KXbm,1c4fc4f7
Wed Dec 31 22:49:38 2025,905000000,EM_ANDAMENTO,YtwBPM,ae7b99a5
Wed Dec 31 22:49:40 2025,905500000,EM_ANDAMENTO,Zn,167dc5cc
Wed Dec 31 22:49:41 2025,906000000,EM_ANDAMENTO,lXWRIaJj2ox2,5f7a57fb
Wed Dec 31 22:49:43 2025,906500000,EM_ANDAMENTO,Df5NuY1WzF5m,7193f495
Wed Dec 31 22:49:44 2025,907000000,EM_ANDAMENTO,0t,c5bf5e2b
Wed Dec 31 22:49:46 2025,907500000,EM_ANDAMENTO,vCSNGbn9wCvb,6a7cc79b
Wed Dec 31 22:49:47 2025,908000000,EM_ANDAMENTO,zMDxF4Ehkclt,87f54ba4
Wed Dec 31 22:49:49 2025,908500000,EM_ANDAMENTO,Q,bd3d67b5
Wed Dec 31 22:49:50 2025,909000000,EM_ANDAMENTO,JcrTL0EYD8QM,c4d56def
Wed Dec 31 22:49:52 2025,909500000,EM_ANDAMENTO,g5D3,6c97af3c
Wed Dec 31 22:49:54 2025,910000000,EM_ANDAMENTO,2fMzQG,d31d302e
Wed Dec 31 22:49:55 2025,910500000,EM_ANDAMENTO,LQnyHe14MN,c3d528b7
Wed Dec 31 22:49:57 2025,911000000,EM_ANDAMENTO,V,55360b71
Wed Dec 31 22:49:58 2025,911500000,EM_ANDAMENTO,CHDap,16c7c1fc
Wed Dec 31 22:50:00 2025,912000000,EM_ANDAMENTO,E1GfFthLdU,2519ac18
Wed Dec 31 22:50:01 2025,912500000,EM_ANDAMENTO,y8e0w83zRHdh,a0d0ad2c
Wed Dec 31 22:50:03 2025,913000000,EM_ANDAMENTO,PfYEUEWl,a30f6c14
Wed Dec 31 22:50:04 2025,913500000,EM_ANDAMENTO,H,db72f8cc
Wed Dec 31 22:50:06 2025,914000000,EM_ANDAMENTO,ZY,6a900399
Wed Dec 31 22:50:08 2025,914500000,EM_ANDAMENTO,xzZ5,a327bcbc
Wed Dec 31 22:50:09 2025,915000000,EM_ANDAMENTO,wHD7UTqZ0,55e54066
Wed Dec 31 22:50:11 2025,915500000,EM_ANDAMENTO,kwsGMO,d6a484c3
Wed Dec 31 22:50:12 2025,916000000,EM_ANDAMENTO,quFAYr,990dfcfd
Wed Dec 31 22:50:14 2025,916500000,EM_ANDAMENTO,AG1lN,868cf121
Wed Dec 31 22:50:15 2025,917000000,EM_ANDAMENTO,jcQD,e8a7158b
Wed Dec 31 22:50:17 2025,917500000,EM_ANDAMENTO,Y3JKlZSZ,8c3380df
Wed Dec 31 22:50:19 2025,918000000,EM_ANDAMENTO,M,b969a39b
Wed Dec 31 22:50:20 2025,918500000,EM_ANDAMENTO,A,a5ba3aee
Wed Dec 31 22:50:22 2025,919000000,EM_ANDAMENTO,tHnK,99ee344b
Wed Dec 31 22:50:23 2025,919500000,EM_ANDAMENTO,STRYe6Qx,97415dc2
Wed Dec 31 22:50:25 2025,920000000,EM_ANDAMENTO,3MboQVUh,2ef323a8
Wed Dec 31 22:50:26 2025,920500000,EM_ANDAMENTO,B9,894978ba
Wed Dec 31 22:50:28 2025,921000000,EM_ANDAMENTO,eg,2e6c93c3
Wed Dec 31 22:50:29 2025,921500000,EM_ANDAMENTO,KU,8624e127
Wed Dec 31 22:50:31 2025,922000000,EM_ANDAMENTO,RMBwy7N,7a750838
Wed Dec 31 22:50:33 2025,922500000,EM_ANDAMENTO,YywmAkiR7d,6c2915d9
Wed Dec 31 22:50:34 2025,923000000,EM_ANDAMENTO,V,55360b71
Wed Dec 31 22:50:36 2025,923500000,EM_ANDAMENTO,K,58a8694c
Wed Dec 31 22:50:37 2025,924000000,EM_ANDAMENTO,yJAPfZWFZXgm,cb47c05b
Wed Dec 31 22:50:39 2025,924500000,EM_ANDAMENTO,qTW1rLj,86c2ea25
Wed Dec 31 22:50:40 2025,925000000,EM_ANDAMENTO,bfuV9PgR,83d44719
Wed Dec 31 22:50:42 2025,925500000,EM_ANDAMENTO,5aoCj,77e8c4b8
Wed Dec 31 22:50:44 2025,926000000,EM_ANDAMENTO,cJ2EAP3ccVnb,d1ef189b
Wed Dec 31 22:50:45 2025,926500000,EM_ANDAMENTO,yb,cf6d4211
Wed Dec 31 22:50:47 2025,927000000,EM_ANDAMENTO,Zp,9a429481
Wed Dec 31 22:50:48 2025,927500000,EM_ANDAMENTO,BS2rvFIUMCb,87732b7c
Wed Dec 31 22:50:50 2025,928000000,EM_ANDAMENTO,j6upTDMoQC,d8a713eb
Wed Dec 31 22:50:51 2025,928500000,EM_ANDAMENTO,1vK,37208f1f
Wed Dec 31 22:50:53 2025,929000000,EM_ANDAMENTO,lW0AedyYDVaz,6b0d2200
Wed Dec 31 22:50:55 2025,929500000,EM_ANDAMENTO,KhXKaUTv,d16926a4
Wed Dec 31 22:50:56 2025,930000000,EM_ANDAMENTO,r4X5hEYmVc,64f8526a
Wed Dec 31 22:50:58 2025,930500000,EM_ANDAMENTO,z8dZW,c8721bfc
Wed Dec 31 22:50:59 2025,931000000,EM_ANDAMENTO,LYF,d98c72ad
Wed Dec 31 22:51:01 2025,931500000,EM_ANDAMENTO,s07NZh79F,999b3d19
Wed Dec 31 22:51:02 2025,932000000,EM_ANDAMENTO,OdhW4j3tx8,582cb3f9
Wed Dec 31 22:51:04 2025,932500000,EM_ANDAMENTO,sKHcVjF5B,52e1ba35
Wed Dec 31 22:51:05 2025,933000000,EM_ANDAMENTO,vRbGkPtYp,7936a692
Wed Dec 31 22:51:07 2025,933500000,EM_ANDAMENTO,06omI7mh,4bb2a8c0
Wed Dec 31 22:51:09 2025,934000000,EM_ANDAMENTO,R,613edcc8
Wed Dec 31 22:51:10 2025,934500000,EM_ANDAMENTO,DzsfICyyo,adb069d8
Wed Dec 31 22:51:12 2025,935000000,EM_ANDAMENTO,ajJlfiYu,fbd9556e
Wed Dec 31 22:51:13 2025,935500000,EM_ANDAMENTO,gf4T72X434n,5c7aa167
Wed Dec 31 22:51:15 2025,936000000,EM_ANDAMENTO,HtsrHMEW,e9e866b5
Wed Dec 31 22:51:16 2025,936500000,EM_ANDAMENTO,ihC,12b1667c
Wed Dec 31 22:51:18 2025,937000000,EM_ANDAMENTO,OMCljLvez,f96836d8
Wed Dec 31 22:51:20 2025,937500000,EM_ANDAMENTO,de,953ba433
Wed Dec 31 22:51:21 2025,938000000,EM_ANDAMENTO,auiWsyNHzA,206ea46c
Wed Dec 31 22:51:23 2025,938500000,EM_ANDAMENTO,O8,7507eb11
Wed Dec 31 22:51:24 2025,939000000,EM_ANDAMENTO,kxbpA7jfp,b21b29ce
Wed Dec 31 22:51:26 2025,939500000,EM_ANDAMENTO,MhLbo,ce173a29
Wed Dec 31 22:51:27 2025,940000000,EM_ANDAMENTO,x3Rohb4tfa,5ece43f8
Wed Dec 31 22:51:29 2025,940500000,EM_ANDAMENTO,xzx2jjiF75Ub,f92a506d
Wed Dec 31 22:51:30 2025,941000000,EM_ANDAMENTO,izBEuF,769f00b7
Wed Dec 31 22:51:32 2025,941500000,EM_ANDAMENTO,J1Hz,dcf54409
Wed Dec 31 22:51:34 2025,942000000,EM_ANDAMENTO,YFfLHU,bef71274
Wed Dec 31 22:51:35 2025,942500000,EM_ANDAMENTO,LvZYPtm7,521efb77
Wed Dec 31 22:51:37 2025,943000000,EM_ANDAMENTO,zqqsUzViz,aa24209a
Wed Dec 31 22:51:38 2025,943500000,EM_ANDAMENTO,oE,87d8fa34
Wed Dec 31 22:51:40 2025,944000000,EM_ANDAMENTO,K,58a8694c
Wed Dec 31 22:51:41 2025,944500000,EM_ANDAMENTO,n,68f8ea7d
Wed Dec 31 22:51:43 2025,945000000,EM_ANDAMENTO,aKmvPNKX,d3e3f8a4
Wed Dec 31 22:51:45 2025,945500000,EM_ANDAMENTO,gX,7ec718fd
Wed Dec 31 22:51:46 2025,946000000,EM_ANDAMENTO,UlXhvodgx,9d689901
Wed Dec 31 22:51:48 2025,946500000,EM_ANDAMENTO,6LD7ui,01d7558c
Wed Dec 31 22:51:49 2025,947000000,EM_ANDAMENTO,2Oo6Fdk,c8359f0c
Wed Dec 31 22:51:51 2025,947500000,EM_ANDAMENTO,dbr0iRjeu,0e5e8b12
Wed Dec 31 22:51:52 2025,948000000,EM_ANDAMENTO,EpVNAnF,8d039fce
Wed Dec 31 22:51:54 2025,948500000,EM_ANDAMENTO,xSsf9,10c4fc85
Wed Dec 31 22:51:56 2025,949000000,EM_ANDAMENTO,k8WdS3NcU,e25bdec7
Wed Dec 31 22:51:57 2025,949500000,EM_ANDAMENTO,neJLL,49eedc55
Wed Dec 31 22:51:59 2025,950000000,EM_ANDAMENTO,PYlTQZ,5b321a10
Wed Dec 31 22:52:00 2025,950500000,EM_ANDAMENTO,bHtAx,1662133c
Wed Dec 31 22:52:02 2025,951000000,EM_ANDAMENTO,A9t,f9c53714
Wed Dec 31 22:52:03 2025,951500000,EM_ANDAMENTO,A,a5ba3aee
Wed Dec 31 22:52:05 2025,952000000,EM_ANDAMENTO,U,286668ef
Wed Dec 31 22:52:06 2025,952500000,EM_ANDAMENTO,Oj1e5,49e7cad3
Wed Dec 31 22:52:08 2025,953000000,EM_ANDAMENTO,EnYD4uGLZ9ez,070b7cdf
Wed Dec 31 22:52:10 2025,953500000,EM_ANDAMENTO,XWSrn3,9e0400a6
Wed Dec 31 22:52:11 2025,954000000,EM_ANDAMENTO,cyNqllr,206faff7
Wed Dec 31 22:52:13 2025,954500000,EM_ANDAMENTO,h0aMb,0aa33659
Wed Dec 31 22:52:14 2025,955000000,EM_ANDAMENTO,zt,d2121540
Wed Dec 31 22:52:16 2025,955500000,EM_ANDAMENTO,WIhOrXvE,48e54dba
Wed Dec 31 22:52:17 2025,956000000,EM_ANDAMENTO,HW4M7GejJtr,4b7b0443
Wed Dec 31 22:52:19 2025,956500000,EM_ANDAMENTO,Zbu7O28,c5ca3235
Wed Dec 31 22:52:20 2025,957000000,EM_ANDAMENTO,7fWPOYzVUx8F,1ab45d8d
Wed Dec 31 22:52:22 2025,957500000,EM_ANDAMENTO,bMP3gt6CyjXH,0745bc3f
Wed Dec 31 22:52:24 2025,958000000,EM_ANDAMENTO,hre,5821c5ae
Wed Dec 31 22:52:25 2025,958500000,EM_ANDAMENTO,NkGVEvJGZ8,b8ab4ca3
Wed Dec 31 22:52:27 2025,959000000,EM_ANDAMENTO,vYT,038b67bc
Wed Dec 31 22:52:28 2025,959500000,EM_ANDAMENTO,5jF9a5Vg,e5a4adb8
Wed Dec 31 22:52:30 2025,960000000,EM_ANDAMENTO,Wk8r65,e648ad9b
Wed Dec 31 22:52:31 2025,960500000,EM_ANDAMENTO,FSsM,68819da3
Wed Dec 31 22:52:33 2025,961000000,EM_ANDAMENTO,7zl2OoQr,e818399d
Wed Dec 31 22:52:34 2025,961500000,EM_ANDAMENTO,LsrABp,b7572a50
Wed Dec 31 22:52:36 2025,962000000,EM_ANDAMENTO,yCyM,9fbd4fb5
Wed Dec 31 22:52:38 2025,962500000,EM_ANDAMENTO,5Jgqf0D4RBu,ee6ab667
Wed Dec 31 22:52:39 2025,963000000,EM_ANDAMENTO,hZodYZ4,9bc0c848
Wed Dec 31 22:52:41 2025,963500000,EM_ANDAMENTO,tru,3a36c45d
Wed Dec 31 22:52:42 2025,964000000,EM_ANDAMENTO,IKWt,1907edcf
Wed Dec 31 22:52:44 2025,964500000,EM_ANDAMENTO,7Gy35r2BbS,e6603705
Wed Dec 31 22:52:45 2025,965000000,EM_ANDAMENTO,S,9934d41d
Wed Dec 31 22:52:47 2025,965500000,EM_ANDAMENTO,EJ9AS,3f9084bd
Wed Dec 31 22:52:49 2025,966000000,EM_ANDAMENTO,1zfaTk,e329180f
Wed Dec 31 22:52:50 2025,966500000,EM_ANDAMENTO,1KObiyNNpuD,913a93ab
Wed Dec 31 22:52:52 2025,967000000,EM_ANDAMENTO,iyU,9098e816
Wed Dec 31 22:52:53 2025,967500000,EM_ANDAMENTO,kilp9dxd,cb003ee0
Wed Dec 31 22:52:55 2025,968000000,EM_ANDAMENTO,apbIbHLA,14a6c62f
Wed Dec 31 22:52:56 2025,968500000,EM_ANDAMENTO,UwqEa,581e3d75
Wed Dec 31 22:52:58 2025,969000000,EM_ANDAMENTO,F3k,575d43e4
Wed Dec 31 22:53:00 2025,969500000,EM_ANDAMENTO,6Lq9fYm7,e2397ce4
Wed Dec 31 22:53:01 2025,970000000,EM_ANDAMENTO,mrc23wD0WQQM,84a58dca
Wed Dec 31 22:53:03 2025,970500000,EM_ANDAMENTO,XGv1Ol,7b200862
Wed Dec 31 22:53:04 2025,971000000,EM_ANDAMENTO,yujv59UbFcy,aa2b36ec
Wed Dec 31 22:53:06 2025,971500000,EM_ANDAMENTO,9sc,3a1a0cb9
Wed Dec 31 22:53:07 2025,972000000,EM_ANDAMENTO,eCQwKcQa,a4688005
Wed Dec 31 22:53:09 2025,972500000,EM_ANDAMENTO,a,85c8de88
Wed Dec 31 22:53:10 2025,973000000,EM_ANDAMENTO,YUT6UxkMAVH,ac9bfd41
Wed Dec 31 22:53:12 2025,973500000,EM_ANDAMENTO,wy9,2e92f960
Wed Dec 31 22:53:14 2025,974000000,EM_ANDAMENTO,1Lu9xh6QfwN,4a6384f4
Wed Dec 31 22:53:15 2025,974500000,EM_ANDAMENTO,HwcOV,8f4939cf
Wed Dec 31 22:53:17 2025,975000000,EM_ANDAMENTO,Bpq44RteX2,943fc396
Wed Dec 31 22:53:18 2025,975500000,EM_ANDAMENTO,XYh,010ec975
Wed Dec 31 22:53:20 2025,976000000,EM_ANDAMENTO,gPN,7efd1b41
Wed Dec 31 22:53:21 2025,976500000,EM_ANDAMENTO,60,614a85c6
Wed Dec 31 22:53:23 2025,977000000,EM_ANDAMENTO,qUa67EFfhS1,d6dbc4f4
Wed Dec 31 22:53:25 2025,977500000,EM_ANDAMENTO,inWcXT4IK87,e42e39c4
Wed Dec 31 22:53:26 2025,978000000,EM_ANDAMENTO,0R,a23cef00
Wed Dec 31 22:53:28 2025,978500000,EM_ANDAMENTO,ueCEHNq,11d086df
Wed Dec 31 22:53:29 2025,979000000,EM_ANDAMENTO,Bk,5dc4a265
Wed Dec 31 22:53:31 2025,979500000,EM_ANDAMENTO,SYK3IyaVW3q,30170385
Wed Dec 31 22:53:32 2025,980000000,EM_ANDAMENTO,29AudO4Y,8b73770e
Wed Dec 31 22:53:34 2025,980500000,EM_ANDAMENTO,O4,f722cffc
Wed Dec 31 22:53:36 2025,981000000,EM_ANDAMENTO,0w2,34dca9dd
Wed Dec 31 22:53:37 2025,981500000,EM_ANDAMENTO,H,db72f8cc
Wed Dec 31 22:53:39 2025,982000000,EM_ANDAMENTO,P8dFdi3MMP,da6044e2
Wed Dec 31 22:53:40 2025,982500000,EM_ANDAMENTO,RJ,5c0129de
Wed Dec 31 22:53:42 2025,983000000,EM_ANDAMENTO,kxnhAynsp,89138afc
Wed Dec 31 22:53:43 2025,983500000,EM_ANDAMENTO,LbZ9jTmS,55eb0fe9
Wed Dec 31 22:53:45 2025,984000000,EM_ANDAMENTO,z1IRwptGKP,2bd1bfac
Wed Dec 31 22:53:47 2025,984500000,EM_ANDAMENTO,NVBV2NA,cb14c5f4
Wed Dec 31 22:53:48 2025,985000000,EM_ANDAMENTO,iZJiQh,d17fbe77
Wed Dec 31 22:53:50 2025,985500000,EM_ANDAMENTO,hd7aKwvVCPZ,885e6f25
Wed Dec 31 22:53:51 2025,986000000,EM_ANDAMENTO,wBs3kPa,30632ee0
Wed Dec 31 22:53:53 2025,986500000,EM_ANDAMENTO,D,f0695584
Wed Dec 31 22:53:54 2025,987000000,EM_ANDAMENTO,I6FntmqTe,cec517b9
Wed Dec 31 22:53:56 2025,987500000,EM_ANDAMENTO,Zz,7e49d900
Wed Dec 31 22:53:57 2025,988000000,EM_ANDAMENTO,cL,850d5a60
Wed Dec 31 22:53:59 2025,988500000,EM_ANDAMENTO,6lmkbVXnrL,2332ce81
Wed Dec 31 22:54:01 2025,989000000,EM_ANDAMENTO,lgEvU5JW,69fe41ce
Wed Dec 31 22:54:02 2025,989500000,EM_ANDAMENTO,bpxo6QznNKXn,12bb67c0
Wed Dec 31 22:54:04 2025,990000000,EM_ANDAMENTO,lpV,c060533b
Wed Dec 31 22:54:05 2025,990500000,EM_ANDAMENTO,xUDTjeo,7bb926c0
Wed Dec 31 22:54:07 2025,991000000,EM_ANDAMENTO,IeF,8fd2aeb5
Wed Dec 31 22:54:08 2025,991500000,EM_ANDAMENTO,jKLu1S4RabfX,4b0cbc34
Wed Dec 31 22:54:10 2025,992000000,EM_ANDAMENTO,aoROICtDDyI,23904bb6
Wed Dec 31 22:54:12 2025,992500000,EM_ANDAMENTO,17R455mKN,1ed6a409
Wed Dec 31 22:54:13 2025,993000000,EM_ANDAMENTO,S4UwSopRQD,4a00a55d
Wed Dec 31 22:54:15 2025,993500000,EM_ANDAMENTO,TDDJ,9e965da5
Wed Dec 31 22:54:16 2025,994000000,EM_ANDAMENTO,YOTr6tDkTtoa,46f0edb3
Wed Dec 31 22:54:18 2025,994500000,EM_ANDAMENTO,r,95434212
Wed Dec 31 22:54:19 2025,995000000,EM_ANDAMENTO,C,2e9587f4
Wed Dec 31 22:54:21 2025,995500000,EM_ANDAMENTO,jzXZM,3c68c562
Wed Dec 31 22:54:22 2025,996000000,EM_ANDAMENTO,Rg,ae1e0dc0
Wed Dec 31 22:54:24 2025,996500000,EM_ANDAMENTO,3HfehePHtF,01dbc172
Wed Dec 31 22:54:26 2025,997000000,EM_ANDAMENTO,d8zHbbN,03869d86
Wed Dec 31 22:54:27 2025,997500000,EM_ANDAMENTO,PsybZXS,07a6152c
Wed Dec 31 22:54:29 2025,998000000,EM_ANDAMENTO,l,5238d98f
Wed Dec 31 22:54:30 2025,998500000,EM_ANDAMENTO,mKkD,c433839f
Wed Dec 31 22:54:32 2025,999000000,EM_ANDAMENTO,S,9934d41d
Wed Dec 31 22:54:33 2025,999500000,EM_ANDAMENTO,Vc,3483e4fb
Wed Dec 31 22:54:35 2025,1000000000,EM_ANDAMENTO,AJYdX3Fiwm98,fc5dd6e9
Wed Dec 31 22:54:36 2025,1000500000,EM_ANDAMENTO,g,7a529e89
Wed Dec 31 22:54:38 2025,1001000000,EM_ANDAMENTO,qQdVbgRf,c953dd9a
Wed Dec 31 22:54:40 2025,1001500000,EM_ANDAMENTO,sj,adf7eb12
Wed Dec 31 22:54:41 2025,1002000000,EM_ANDAMENTO,0QFWRu,68c6730c
Wed Dec 31 22:54:43 2025,1002500000,EM_ANDAMENTO,LAAZPXpqy,f657b58e
Wed Dec 31 22:54:44 2025,1003000000,EM_ANDAMENTO,ON,a490f34a
Wed Dec 31 22:54:46 2025,1003500000,EM_ANDAMENTO,7zNQ,ae43a661
Wed Dec 31 22:54:47 2025,1004000000,EM_ANDAMENTO,oFzwrJIZS,281fb23b
Wed Dec 31 22:54:49 2025,1004500000,EM_ANDAMENTO,LLdL7eWsr,c75597a8
Wed Dec 31 22:54:50 2025,1005000000,EM_ANDAMENTO,4fdGKpbApedE,80cb4199
Wed Dec 31 22:54:52 2025,1005500000,EM_ANDAMENTO,7ZEui5t59k,0918bbbb
Wed Dec 31 22:54:54 2025,1006000000,EM_ANDAMENTO,GJrxPIDKN4nR,cca4138b
Wed Dec 31 22:54:55 2025,1006500000,EM_ANDAMENTO,TU2h2,f48679ec
Wed Dec 31 22:54:57 2025,1007000000,EM_ANDAMENTO,m1Y5UPWt2ZEN,214cd895
Wed Dec 31 22:54:58 2025,1007500000,EM_ANDAMENTO,a0VcHuK,ce3d0f97
Wed Dec 31 22:55:00 2025,1008000000,EM_ANDAMENTO,MGbCnG4P7H,33f0d717
Wed Dec 31 22:55:01 2025,1008500000,EM_ANDAMENTO,RwoelN2GxF2,0908028c
Wed Dec 31 22:55:02 2025,1008676684,SUCESSO_FINAL,McCvPih,ac334beb
